id,code,label,cwe,source
1,"'''
OWASP Benchmark for Python v0.1

This file is part of the Open Web Application Security Project (OWASP) Benchmark Project.
For details, please see https://owasp.org/www-project-benchmark.

The OWASP Benchmark is free software: you can redistribute it and/or modify it under the terms
of the GNU General Public License as published by the Free Software Foundation, version 3.

The OWASP Benchmark is distributed in the hope that it will be useful, but WITHOUT ANY
WARRANTY; without even the implied warranty of MERCHANTABILITY or FITNESS FOR A PARTICULAR
PURPOSE. See the GNU General Public License for more details.

  Author: Theo Cartsonis
  Created: 2025
'''

from flask import redirect, url_for, request, make_response, render_template
from code.backend.data.raw.owasp.helpers.utils import escape_for_html

def init(app):

	@app.route('/benchmark/pathtraver-00/BenchmarkTest00001', methods=['GET'])
	def BenchmarkTest00001_get():
		response = make_response(render_template('web/pathtraver-00/BenchmarkTest00001.html'))
		response.set_cookie('BenchmarkTest00001', 'Filename',
			max_age=60*3,
			secure=True,
			path=request.path,
			domain='localhost')
		return response
		return BenchmarkTest00001_post()

	@app.route('/benchmark/pathtraver-00/BenchmarkTest00001', methods=['POST'])
	def BenchmarkTest00001_post():
		RESPONSE = """"

		import urllib.parse
		param = urllib.parse.unquote_plus(request.cookies.get(""BenchmarkTest00001"", ""noCookieValueSupplied""))

		bar = param

		import codecs
		import code.backend.data.raw.owasp.helpers.utils

		try:
			fileTarget = codecs.open(f'{code.backend.data.raw.owasp.helpers.utils.TESTFILES_DIR}/{bar}','r','utf-8')

			RESPONSE += (
				f""Access to file: \'{escape_for_html(fileTarget.name)}\' created.""
			)

			RESPONSE += (
				"" And file already exists.""
			)

		except FileNotFoundError:
			RESPONSE += (
				"" But file doesn't exist yet.""
			)

		return RESPONSE",Insecure File Handling,CWE-22,OWASP
2,"'''
OWASP Benchmark for Python v0.1

This file is part of the Open Web Application Security Project (OWASP) Benchmark Project.
For details, please see https://owasp.org/www-project-benchmark.

The OWASP Benchmark is free software: you can redistribute it and/or modify it under the terms
of the GNU General Public License as published by the Free Software Foundation, version 3.

The OWASP Benchmark is distributed in the hope that it will be useful, but WITHOUT ANY
WARRANTY; without even the implied warranty of MERCHANTABILITY or FITNESS FOR A PARTICULAR
PURPOSE. See the GNU General Public License for more details.

  Author: Theo Cartsonis
  Created: 2025
'''

from flask import redirect, url_for, request, make_response, render_template
from code.backend.data.raw.owasp.helpers.utils import escape_for_html

def init(app):

	@app.route('/benchmark/pathtraver-00/BenchmarkTest00002', methods=['GET'])
	def BenchmarkTest00002_get():
		response = make_response(render_template('web/pathtraver-00/BenchmarkTest00002.html'))
		response.set_cookie('BenchmarkTest00002', 'Filename',
			max_age=60*3,
			secure=True,
			path=request.path,
			domain='localhost')
		return response
		return BenchmarkTest00002_post()

	@app.route('/benchmark/pathtraver-00/BenchmarkTest00002', methods=['POST'])
	def BenchmarkTest00002_post():
		RESPONSE = """"

		import urllib.parse
		param = urllib.parse.unquote_plus(request.cookies.get(""BenchmarkTest00002"", ""noCookieValueSupplied""))

		bar = ""This should never happen""
		if 'should' in bar:
			bar = param

		import codecs
		import code.backend.data.raw.owasp.helpers.utils

		try:
			fileTarget = codecs.open(f'{code.backend.data.raw.owasp.helpers.utils.TESTFILES_DIR}/{bar}','r','utf-8')

			RESPONSE += (
				f""Access to file: \'{escape_for_html(fileTarget.name)}\' created.""
			)

			RESPONSE += (
				"" And file already exists.""
			)

		except FileNotFoundError:
			RESPONSE += (
				"" But file doesn't exist yet.""
			)

		return RESPONSE",Insecure File Handling,CWE-22,OWASP
3,"'''
OWASP Benchmark for Python v0.1

This file is part of the Open Web Application Security Project (OWASP) Benchmark Project.
For details, please see https://owasp.org/www-project-benchmark.

The OWASP Benchmark is free software: you can redistribute it and/or modify it under the terms
of the GNU General Public License as published by the Free Software Foundation, version 3.

The OWASP Benchmark is distributed in the hope that it will be useful, but WITHOUT ANY
WARRANTY; without even the implied warranty of MERCHANTABILITY or FITNESS FOR A PARTICULAR
PURPOSE. See the GNU General Public License for more details.

  Author: Theo Cartsonis
  Created: 2025
'''

from flask import redirect, url_for, request, make_response, render_template
from code.backend.data.raw.owasp.helpers.utils import escape_for_html

def init(app):

	@app.route('/benchmark/pathtraver-00/BenchmarkTest00003', methods=['GET'])
	def BenchmarkTest00003_get():
		response = make_response(render_template('web/pathtraver-00/BenchmarkTest00003.html'))
		response.set_cookie('BenchmarkTest00003', 'Filename',
			max_age=60*3,
			secure=True,
			path=request.path,
			domain='localhost')
		return response
		return BenchmarkTest00003_post()

	@app.route('/benchmark/pathtraver-00/BenchmarkTest00003', methods=['POST'])
	def BenchmarkTest00003_post():
		RESPONSE = """"

		import urllib.parse
		param = urllib.parse.unquote_plus(request.cookies.get(""BenchmarkTest00003"", ""noCookieValueSupplied""))

		import code.backend.data.raw.owasp.helpers.ThingFactory
		
		thing = code.backend.data.raw.owasp.helpers.ThingFactory.createThing()
		bar = thing.doSomething(param)

		import codecs
		import code.backend.data.raw.owasp.helpers.utils

		try:
			fileTarget = codecs.open(f'{code.backend.data.raw.owasp.helpers.utils.TESTFILES_DIR}/{bar}','r','utf-8')

			RESPONSE += (
				f""Access to file: \'{escape_for_html(fileTarget.name)}\' created.""
			)

			RESPONSE += (
				"" And file already exists.""
			)

		except FileNotFoundError:
			RESPONSE += (
				"" But file doesn't exist yet.""
			)

		return RESPONSE",Insecure File Handling,CWE-22,OWASP
4,"'''
OWASP Benchmark for Python v0.1

This file is part of the Open Web Application Security Project (OWASP) Benchmark Project.
For details, please see https://owasp.org/www-project-benchmark.

The OWASP Benchmark is free software: you can redistribute it and/or modify it under the terms
of the GNU General Public License as published by the Free Software Foundation, version 3.

The OWASP Benchmark is distributed in the hope that it will be useful, but WITHOUT ANY
WARRANTY; without even the implied warranty of MERCHANTABILITY or FITNESS FOR A PARTICULAR
PURPOSE. See the GNU General Public License for more details.

  Author: Theo Cartsonis
  Created: 2025
'''

from flask import redirect, url_for, request, make_response, render_template
from code.backend.data.raw.owasp.helpers.utils import escape_for_html

def init(app):

	@app.route('/benchmark/pathtraver-00/BenchmarkTest00004', methods=['GET'])
	def BenchmarkTest00004_get():
		response = make_response(render_template('web/pathtraver-00/BenchmarkTest00004.html'))
		response.set_cookie('BenchmarkTest00004', 'Filename',
			max_age=60*3,
			secure=True,
			path=request.path,
			domain='localhost')
		return response
		return BenchmarkTest00004_post()

	@app.route('/benchmark/pathtraver-00/BenchmarkTest00004', methods=['POST'])
	def BenchmarkTest00004_post():
		RESPONSE = """"

		import urllib.parse
		param = urllib.parse.unquote_plus(request.cookies.get(""BenchmarkTest00004"", ""noCookieValueSupplied""))

		num = 106
		
		bar = ""This_should_always_happen"" if 7 * 18 + num > 200 else param

		import codecs
		import code.backend.data.raw.owasp.helpers.utils

		try:
			fileTarget = codecs.open(f'{code.backend.data.raw.owasp.helpers.utils.TESTFILES_DIR}/{bar}','r','utf-8')

			RESPONSE += (
				f""Access to file: \'{escape_for_html(fileTarget.name)}\' created.""
			)

			RESPONSE += (
				"" And file already exists.""
			)

		except FileNotFoundError:
			RESPONSE += (
				"" But file doesn't exist yet.""
			)

		return RESPONSE",SAFE,CWE-22,OWASP
5,"'''
OWASP Benchmark for Python v0.1

This file is part of the Open Web Application Security Project (OWASP) Benchmark Project.
For details, please see https://owasp.org/www-project-benchmark.

The OWASP Benchmark is free software: you can redistribute it and/or modify it under the terms
of the GNU General Public License as published by the Free Software Foundation, version 3.

The OWASP Benchmark is distributed in the hope that it will be useful, but WITHOUT ANY
WARRANTY; without even the implied warranty of MERCHANTABILITY or FITNESS FOR A PARTICULAR
PURPOSE. See the GNU General Public License for more details.

  Author: Theo Cartsonis
  Created: 2025
'''

from flask import redirect, url_for, request, make_response, render_template
from code.backend.data.raw.owasp.helpers.utils import escape_for_html

def init(app):

	@app.route('/benchmark/pathtraver-00/BenchmarkTest00006', methods=['GET'])
	def BenchmarkTest00006_get():
		response = make_response(render_template('web/pathtraver-00/BenchmarkTest00006.html'))
		response.set_cookie('BenchmarkTest00006', 'FileName',
			max_age=60*3,
			secure=True,
			path=request.path,
			domain='localhost')
		return response
		return BenchmarkTest00006_post()

	@app.route('/benchmark/pathtraver-00/BenchmarkTest00006', methods=['POST'])
	def BenchmarkTest00006_post():
		RESPONSE = """"

		import urllib.parse
		param = urllib.parse.unquote_plus(request.cookies.get(""BenchmarkTest00006"", ""noCookieValueSupplied""))

		bar = """"
		if param:
			lst = []
			lst.append('safe')
			lst.append(param)
			lst.append('moresafe')
			lst.pop(0)
			bar = lst[0]

		import code.backend.data.raw.owasp.helpers.utils

		if '../' in bar:
			RESPONSE += (
				'File name must not contain \'../\''
			)
			return RESPONSE

		try:
			fileName = f'{code.backend.data.raw.owasp.helpers.utils.TESTFILES_DIR}/{bar}'
			fd = open(fileName, 'wb')
			RESPONSE += (
				f'Now ready to write to file: {escape_for_html(fileName)}'
			)
		except IOError as e:
			RESPONSE += (
				f'Problem reading from file \'{escape_for_html(fileName)}\': '
				f'{escape_for_html(e.strerror)}'
			)
		finally:
			try:
				if fd is not None:
					fd.close()
			except IOError:
				pass # ""// we tried...""

		return RESPONSE",SAFE,CWE-22,OWASP
6,"'''
OWASP Benchmark for Python v0.1

This file is part of the Open Web Application Security Project (OWASP) Benchmark Project.
For details, please see https://owasp.org/www-project-benchmark.

The OWASP Benchmark is free software: you can redistribute it and/or modify it under the terms
of the GNU General Public License as published by the Free Software Foundation, version 3.

The OWASP Benchmark is distributed in the hope that it will be useful, but WITHOUT ANY
WARRANTY; without even the implied warranty of MERCHANTABILITY or FITNESS FOR A PARTICULAR
PURPOSE. See the GNU General Public License for more details.

  Author: Theo Cartsonis
  Created: 2025
'''

from flask import redirect, url_for, request, make_response, render_template
from code.backend.data.raw.owasp.helpers.utils import escape_for_html

def init(app):

	@app.route('/benchmark/pathtraver-00/BenchmarkTest00007', methods=['GET'])
	def BenchmarkTest00007_get():
		response = make_response(render_template('web/pathtraver-00/BenchmarkTest00007.html'))
		response.set_cookie('BenchmarkTest00007', 'FileName',
			max_age=60*3,
			secure=True,
			path=request.path,
			domain='localhost')
		return response
		return BenchmarkTest00007_post()

	@app.route('/benchmark/pathtraver-00/BenchmarkTest00007', methods=['POST'])
	def BenchmarkTest00007_post():
		RESPONSE = """"

		import urllib.parse
		param = urllib.parse.unquote_plus(request.cookies.get(""BenchmarkTest00007"", ""noCookieValueSupplied""))

		string22532 = 'help'
		string22532 += param
		string22532 += 'snapes on a plane'
		bar = string22532[4:-17]

		import code.backend.data.raw.owasp.helpers.utils

		if '../' in bar:
			RESPONSE += (
				'File name must not contain \'../\''
			)
			return RESPONSE

		try:
			fileName = f'{code.backend.data.raw.owasp.helpers.utils.TESTFILES_DIR}/{bar}'
			fd = open(fileName, 'wb')
			RESPONSE += (
				f'Now ready to write to file: {escape_for_html(fileName)}'
			)
		except IOError as e:
			RESPONSE += (
				f'Problem reading from file \'{escape_for_html(fileName)}\': '
				f'{escape_for_html(e.strerror)}'
			)
		finally:
			try:
				if fd is not None:
					fd.close()
			except IOError:
				pass # ""// we tried...""

		return RESPONSE",SAFE,CWE-22,OWASP
7,"'''
OWASP Benchmark for Python v0.1

This file is part of the Open Web Application Security Project (OWASP) Benchmark Project.
For details, please see https://owasp.org/www-project-benchmark.

The OWASP Benchmark is free software: you can redistribute it and/or modify it under the terms
of the GNU General Public License as published by the Free Software Foundation, version 3.

The OWASP Benchmark is distributed in the hope that it will be useful, but WITHOUT ANY
WARRANTY; without even the implied warranty of MERCHANTABILITY or FITNESS FOR A PARTICULAR
PURPOSE. See the GNU General Public License for more details.

  Author: Theo Cartsonis
  Created: 2025
'''

from flask import redirect, url_for, request, make_response, render_template
from code.backend.data.raw.owasp.helpers.utils import escape_for_html

def init(app):

	@app.route('/benchmark/pathtraver-00/BenchmarkTest00008', methods=['GET'])
	def BenchmarkTest00008_get():
		response = make_response(render_template('web/pathtraver-00/BenchmarkTest00008.html'))
		response.set_cookie('BenchmarkTest00008', 'Filename',
			max_age=60*3,
			secure=True,
			path=request.path,
			domain='localhost')
		return response
		return BenchmarkTest00008_post()

	@app.route('/benchmark/pathtraver-00/BenchmarkTest00008', methods=['POST'])
	def BenchmarkTest00008_post():
		RESPONSE = """"

		import urllib.parse
		param = urllib.parse.unquote_plus(request.cookies.get(""BenchmarkTest00008"", ""noCookieValueSupplied""))

		TestParam = ""This should never happen""
		if 'should' not in TestParam:
			bar = ""Ifnot case passed""
		else:
			bar = param

		import pathlib
		import code.backend.data.raw.owasp.helpers.utils

		testfiles = pathlib.Path(code.backend.data.raw.owasp.helpers.utils.TESTFILES_DIR)
		p = testfiles / bar
		if p.exists():
			RESPONSE += ( f""File \'{escape_for_html(str(p))}\' exists."" )
		else:
			RESPONSE += ( f""File \'{escape_for_html(str(p))}\' does not exist."" )

		return RESPONSE",Insecure File Handling,CWE-22,OWASP
8,"'''
OWASP Benchmark for Python v0.1

This file is part of the Open Web Application Security Project (OWASP) Benchmark Project.
For details, please see https://owasp.org/www-project-benchmark.

The OWASP Benchmark is free software: you can redistribute it and/or modify it under the terms
of the GNU General Public License as published by the Free Software Foundation, version 3.

The OWASP Benchmark is distributed in the hope that it will be useful, but WITHOUT ANY
WARRANTY; without even the implied warranty of MERCHANTABILITY or FITNESS FOR A PARTICULAR
PURPOSE. See the GNU General Public License for more details.

  Author: Theo Cartsonis
  Created: 2025
'''

from flask import redirect, url_for, request, make_response, render_template
from code.backend.data.raw.owasp.helpers.utils import escape_for_html

def init(app):

	@app.route('/benchmark/pathtraver-00/BenchmarkTest00009', methods=['GET'])
	def BenchmarkTest00009_get():
		response = make_response(render_template('web/pathtraver-00/BenchmarkTest00009.html'))
		response.set_cookie('BenchmarkTest00009', 'FileName',
			max_age=60*3,
			secure=True,
			path=request.path,
			domain='localhost')
		return response
		return BenchmarkTest00009_post()

	@app.route('/benchmark/pathtraver-00/BenchmarkTest00009', methods=['POST'])
	def BenchmarkTest00009_post():
		RESPONSE = """"

		import urllib.parse
		param = urllib.parse.unquote_plus(request.cookies.get(""BenchmarkTest00009"", ""noCookieValueSupplied""))

		bar = param

		import pathlib
		import code.backend.data.raw.owasp.helpers.utils

		try:
			testfiles = pathlib.Path(code.backend.data.raw.owasp.helpers.utils.TESTFILES_DIR)
			p = (testfiles / bar).resolve()

			if not str(p).startswith(str(testfiles)):
				RESPONSE += (
					""Invalid Path.""
				)
				return RESPONSE

			RESPONSE += (
				f'The beginning of file: \'{escape_for_html(str(p))}\' is:\n\n'
				f'{escape_for_html(p.read_text()[:1000])}'
			)
		except OSError:
			RESPONSE += (
				f'Problem reading from file \'{{escape_for_html(fileName)}}\': '
				f'{escape_for_html(e.strerror)}'
			)

		return RESPONSE",SAFE,CWE-22,OWASP
9,"'''
OWASP Benchmark for Python v0.1

This file is part of the Open Web Application Security Project (OWASP) Benchmark Project.
For details, please see https://owasp.org/www-project-benchmark.

The OWASP Benchmark is free software: you can redistribute it and/or modify it under the terms
of the GNU General Public License as published by the Free Software Foundation, version 3.

The OWASP Benchmark is distributed in the hope that it will be useful, but WITHOUT ANY
WARRANTY; without even the implied warranty of MERCHANTABILITY or FITNESS FOR A PARTICULAR
PURPOSE. See the GNU General Public License for more details.

  Author: Theo Cartsonis
  Created: 2025
'''

from flask import redirect, url_for, request, make_response, render_template
from code.backend.data.raw.owasp.helpers.utils import escape_for_html

def init(app):

	@app.route('/benchmark/pathtraver-00/BenchmarkTest00010', methods=['GET'])
	def BenchmarkTest00010_get():
		response = make_response(render_template('web/pathtraver-00/BenchmarkTest00010.html'))
		response.set_cookie('BenchmarkTest00010', 'FileName',
			max_age=60*3,
			secure=True,
			path=request.path,
			domain='localhost')
		return response
		return BenchmarkTest00010_post()

	@app.route('/benchmark/pathtraver-00/BenchmarkTest00010', methods=['POST'])
	def BenchmarkTest00010_post():
		RESPONSE = """"

		import urllib.parse
		param = urllib.parse.unquote_plus(request.cookies.get(""BenchmarkTest00010"", ""noCookieValueSupplied""))

		num = 106
		
		bar = ""This_should_always_happen"" if 7 * 18 + num > 200 else param

		import pathlib
		import code.backend.data.raw.owasp.helpers.utils

		try:
			testfiles = pathlib.Path(code.backend.data.raw.owasp.helpers.utils.TESTFILES_DIR)
			p = (testfiles / bar).resolve()

			if not str(p).startswith(str(testfiles)):
				RESPONSE += (
					""Invalid Path.""
				)
				return RESPONSE

			RESPONSE += (
				f'The beginning of file: \'{escape_for_html(str(p))}\' is:\n\n'
				f'{escape_for_html(p.read_text()[:1000])}'
			)
		except OSError:
			RESPONSE += (
				f'Problem reading from file \'{{escape_for_html(fileName)}}\': '
				f'{escape_for_html(e.strerror)}'
			)

		return RESPONSE",SAFE,CWE-22,OWASP
10,"'''
OWASP Benchmark for Python v0.1

This file is part of the Open Web Application Security Project (OWASP) Benchmark Project.
For details, please see https://owasp.org/www-project-benchmark.

The OWASP Benchmark is free software: you can redistribute it and/or modify it under the terms
of the GNU General Public License as published by the Free Software Foundation, version 3.

The OWASP Benchmark is distributed in the hope that it will be useful, but WITHOUT ANY
WARRANTY; without even the implied warranty of MERCHANTABILITY or FITNESS FOR A PARTICULAR
PURPOSE. See the GNU General Public License for more details.

  Author: Theo Cartsonis
  Created: 2025
'''

from flask import redirect, url_for, request, make_response, render_template
from code.backend.data.raw.owasp.helpers.utils import escape_for_html

def init(app):

	@app.route('/benchmark/sqli-00/BenchmarkTest00011', methods=['GET'])
	def BenchmarkTest00011_get():
		response = make_response(render_template('web/sqli-00/BenchmarkTest00011.html'))
		response.set_cookie('BenchmarkTest00011', 'bar',
			max_age=60*3,
			secure=True,
			path=request.path,
			domain='localhost')
		return response
		return BenchmarkTest00011_post()

	@app.route('/benchmark/sqli-00/BenchmarkTest00011', methods=['POST'])
	def BenchmarkTest00011_post():
		RESPONSE = """"

		import urllib.parse
		param = urllib.parse.unquote_plus(request.cookies.get(""BenchmarkTest00011"", ""noCookieValueSupplied""))

		bar = ""This should never happen""
		if 'should' in bar:
			bar = param

		import code.backend.data.raw.owasp.helpers.db_sqlite

		sql = f'SELECT username from USERS where password = ?'
		con = code.backend.data.raw.owasp.helpers.db_sqlite.get_connection()
		cur = con.cursor()
		cur.execute(sql, (bar,))
		RESPONSE += (
			code.backend.data.raw.owasp.helpers.db_sqlite.results(cur, sql)
		)
		con.close()

		return RESPONSE",SAFE,CWE-89,OWASP
11,"'''
OWASP Benchmark for Python v0.1

This file is part of the Open Web Application Security Project (OWASP) Benchmark Project.
For details, please see https://owasp.org/www-project-benchmark.

The OWASP Benchmark is free software: you can redistribute it and/or modify it under the terms
of the GNU General Public License as published by the Free Software Foundation, version 3.

The OWASP Benchmark is distributed in the hope that it will be useful, but WITHOUT ANY
WARRANTY; without even the implied warranty of MERCHANTABILITY or FITNESS FOR A PARTICULAR
PURPOSE. See the GNU General Public License for more details.

  Author: Theo Cartsonis
  Created: 2025
'''

from flask import redirect, url_for, request, make_response, render_template
from code.backend.data.raw.owasp.helpers.utils import escape_for_html

def init(app):

	@app.route('/benchmark/sqli-00/BenchmarkTest00012', methods=['GET'])
	def BenchmarkTest00012_get():
		response = make_response(render_template('web/sqli-00/BenchmarkTest00012.html'))
		response.set_cookie('BenchmarkTest00012', 'bar',
			max_age=60*3,
			secure=True,
			path=request.path,
			domain='localhost')
		return response
		return BenchmarkTest00012_post()

	@app.route('/benchmark/sqli-00/BenchmarkTest00012', methods=['POST'])
	def BenchmarkTest00012_post():
		RESPONSE = """"

		import urllib.parse
		param = urllib.parse.unquote_plus(request.cookies.get(""BenchmarkTest00012"", ""noCookieValueSupplied""))

		string93844 = 'help'
		string93844 += param
		string93844 += 'snapes on a plane'
		bar = string93844[4:-17]

		import code.backend.data.raw.owasp.helpers.db_sqlite

		sql = f'SELECT username from USERS where password = ?'
		con = code.backend.data.raw.owasp.helpers.db_sqlite.get_connection()
		cur = con.cursor()
		cur.execute(sql, (bar,))
		RESPONSE += (
			code.backend.data.raw.owasp.helpers.db_sqlite.results(cur, sql)
		)
		con.close()

		return RESPONSE",SAFE,CWE-89,OWASP
12,"'''
OWASP Benchmark for Python v0.1

This file is part of the Open Web Application Security Project (OWASP) Benchmark Project.
For details, please see https://owasp.org/www-project-benchmark.

The OWASP Benchmark is free software: you can redistribute it and/or modify it under the terms
of the GNU General Public License as published by the Free Software Foundation, version 3.

The OWASP Benchmark is distributed in the hope that it will be useful, but WITHOUT ANY
WARRANTY; without even the implied warranty of MERCHANTABILITY or FITNESS FOR A PARTICULAR
PURPOSE. See the GNU General Public License for more details.

  Author: Theo Cartsonis
  Created: 2025
'''

from flask import redirect, url_for, request, make_response, render_template
from code.backend.data.raw.owasp.helpers.utils import escape_for_html

def init(app):

	@app.route('/benchmark/xss-00/BenchmarkTest00082', methods=['GET'])
	def BenchmarkTest00082_get():
		return BenchmarkTest00082_post()

	@app.route('/benchmark/xss-00/BenchmarkTest00082', methods=['POST'])
	def BenchmarkTest00082_post():
		RESPONSE = """"

		param = request.form.get(""BenchmarkTest00082"")
		if not param:
			param = """"

		map15517 = {}
		map15517['keyA-15517'] = 'a-Value'
		map15517['keyB-15517'] = param
		map15517['keyC'] = 'another-Value'
		bar = ""safe!""
		bar = map15517['keyB-15517']
		bar = map15517['keyA-15517']


		RESPONSE += (
			f'Parameter value: {bar}'
		)

		return RESPONSE",SAFE,CWE-79,OWASP
13,"'''
OWASP Benchmark for Python v0.1

This file is part of the Open Web Application Security Project (OWASP) Benchmark Project.
For details, please see https://owasp.org/www-project-benchmark.

The OWASP Benchmark is free software: you can redistribute it and/or modify it under the terms
of the GNU General Public License as published by the Free Software Foundation, version 3.

The OWASP Benchmark is distributed in the hope that it will be useful, but WITHOUT ANY
WARRANTY; without even the implied warranty of MERCHANTABILITY or FITNESS FOR A PARTICULAR
PURPOSE. See the GNU General Public License for more details.

  Author: Theo Cartsonis
  Created: 2025
'''

from flask import redirect, url_for, request, make_response, render_template
from code.backend.data.raw.owasp.helpers.utils import escape_for_html

def init(app):

	@app.route('/benchmark/xss-00/BenchmarkTest00083', methods=['GET'])
	def BenchmarkTest00083_get():
		return BenchmarkTest00083_post()

	@app.route('/benchmark/xss-00/BenchmarkTest00083', methods=['POST'])
	def BenchmarkTest00083_post():
		RESPONSE = """"

		param = request.form.get(""BenchmarkTest00083"")
		if not param:
			param = """"

		num = 86
		
		if 7 * 42 - num > 200:
			bar = 'This_should_always_happen'
		else:
			bar = param


		RESPONSE += (
			f'Parameter value: {bar}'
		)

		return RESPONSE",SAFE,CWE-79,OWASP
14,"'''
OWASP Benchmark for Python v0.1

This file is part of the Open Web Application Security Project (OWASP) Benchmark Project.
For details, please see https://owasp.org/www-project-benchmark.

The OWASP Benchmark is free software: you can redistribute it and/or modify it under the terms
of the GNU General Public License as published by the Free Software Foundation, version 3.

The OWASP Benchmark is distributed in the hope that it will be useful, but WITHOUT ANY
WARRANTY; without even the implied warranty of MERCHANTABILITY or FITNESS FOR A PARTICULAR
PURPOSE. See the GNU General Public License for more details.

  Author: Theo Cartsonis
  Created: 2025
'''

from flask import redirect, url_for, request, make_response, render_template
from code.backend.data.raw.owasp.helpers.utils import escape_for_html

def init(app):

	@app.route('/benchmark/pathtraver-00/BenchmarkTest00085', methods=['GET'])
	def BenchmarkTest00085_get():
		return BenchmarkTest00085_post()

	@app.route('/benchmark/pathtraver-00/BenchmarkTest00085', methods=['POST'])
	def BenchmarkTest00085_post():
		RESPONSE = """"

		param = request.form.get(""BenchmarkTest00085"")
		if not param:
			param = """"

		TestParam = ""This should never happen""
		if 'should' not in TestParam:
			bar = ""Ifnot case passed""
		else:
			bar = param

		import code.backend.data.raw.owasp.helpers.utils

		try:
			fileName = f'{code.backend.data.raw.owasp.helpers.utils.TESTFILES_DIR}/{bar}'
			fd = open(fileName, 'wb')
			RESPONSE += (
				f'Now ready to write to file: {escape_for_html(fileName)}'
			)
		except IOError as e:
			RESPONSE += (
				f'Problem reading from file \'{escape_for_html(fileName)}\': '
				f'{escape_for_html(e.strerror)}'
			)
		finally:
			try:
				if fd is not None:
					fd.close()
			except IOError:
				pass # ""// we tried...""

		return RESPONSE",Insecure File Handling,CWE-22,OWASP
15,"'''
OWASP Benchmark for Python v0.1

This file is part of the Open Web Application Security Project (OWASP) Benchmark Project.
For details, please see https://owasp.org/www-project-benchmark.

The OWASP Benchmark is free software: you can redistribute it and/or modify it under the terms
of the GNU General Public License as published by the Free Software Foundation, version 3.

The OWASP Benchmark is distributed in the hope that it will be useful, but WITHOUT ANY
WARRANTY; without even the implied warranty of MERCHANTABILITY or FITNESS FOR A PARTICULAR
PURPOSE. See the GNU General Public License for more details.

  Author: Theo Cartsonis
  Created: 2025
'''

from flask import redirect, url_for, request, make_response, render_template
from code.backend.data.raw.owasp.helpers.utils import escape_for_html

def init(app):

	@app.route('/benchmark/pathtraver-00/BenchmarkTest00086', methods=['GET'])
	def BenchmarkTest00086_get():
		return BenchmarkTest00086_post()

	@app.route('/benchmark/pathtraver-00/BenchmarkTest00086', methods=['POST'])
	def BenchmarkTest00086_post():
		RESPONSE = """"

		param = request.form.get(""BenchmarkTest00086"")
		if not param:
			param = """"

		num = 86
		
		if 7 * 42 - num > 200:
			bar = 'This_should_always_happen'
		else:
			bar = param

		import code.backend.data.raw.owasp.helpers.utils

		if '../' in bar:
			RESPONSE += (
				'File name must not contain \'../\''
			)
			return RESPONSE

		try:
			fileName = f'{code.backend.data.raw.owasp.helpers.utils.TESTFILES_DIR}/{bar}'
			fd = open(fileName, 'wb')
			RESPONSE += (
				f'Now ready to write to file: {escape_for_html(fileName)}'
			)
		except IOError as e:
			RESPONSE += (
				f'Problem reading from file \'{escape_for_html(fileName)}\': '
				f'{escape_for_html(e.strerror)}'
			)
		finally:
			try:
				if fd is not None:
					fd.close()
			except IOError:
				pass # ""// we tried...""

		return RESPONSE",SAFE,CWE-22,OWASP
16,"'''
OWASP Benchmark for Python v0.1

This file is part of the Open Web Application Security Project (OWASP) Benchmark Project.
For details, please see https://owasp.org/www-project-benchmark.

The OWASP Benchmark is free software: you can redistribute it and/or modify it under the terms
of the GNU General Public License as published by the Free Software Foundation, version 3.

The OWASP Benchmark is distributed in the hope that it will be useful, but WITHOUT ANY
WARRANTY; without even the implied warranty of MERCHANTABILITY or FITNESS FOR A PARTICULAR
PURPOSE. See the GNU General Public License for more details.

  Author: Theo Cartsonis
  Created: 2025
'''

from flask import redirect, url_for, request, make_response, render_template
from code.backend.data.raw.owasp.helpers.utils import escape_for_html

def init(app):

	@app.route('/benchmark/pathtraver-00/BenchmarkTest00087', methods=['GET'])
	def BenchmarkTest00087_get():
		return BenchmarkTest00087_post()

	@app.route('/benchmark/pathtraver-00/BenchmarkTest00087', methods=['POST'])
	def BenchmarkTest00087_post():
		RESPONSE = """"

		param = request.form.get(""BenchmarkTest00087"")
		if not param:
			param = """"

		import configparser
		
		bar = 'safe!'
		conf48394 = configparser.ConfigParser()
		conf48394.add_section('section48394')
		conf48394.set('section48394', 'keyA-48394', 'a-Value')
		conf48394.set('section48394', 'keyB-48394', param)
		bar = conf48394.get('section48394', 'keyB-48394')

		import os
		import code.backend.data.raw.owasp.helpers.utils

		fileName = f'{code.backend.data.raw.owasp.helpers.utils.TESTFILES_DIR}/{bar}'
		if os.path.exists(fileName):
			RESPONSE += ( f""File \'{escape_for_html(fileName)}\' exists."" )
		else:
			RESPONSE += ( f""File \'{escape_for_html(fileName)}\' does not exist."" )

		return RESPONSE",Insecure File Handling,CWE-22,OWASP
17,"'''
OWASP Benchmark for Python v0.1

This file is part of the Open Web Application Security Project (OWASP) Benchmark Project.
For details, please see https://owasp.org/www-project-benchmark.

The OWASP Benchmark is free software: you can redistribute it and/or modify it under the terms
of the GNU General Public License as published by the Free Software Foundation, version 3.

The OWASP Benchmark is distributed in the hope that it will be useful, but WITHOUT ANY
WARRANTY; without even the implied warranty of MERCHANTABILITY or FITNESS FOR A PARTICULAR
PURPOSE. See the GNU General Public License for more details.

  Author: Theo Cartsonis
  Created: 2025
'''

from flask import redirect, url_for, request, make_response, render_template
from code.backend.data.raw.owasp.helpers.utils import escape_for_html

def init(app):

	@app.route('/benchmark/pathtraver-00/BenchmarkTest00089', methods=['GET'])
	def BenchmarkTest00089_get():
		return BenchmarkTest00089_post()

	@app.route('/benchmark/pathtraver-00/BenchmarkTest00089', methods=['POST'])
	def BenchmarkTest00089_post():
		RESPONSE = """"

		param = request.form.get(""BenchmarkTest00089"")
		if not param:
			param = """"

		map83150 = {}
		map83150['keyA-83150'] = 'a-Value'
		map83150['keyB-83150'] = param
		map83150['keyC'] = 'another-Value'
		bar = map83150['keyB-83150']

		import pathlib
		import code.backend.data.raw.owasp.helpers.utils

		testfiles = pathlib.Path(code.backend.data.raw.owasp.helpers.utils.TESTFILES_DIR)
		p = testfiles / bar
		if p.exists():
			RESPONSE += ( f""File \'{escape_for_html(str(p))}\' exists."" )
		else:
			RESPONSE += ( f""File \'{escape_for_html(str(p))}\' does not exist."" )

		return RESPONSE",Insecure File Handling,CWE-22,OWASP
18,"'''
OWASP Benchmark for Python v0.1

This file is part of the Open Web Application Security Project (OWASP) Benchmark Project.
For details, please see https://owasp.org/www-project-benchmark.

The OWASP Benchmark is free software: you can redistribute it and/or modify it under the terms
of the GNU General Public License as published by the Free Software Foundation, version 3.

The OWASP Benchmark is distributed in the hope that it will be useful, but WITHOUT ANY
WARRANTY; without even the implied warranty of MERCHANTABILITY or FITNESS FOR A PARTICULAR
PURPOSE. See the GNU General Public License for more details.

  Author: Theo Cartsonis
  Created: 2025
'''

from flask import redirect, url_for, request, make_response, render_template
from code.backend.data.raw.owasp.helpers.utils import escape_for_html

def init(app):

	@app.route('/benchmark/pathtraver-00/BenchmarkTest00090', methods=['GET'])
	def BenchmarkTest00090_get():
		return BenchmarkTest00090_post()

	@app.route('/benchmark/pathtraver-00/BenchmarkTest00090', methods=['POST'])
	def BenchmarkTest00090_post():
		RESPONSE = """"

		param = request.form.get(""BenchmarkTest00090"")
		if not param:
			param = """"

		bar = ""alsosafe""
		if param:
			lst = []
			lst.append('safe')
			lst.append(param)
			lst.append('moresafe')
			lst.pop(0)
			bar = lst[1]

		import pathlib
		import code.backend.data.raw.owasp.helpers.utils

		testfiles = pathlib.Path(code.backend.data.raw.owasp.helpers.utils.TESTFILES_DIR)
		p = (testfiles / bar).resolve()

		if not str(p).startswith(str(testfiles)):
			RESPONSE += (
				""Invalid Path.""
			)
			return RESPONSE
		
		if p.exists():
			RESPONSE += ( f""File \'{escape_for_html(str(p))}\' exists."" )
		else:
			RESPONSE += ( f""File \'{escape_for_html(str(p))}\' does not exist."" )

		return RESPONSE",SAFE,CWE-22,OWASP
19,"'''
OWASP Benchmark for Python v0.1

This file is part of the Open Web Application Security Project (OWASP) Benchmark Project.
For details, please see https://owasp.org/www-project-benchmark.

The OWASP Benchmark is free software: you can redistribute it and/or modify it under the terms
of the GNU General Public License as published by the Free Software Foundation, version 3.

The OWASP Benchmark is distributed in the hope that it will be useful, but WITHOUT ANY
WARRANTY; without even the implied warranty of MERCHANTABILITY or FITNESS FOR A PARTICULAR
PURPOSE. See the GNU General Public License for more details.

  Author: Theo Cartsonis
  Created: 2025
'''

from flask import redirect, url_for, request, make_response, render_template
from code.backend.data.raw.owasp.helpers.utils import escape_for_html

def init(app):

	@app.route('/benchmark/pathtraver-00/BenchmarkTest00091', methods=['GET'])
	def BenchmarkTest00091_get():
		return BenchmarkTest00091_post()

	@app.route('/benchmark/pathtraver-00/BenchmarkTest00091', methods=['POST'])
	def BenchmarkTest00091_post():
		RESPONSE = """"

		param = request.form.get(""BenchmarkTest00091"")
		if not param:
			param = """"

		num = 106
		
		bar = ""This_should_always_happen"" if 7 * 18 + num > 200 else param

		import pathlib
		import code.backend.data.raw.owasp.helpers.utils

		testfiles = pathlib.Path(code.backend.data.raw.owasp.helpers.utils.TESTFILES_DIR)
		p = (testfiles / bar).resolve()

		if not str(p).startswith(str(testfiles)):
			RESPONSE += (
				""Invalid Path.""
			)
			return RESPONSE
		
		if p.exists():
			RESPONSE += ( f""File \'{escape_for_html(str(p))}\' exists."" )
		else:
			RESPONSE += ( f""File \'{escape_for_html(str(p))}\' does not exist."" )

		return RESPONSE",SAFE,CWE-22,OWASP
20,"'''
OWASP Benchmark for Python v0.1

This file is part of the Open Web Application Security Project (OWASP) Benchmark Project.
For details, please see https://owasp.org/www-project-benchmark.

The OWASP Benchmark is free software: you can redistribute it and/or modify it under the terms
of the GNU General Public License as published by the Free Software Foundation, version 3.

The OWASP Benchmark is distributed in the hope that it will be useful, but WITHOUT ANY
WARRANTY; without even the implied warranty of MERCHANTABILITY or FITNESS FOR A PARTICULAR
PURPOSE. See the GNU General Public License for more details.

  Author: Theo Cartsonis
  Created: 2025
'''

from flask import redirect, url_for, request, make_response, render_template
from code.backend.data.raw.owasp.helpers.utils import escape_for_html

def init(app):

	@app.route('/benchmark/pathtraver-00/BenchmarkTest00092', methods=['GET'])
	def BenchmarkTest00092_get():
		return BenchmarkTest00092_post()

	@app.route('/benchmark/pathtraver-00/BenchmarkTest00092', methods=['POST'])
	def BenchmarkTest00092_post():
		RESPONSE = """"

		param = request.form.get(""BenchmarkTest00092"")
		if not param:
			param = """"

		map56743 = {}
		map56743['keyA-56743'] = 'a-Value'
		map56743['keyB-56743'] = param
		map56743['keyC'] = 'another-Value'
		bar = map56743['keyB-56743']

		import pathlib
		import code.backend.data.raw.owasp.helpers.utils

		try:
			testfiles = pathlib.Path(code.backend.data.raw.owasp.helpers.utils.TESTFILES_DIR)
			p = testfiles / bar
			RESPONSE += (
				f'The beginning of file: \'{escape_for_html(str(p))}\' is:\n\n'
				f'{escape_for_html(p.read_text()[:1000])}'
			)
		except OSError:
			RESPONSE += (
				f'Problem reading from file \'{{escape_for_html(fileName)}}\': '
				f'{escape_for_html(e.strerror)}'
			)

		return RESPONSE",Insecure File Handling,CWE-22,OWASP
21,"'''
OWASP Benchmark for Python v0.1

This file is part of the Open Web Application Security Project (OWASP) Benchmark Project.
For details, please see https://owasp.org/www-project-benchmark.

The OWASP Benchmark is free software: you can redistribute it and/or modify it under the terms
of the GNU General Public License as published by the Free Software Foundation, version 3.

The OWASP Benchmark is distributed in the hope that it will be useful, but WITHOUT ANY
WARRANTY; without even the implied warranty of MERCHANTABILITY or FITNESS FOR A PARTICULAR
PURPOSE. See the GNU General Public License for more details.

  Author: Theo Cartsonis
  Created: 2025
'''

from flask import redirect, url_for, request, make_response, render_template
from code.backend.data.raw.owasp.helpers.utils import escape_for_html

def init(app):

	@app.route('/benchmark/pathtraver-00/BenchmarkTest00093', methods=['GET'])
	def BenchmarkTest00093_get():
		return BenchmarkTest00093_post()

	@app.route('/benchmark/pathtraver-00/BenchmarkTest00093', methods=['POST'])
	def BenchmarkTest00093_post():
		RESPONSE = """"

		param = request.form.get(""BenchmarkTest00093"")
		if not param:
			param = """"

		TestParam = ""This should never happen""
		if 'should' not in TestParam:
			bar = ""Ifnot case passed""
		else:
			bar = param

		import pathlib
		import code.backend.data.raw.owasp.helpers.utils

		try:
			testfiles = pathlib.Path(code.backend.data.raw.owasp.helpers.utils.TESTFILES_DIR)
			p = (testfiles / bar).resolve()

			if not str(p).startswith(str(testfiles)):
				RESPONSE += (
					""Invalid Path.""
				)
				return RESPONSE

			RESPONSE += (
				f'The beginning of file: \'{escape_for_html(str(p))}\' is:\n\n'
				f'{escape_for_html(p.read_text()[:1000])}'
			)
		except OSError:
			RESPONSE += (
				f'Problem reading from file \'{{escape_for_html(fileName)}}\': '
				f'{escape_for_html(e.strerror)}'
			)

		return RESPONSE",SAFE,CWE-22,OWASP
22,"'''
OWASP Benchmark for Python v0.1

This file is part of the Open Web Application Security Project (OWASP) Benchmark Project.
For details, please see https://owasp.org/www-project-benchmark.

The OWASP Benchmark is free software: you can redistribute it and/or modify it under the terms
of the GNU General Public License as published by the Free Software Foundation, version 3.

The OWASP Benchmark is distributed in the hope that it will be useful, but WITHOUT ANY
WARRANTY; without even the implied warranty of MERCHANTABILITY or FITNESS FOR A PARTICULAR
PURPOSE. See the GNU General Public License for more details.

  Author: Theo Cartsonis
  Created: 2025
'''

from flask import redirect, url_for, request, make_response, render_template
from code.backend.data.raw.owasp.helpers.utils import escape_for_html

def init(app):

	@app.route('/benchmark/pathtraver-00/BenchmarkTest00094', methods=['GET'])
	def BenchmarkTest00094_get():
		return BenchmarkTest00094_post()

	@app.route('/benchmark/pathtraver-00/BenchmarkTest00094', methods=['POST'])
	def BenchmarkTest00094_post():
		RESPONSE = """"

		param = request.form.get(""BenchmarkTest00094"")
		if not param:
			param = """"

		num = 106
		
		bar = ""This_should_always_happen"" if 7 * 18 + num > 200 else param

		import pathlib
		import code.backend.data.raw.owasp.helpers.utils

		try:
			testfiles = pathlib.Path(code.backend.data.raw.owasp.helpers.utils.TESTFILES_DIR)
			p = (testfiles / bar).resolve()

			if not str(p).startswith(str(testfiles)):
				RESPONSE += (
					""Invalid Path.""
				)
				return RESPONSE

			RESPONSE += (
				f'The beginning of file: \'{escape_for_html(str(p))}\' is:\n\n'
				f'{escape_for_html(p.read_text()[:1000])}'
			)
		except OSError:
			RESPONSE += (
				f'Problem reading from file \'{{escape_for_html(fileName)}}\': '
				f'{escape_for_html(e.strerror)}'
			)

		return RESPONSE",SAFE,CWE-22,OWASP
23,"'''
OWASP Benchmark for Python v0.1

This file is part of the Open Web Application Security Project (OWASP) Benchmark Project.
For details, please see https://owasp.org/www-project-benchmark.

The OWASP Benchmark is free software: you can redistribute it and/or modify it under the terms
of the GNU General Public License as published by the Free Software Foundation, version 3.

The OWASP Benchmark is distributed in the hope that it will be useful, but WITHOUT ANY
WARRANTY; without even the implied warranty of MERCHANTABILITY or FITNESS FOR A PARTICULAR
PURPOSE. See the GNU General Public License for more details.

  Author: Theo Cartsonis
  Created: 2025
'''

from flask import redirect, url_for, request, make_response, render_template
from code.backend.data.raw.owasp.helpers.utils import escape_for_html

def init(app):

	@app.route('/benchmark/pathtraver-00/BenchmarkTest00095', methods=['GET'])
	def BenchmarkTest00095_get():
		return BenchmarkTest00095_post()

	@app.route('/benchmark/pathtraver-00/BenchmarkTest00095', methods=['POST'])
	def BenchmarkTest00095_post():
		RESPONSE = """"

		param = request.form.get(""BenchmarkTest00095"")
		if not param:
			param = """"

		num = 106
		
		bar = ""This_should_always_happen"" if 7 * 18 + num > 200 else param

		import code.backend.data.raw.owasp.helpers.utils

		try:
			fileName = f'{code.backend.data.raw.owasp.helpers.utils.TESTFILES_DIR}/{bar}'
			with open(fileName, 'wb') as fd:
				RESPONSE += (
					f'Now ready to write to file: {escape_for_html(fileName)}'
				)
		except IOError as e:
			RESPONSE += (
				f'Problem reading from file \'{escape_for_html(fileName)}\': '
				f'{escape_for_html(e.strerror)}'
			)

		return RESPONSE",SAFE,CWE-22,OWASP
24,"'''
OWASP Benchmark for Python v0.1

This file is part of the Open Web Application Security Project (OWASP) Benchmark Project.
For details, please see https://owasp.org/www-project-benchmark.

The OWASP Benchmark is free software: you can redistribute it and/or modify it under the terms
of the GNU General Public License as published by the Free Software Foundation, version 3.

The OWASP Benchmark is distributed in the hope that it will be useful, but WITHOUT ANY
WARRANTY; without even the implied warranty of MERCHANTABILITY or FITNESS FOR A PARTICULAR
PURPOSE. See the GNU General Public License for more details.

  Author: Theo Cartsonis
  Created: 2025
'''

from flask import redirect, url_for, request, make_response, render_template
from code.backend.data.raw.owasp.helpers.utils import escape_for_html

def init(app):

	@app.route('/benchmark/xss-00/BenchmarkTest00097', methods=['GET'])
	def BenchmarkTest00097_get():
		return BenchmarkTest00097_post()

	@app.route('/benchmark/xss-00/BenchmarkTest00097', methods=['POST'])
	def BenchmarkTest00097_post():
		RESPONSE = """"

		param = request.form.get(""BenchmarkTest00097"")
		if not param:
			param = """"

		bar = ''
		if param:
			bar = param.split(' ')[0]


		otherarg = ""static text""
		RESPONSE += (
			f'bar is \'{bar}\' and otherarg is \'{otherarg}\''
		)

		return RESPONSE",Cross-Site Scripting,CWE-79,OWASP
25,"'''
OWASP Benchmark for Python v0.1

This file is part of the Open Web Application Security Project (OWASP) Benchmark Project.
For details, please see https://owasp.org/www-project-benchmark.

The OWASP Benchmark is free software: you can redistribute it and/or modify it under the terms
of the GNU General Public License as published by the Free Software Foundation, version 3.

The OWASP Benchmark is distributed in the hope that it will be useful, but WITHOUT ANY
WARRANTY; without even the implied warranty of MERCHANTABILITY or FITNESS FOR A PARTICULAR
PURPOSE. See the GNU General Public License for more details.

  Author: Theo Cartsonis
  Created: 2025
'''

from flask import redirect, url_for, request, make_response, render_template
from code.backend.data.raw.owasp.helpers.utils import escape_for_html

def init(app):

	@app.route('/benchmark/xss-00/BenchmarkTest00098', methods=['GET'])
	def BenchmarkTest00098_get():
		return BenchmarkTest00098_post()

	@app.route('/benchmark/xss-00/BenchmarkTest00098', methods=['POST'])
	def BenchmarkTest00098_post():
		RESPONSE = """"

		param = request.form.get(""BenchmarkTest00098"")
		if not param:
			param = """"

		import configparser
		
		bar = 'safe!'
		conf43475 = configparser.ConfigParser()
		conf43475.add_section('section43475')
		conf43475.set('section43475', 'keyA-43475', 'a-Value')
		conf43475.set('section43475', 'keyB-43475', param)
		bar = conf43475.get('section43475', 'keyB-43475')


		dict = {}
		dict['bar'] = bar
		dict['otherarg'] = 'this is it'
		RESPONSE += (
			'bar is \'{0[bar]}\' and otherarg is \'{0[otherarg]}\''.format(dict)
		)

		return RESPONSE",Cross-Site Scripting,CWE-79,OWASP
26,"'''
OWASP Benchmark for Python v0.1

This file is part of the Open Web Application Security Project (OWASP) Benchmark Project.
For details, please see https://owasp.org/www-project-benchmark.

The OWASP Benchmark is free software: you can redistribute it and/or modify it under the terms
of the GNU General Public License as published by the Free Software Foundation, version 3.

The OWASP Benchmark is distributed in the hope that it will be useful, but WITHOUT ANY
WARRANTY; without even the implied warranty of MERCHANTABILITY or FITNESS FOR A PARTICULAR
PURPOSE. See the GNU General Public License for more details.

  Author: Theo Cartsonis
  Created: 2025
'''

from flask import redirect, url_for, request, make_response, render_template
from code.backend.data.raw.owasp.helpers.utils import escape_for_html

def init(app):

	@app.route('/benchmark/sqli-00/BenchmarkTest00099', methods=['GET'])
	def BenchmarkTest00099_get():
		return BenchmarkTest00099_post()

	@app.route('/benchmark/sqli-00/BenchmarkTest00099', methods=['POST'])
	def BenchmarkTest00099_post():
		RESPONSE = """"

		param = request.form.get(""BenchmarkTest00099"")
		if not param:
			param = """"

		import configparser
		
		bar = 'safe!'
		conf52528 = configparser.ConfigParser()
		conf52528.add_section('section52528')
		conf52528.set('section52528', 'keyA-52528', 'a-Value')
		conf52528.set('section52528', 'keyB-52528', param)
		bar = conf52528.get('section52528', 'keyB-52528')

		import code.backend.data.raw.owasp.helpers.db_sqlite

		sql = f'SELECT username from USERS where password = \'{bar}\''
		con = code.backend.data.raw.owasp.helpers.db_sqlite.get_connection()
		cur = con.cursor()
		cur.execute(sql)
		RESPONSE += (
			code.backend.data.raw.owasp.helpers.db_sqlite.results(cur, sql)
		)
		con.close()

		return RESPONSE",SQL Injection,CWE-89,OWASP
27,"'''
OWASP Benchmark for Python v0.1

This file is part of the Open Web Application Security Project (OWASP) Benchmark Project.
For details, please see https://owasp.org/www-project-benchmark.

The OWASP Benchmark is free software: you can redistribute it and/or modify it under the terms
of the GNU General Public License as published by the Free Software Foundation, version 3.

The OWASP Benchmark is distributed in the hope that it will be useful, but WITHOUT ANY
WARRANTY; without even the implied warranty of MERCHANTABILITY or FITNESS FOR A PARTICULAR
PURPOSE. See the GNU General Public License for more details.

  Author: Theo Cartsonis
  Created: 2025
'''

from flask import redirect, url_for, request, make_response, render_template
from code.backend.data.raw.owasp.helpers.utils import escape_for_html

def init(app):

	@app.route('/benchmark/sqli-00/BenchmarkTest00100', methods=['GET'])
	def BenchmarkTest00100_get():
		return BenchmarkTest00100_post()

	@app.route('/benchmark/sqli-00/BenchmarkTest00100', methods=['POST'])
	def BenchmarkTest00100_post():
		RESPONSE = """"

		param = request.form.get(""BenchmarkTest00100"")
		if not param:
			param = """"

		map87 = {}
		map87['keyA-87'] = 'a-Value'
		map87['keyB-87'] = param
		map87['keyC'] = 'another-Value'
		bar = ""safe!""
		bar = map87['keyB-87']
		bar = map87['keyA-87']

		import code.backend.data.raw.owasp.helpers.db_sqlite

		sql = f'SELECT username from USERS where password = ?'
		con = code.backend.data.raw.owasp.helpers.db_sqlite.get_connection()
		cur = con.cursor()
		cur.execute(sql, (bar,))
		RESPONSE += (
			code.backend.data.raw.owasp.helpers.db_sqlite.results(cur, sql)
		)
		con.close()

		return RESPONSE",SAFE,CWE-89,OWASP
28,"'''
OWASP Benchmark for Python v0.1

This file is part of the Open Web Application Security Project (OWASP) Benchmark Project.
For details, please see https://owasp.org/www-project-benchmark.

The OWASP Benchmark is free software: you can redistribute it and/or modify it under the terms
of the GNU General Public License as published by the Free Software Foundation, version 3.

The OWASP Benchmark is distributed in the hope that it will be useful, but WITHOUT ANY
WARRANTY; without even the implied warranty of MERCHANTABILITY or FITNESS FOR A PARTICULAR
PURPOSE. See the GNU General Public License for more details.

  Author: Theo Cartsonis
  Created: 2025
'''

from flask import redirect, url_for, request, make_response, render_template
from code.backend.data.raw.owasp.helpers.utils import escape_for_html

def init(app):

	@app.route('/benchmark/xss-00/BenchmarkTest00149', methods=['GET'])
	def BenchmarkTest00149_get():
		return BenchmarkTest00149_post()

	@app.route('/benchmark/xss-00/BenchmarkTest00149', methods=['POST'])
	def BenchmarkTest00149_post():
		RESPONSE = """"

		param = request.form.get(""BenchmarkTest00149"")
		if not param:
			param = """"

		import markupsafe
		
		bar = markupsafe.escape(param)


		RESPONSE += (
			'The value of the bar parameter is now in a custom header.'
		)

		RESPONSE = make_response((RESPONSE, {'yourBenchmarkTest00149': bar}))
		

		return RESPONSE",SAFE,CWE-79,OWASP
29,"'''
OWASP Benchmark for Python v0.1

This file is part of the Open Web Application Security Project (OWASP) Benchmark Project.
For details, please see https://owasp.org/www-project-benchmark.

The OWASP Benchmark is free software: you can redistribute it and/or modify it under the terms
of the GNU General Public License as published by the Free Software Foundation, version 3.

The OWASP Benchmark is distributed in the hope that it will be useful, but WITHOUT ANY
WARRANTY; without even the implied warranty of MERCHANTABILITY or FITNESS FOR A PARTICULAR
PURPOSE. See the GNU General Public License for more details.

  Author: Theo Cartsonis
  Created: 2025
'''

from flask import redirect, url_for, request, make_response, render_template
from code.backend.data.raw.owasp.helpers.utils import escape_for_html

def init(app):

	@app.route('/benchmark/xss-00/BenchmarkTest00150', methods=['GET'])
	def BenchmarkTest00150_get():
		return BenchmarkTest00150_post()

	@app.route('/benchmark/xss-00/BenchmarkTest00150', methods=['POST'])
	def BenchmarkTest00150_post():
		RESPONSE = """"

		param = request.form.get(""BenchmarkTest00150"")
		if not param:
			param = """"

		bar = ''
		if param:
			bar = param.split(' ')[0]


		RESPONSE += (
			'The value of the bar parameter is now in a custom header.'
		)

		RESPONSE = make_response((RESPONSE, {'yourBenchmarkTest00150': bar}))
		

		return RESPONSE",SAFE,CWE-79,OWASP
30,"'''
OWASP Benchmark for Python v0.1

This file is part of the Open Web Application Security Project (OWASP) Benchmark Project.
For details, please see https://owasp.org/www-project-benchmark.

The OWASP Benchmark is free software: you can redistribute it and/or modify it under the terms
of the GNU General Public License as published by the Free Software Foundation, version 3.

The OWASP Benchmark is distributed in the hope that it will be useful, but WITHOUT ANY
WARRANTY; without even the implied warranty of MERCHANTABILITY or FITNESS FOR A PARTICULAR
PURPOSE. See the GNU General Public License for more details.

  Author: Theo Cartsonis
  Created: 2025
'''

from flask import redirect, url_for, request, make_response, render_template
from code.backend.data.raw.owasp.helpers.utils import escape_for_html

def init(app):

	@app.route('/benchmark/cmdi-00/BenchmarkTest00165', methods=['GET'])
	def BenchmarkTest00165_get():
		return BenchmarkTest00165_post()

	@app.route('/benchmark/cmdi-00/BenchmarkTest00165', methods=['POST'])
	def BenchmarkTest00165_post():
		RESPONSE = """"

		param = request.form.get(""BenchmarkTest00165"")
		if not param:
			param = """"

		bar = """"
		if param:
			lst = []
			lst.append('safe')
			lst.append(param)
			lst.append('moresafe')
			lst.pop(0)
			bar = lst[0]

		import os
		import subprocess
		import code.backend.data.raw.owasp.helpers.utils

		argList = []
		if ""Windows"" in os.name:
			argList.append(""cmd.exe"")
			argList.append(""-c"")
		else:
			argList.append(""sh"")
			argList.append(""-c"")
		argList.append(f""echo {bar}"")

		proc = subprocess.run(argList, capture_output=True, encoding=""utf-8"")
		RESPONSE += (
			code.backend.data.raw.owasp.helpers.utils.commandOutput(proc)
		)

		return RESPONSE",Command Injection,CWE-78,OWASP
31,"'''
OWASP Benchmark for Python v0.1

This file is part of the Open Web Application Security Project (OWASP) Benchmark Project.
For details, please see https://owasp.org/www-project-benchmark.

The OWASP Benchmark is free software: you can redistribute it and/or modify it under the terms
of the GNU General Public License as published by the Free Software Foundation, version 3.

The OWASP Benchmark is distributed in the hope that it will be useful, but WITHOUT ANY
WARRANTY; without even the implied warranty of MERCHANTABILITY or FITNESS FOR A PARTICULAR
PURPOSE. See the GNU General Public License for more details.

  Author: Theo Cartsonis
  Created: 2025
'''

from flask import redirect, url_for, request, make_response, render_template
from code.backend.data.raw.owasp.helpers.utils import escape_for_html

def init(app):

	@app.route('/benchmark/cmdi-00/BenchmarkTest00166', methods=['GET'])
	def BenchmarkTest00166_get():
		return BenchmarkTest00166_post()

	@app.route('/benchmark/cmdi-00/BenchmarkTest00166', methods=['POST'])
	def BenchmarkTest00166_post():
		RESPONSE = """"

		param = request.form.get(""BenchmarkTest00166"")
		if not param:
			param = """"

		map29039 = {}
		map29039['keyA-29039'] = 'a-Value'
		map29039['keyB-29039'] = param
		map29039['keyC'] = 'another-Value'
		bar = map29039['keyB-29039']

		import platform
		import subprocess
		import code.backend.data.raw.owasp.helpers.utils

		argStr = """"
		if platform.system() == ""Windows"":
			argStr = ""cmd.exe /c ""
		else:
			argStr = ""sh -c ""
		argStr += f""echo {bar}""

		try:
			proc = subprocess.run(argStr, shell=True, capture_output=True, encoding=""utf-8"")

			RESPONSE += (
				code.backend.data.raw.owasp.helpers.utils.commandOutput(proc)
			)
		except IOError:
			RESPONSE += (
				""Problem executing cmdi - subprocess.run(list) Test Case""
			)

		return RESPONSE",Command Injection,CWE-78,OWASP
32,"'''
OWASP Benchmark for Python v0.1

This file is part of the Open Web Application Security Project (OWASP) Benchmark Project.
For details, please see https://owasp.org/www-project-benchmark.

The OWASP Benchmark is free software: you can redistribute it and/or modify it under the terms
of the GNU General Public License as published by the Free Software Foundation, version 3.

The OWASP Benchmark is distributed in the hope that it will be useful, but WITHOUT ANY
WARRANTY; without even the implied warranty of MERCHANTABILITY or FITNESS FOR A PARTICULAR
PURPOSE. See the GNU General Public License for more details.

  Author: Theo Cartsonis
  Created: 2025
'''

from flask import redirect, url_for, request, make_response, render_template
from code.backend.data.raw.owasp.helpers.utils import escape_for_html

def init(app):

	@app.route('/benchmark/cmdi-00/BenchmarkTest00167', methods=['GET'])
	def BenchmarkTest00167_get():
		return BenchmarkTest00167_post()

	@app.route('/benchmark/cmdi-00/BenchmarkTest00167', methods=['POST'])
	def BenchmarkTest00167_post():
		RESPONSE = """"

		param = request.form.get(""BenchmarkTest00167"")
		if not param:
			param = """"

		TestParam = ""This should never happen""
		if 'should' not in TestParam:
			bar = ""Ifnot case passed""
		else:
			bar = param

		import platform
		import subprocess
		import code.backend.data.raw.owasp.helpers.utils

		argStr = """"
		if platform.system() == ""Windows"":
			argStr = ""cmd.exe /c ""
		else:
			argStr = ""sh -c ""
		argStr += f""echo {bar}""

		try:
			proc = subprocess.run(argStr, shell=True, capture_output=True, encoding=""utf-8"")

			RESPONSE += (
				code.backend.data.raw.owasp.helpers.utils.commandOutput(proc)
			)
		except IOError:
			RESPONSE += (
				""Problem executing cmdi - subprocess.run(list) Test Case""
			)

		return RESPONSE",Command Injection,CWE-78,OWASP
33,"'''
OWASP Benchmark for Python v0.1

This file is part of the Open Web Application Security Project (OWASP) Benchmark Project.
For details, please see https://owasp.org/www-project-benchmark.

The OWASP Benchmark is free software: you can redistribute it and/or modify it under the terms
of the GNU General Public License as published by the Free Software Foundation, version 3.

The OWASP Benchmark is distributed in the hope that it will be useful, but WITHOUT ANY
WARRANTY; without even the implied warranty of MERCHANTABILITY or FITNESS FOR A PARTICULAR
PURPOSE. See the GNU General Public License for more details.

  Author: Theo Cartsonis
  Created: 2025
'''

from flask import redirect, url_for, request, make_response, render_template
from code.backend.data.raw.owasp.helpers.utils import escape_for_html

def init(app):

	@app.route('/benchmark/xss-00/BenchmarkTest00169', methods=['GET'])
	def BenchmarkTest00169_get():
		return BenchmarkTest00169_post()

	@app.route('/benchmark/xss-00/BenchmarkTest00169', methods=['POST'])
	def BenchmarkTest00169_post():
		RESPONSE = """"

		values = request.form.getlist(""BenchmarkTest00169"")
		param = """"
		if values:
			param = values[0]

		num = 106
		
		bar = ""This should never happen"" if (7*42) - num > 200 else param


		RESPONSE += (
			f'Parameter value: {bar}'
		)

		return RESPONSE",Cross-Site Scripting,CWE-79,OWASP
34,"'''
OWASP Benchmark for Python v0.1

This file is part of the Open Web Application Security Project (OWASP) Benchmark Project.
For details, please see https://owasp.org/www-project-benchmark.

The OWASP Benchmark is free software: you can redistribute it and/or modify it under the terms
of the GNU General Public License as published by the Free Software Foundation, version 3.

The OWASP Benchmark is distributed in the hope that it will be useful, but WITHOUT ANY
WARRANTY; without even the implied warranty of MERCHANTABILITY or FITNESS FOR A PARTICULAR
PURPOSE. See the GNU General Public License for more details.

  Author: Theo Cartsonis
  Created: 2025
'''

from flask import redirect, url_for, request, make_response, render_template
from code.backend.data.raw.owasp.helpers.utils import escape_for_html

def init(app):

	@app.route('/benchmark/pathtraver-00/BenchmarkTest00170', methods=['GET'])
	def BenchmarkTest00170_get():
		return BenchmarkTest00170_post()

	@app.route('/benchmark/pathtraver-00/BenchmarkTest00170', methods=['POST'])
	def BenchmarkTest00170_post():
		RESPONSE = """"

		values = request.form.getlist(""BenchmarkTest00170"")
		param = """"
		if values:
			param = values[0]

		import configparser
		
		bar = 'safe!'
		conf64047 = configparser.ConfigParser()
		conf64047.add_section('section64047')
		conf64047.set('section64047', 'keyA-64047', 'a_Value')
		conf64047.set('section64047', 'keyB-64047', param)
		bar = conf64047.get('section64047', 'keyA-64047')

		import codecs
		import code.backend.data.raw.owasp.helpers.utils

		try:
			fileTarget = codecs.open(f'{code.backend.data.raw.owasp.helpers.utils.TESTFILES_DIR}/{bar}','r','utf-8')

			RESPONSE += (
				f""Access to file: \'{escape_for_html(fileTarget.name)}\' created.""
			)

			RESPONSE += (
				"" And file already exists.""
			)

		except FileNotFoundError:
			RESPONSE += (
				"" But file doesn't exist yet.""
			)

		return RESPONSE",SAFE,CWE-22,OWASP
35,"'''
OWASP Benchmark for Python v0.1

This file is part of the Open Web Application Security Project (OWASP) Benchmark Project.
For details, please see https://owasp.org/www-project-benchmark.

The OWASP Benchmark is free software: you can redistribute it and/or modify it under the terms
of the GNU General Public License as published by the Free Software Foundation, version 3.

The OWASP Benchmark is distributed in the hope that it will be useful, but WITHOUT ANY
WARRANTY; without even the implied warranty of MERCHANTABILITY or FITNESS FOR A PARTICULAR
PURPOSE. See the GNU General Public License for more details.

  Author: Theo Cartsonis
  Created: 2025
'''

from flask import redirect, url_for, request, make_response, render_template
from code.backend.data.raw.owasp.helpers.utils import escape_for_html

def init(app):

	@app.route('/benchmark/pathtraver-00/BenchmarkTest00171', methods=['GET'])
	def BenchmarkTest00171_get():
		return BenchmarkTest00171_post()

	@app.route('/benchmark/pathtraver-00/BenchmarkTest00171', methods=['POST'])
	def BenchmarkTest00171_post():
		RESPONSE = """"

		values = request.form.getlist(""BenchmarkTest00171"")
		param = """"
		if values:
			param = values[0]

		map13848 = {}
		map13848['keyA-13848'] = 'a-Value'
		map13848['keyB-13848'] = param
		map13848['keyC'] = 'another-Value'
		bar = map13848['keyB-13848']

		import codecs
		import code.backend.data.raw.owasp.helpers.utils

		try:
			fileTarget = codecs.open(f'{code.backend.data.raw.owasp.helpers.utils.TESTFILES_DIR}/{bar}','r','utf-8')

			RESPONSE += (
				f""Access to file: \'{escape_for_html(fileTarget.name)}\' created.""
			)

			RESPONSE += (
				"" And file already exists.""
			)

		except FileNotFoundError:
			RESPONSE += (
				"" But file doesn't exist yet.""
			)

		return RESPONSE",Insecure File Handling,CWE-22,OWASP
36,"'''
OWASP Benchmark for Python v0.1

This file is part of the Open Web Application Security Project (OWASP) Benchmark Project.
For details, please see https://owasp.org/www-project-benchmark.

The OWASP Benchmark is free software: you can redistribute it and/or modify it under the terms
of the GNU General Public License as published by the Free Software Foundation, version 3.

The OWASP Benchmark is distributed in the hope that it will be useful, but WITHOUT ANY
WARRANTY; without even the implied warranty of MERCHANTABILITY or FITNESS FOR A PARTICULAR
PURPOSE. See the GNU General Public License for more details.

  Author: Theo Cartsonis
  Created: 2025
'''

from flask import redirect, url_for, request, make_response, render_template
from code.backend.data.raw.owasp.helpers.utils import escape_for_html

def init(app):

	@app.route('/benchmark/pathtraver-00/BenchmarkTest00172', methods=['GET'])
	def BenchmarkTest00172_get():
		return BenchmarkTest00172_post()

	@app.route('/benchmark/pathtraver-00/BenchmarkTest00172', methods=['POST'])
	def BenchmarkTest00172_post():
		RESPONSE = """"

		values = request.form.getlist(""BenchmarkTest00172"")
		param = """"
		if values:
			param = values[0]

		string13080 = 'help'
		string13080 += param
		string13080 += 'snapes on a plane'
		bar = string13080[4:-17]

		import codecs
		import code.backend.data.raw.owasp.helpers.utils

		try:
			fileTarget = codecs.open(f'{code.backend.data.raw.owasp.helpers.utils.TESTFILES_DIR}/{bar}','r','utf-8')

			RESPONSE += (
				f""Access to file: \'{escape_for_html(fileTarget.name)}\' created.""
			)

			RESPONSE += (
				"" And file already exists.""
			)

		except FileNotFoundError:
			RESPONSE += (
				"" But file doesn't exist yet.""
			)

		return RESPONSE",Insecure File Handling,CWE-22,OWASP
37,"'''
OWASP Benchmark for Python v0.1

This file is part of the Open Web Application Security Project (OWASP) Benchmark Project.
For details, please see https://owasp.org/www-project-benchmark.

The OWASP Benchmark is free software: you can redistribute it and/or modify it under the terms
of the GNU General Public License as published by the Free Software Foundation, version 3.

The OWASP Benchmark is distributed in the hope that it will be useful, but WITHOUT ANY
WARRANTY; without even the implied warranty of MERCHANTABILITY or FITNESS FOR A PARTICULAR
PURPOSE. See the GNU General Public License for more details.

  Author: Theo Cartsonis
  Created: 2025
'''

from flask import redirect, url_for, request, make_response, render_template
from code.backend.data.raw.owasp.helpers.utils import escape_for_html

def init(app):

	@app.route('/benchmark/pathtraver-00/BenchmarkTest00173', methods=['GET'])
	def BenchmarkTest00173_get():
		return BenchmarkTest00173_post()

	@app.route('/benchmark/pathtraver-00/BenchmarkTest00173', methods=['POST'])
	def BenchmarkTest00173_post():
		RESPONSE = """"

		values = request.form.getlist(""BenchmarkTest00173"")
		param = """"
		if values:
			param = values[0]

		string69285 = 'help'
		string69285 += param
		string69285 += 'snapes on a plane'
		bar = string69285[4:-17]

		import platform
		import codecs
		import code.backend.data.raw.owasp.helpers.utils
		from urllib.parse import urlparse
		from urllib.request import url2pathname

		startURIslashes = """"

		if platform.system() == ""Windows"":
			startURIslashes = ""/""
		else:
			startURIslashes = ""//""

		try:
			fileURI = urlparse(""file:"" + startURIslashes + code.backend.data.raw.owasp.helpers.utils.TESTFILES_DIR.replace('\\', '/').replace(' ', '_') + bar)
			fileTarget = codecs.open(f'{code.backend.data.raw.owasp.helpers.utils.TESTFILES_DIR}/{bar}','r','utf-8')

			RESPONSE += (
				f""Access to file: \'{escape_for_html(fileTarget.name)}\' created.""
			)

			RESPONSE += (
				"" And file already exists.""
			)
		except FileNotFoundError:
			RESPONSE += (
				"" But file doesn't exist yet.""
			)
		except IOError:
			pass

		return RESPONSE",Insecure File Handling,CWE-22,OWASP
38,"'''
OWASP Benchmark for Python v0.1

This file is part of the Open Web Application Security Project (OWASP) Benchmark Project.
For details, please see https://owasp.org/www-project-benchmark.

The OWASP Benchmark is free software: you can redistribute it and/or modify it under the terms
of the GNU General Public License as published by the Free Software Foundation, version 3.

The OWASP Benchmark is distributed in the hope that it will be useful, but WITHOUT ANY
WARRANTY; without even the implied warranty of MERCHANTABILITY or FITNESS FOR A PARTICULAR
PURPOSE. See the GNU General Public License for more details.

  Author: Theo Cartsonis
  Created: 2025
'''

from flask import redirect, url_for, request, make_response, render_template
from code.backend.data.raw.owasp.helpers.utils import escape_for_html

def init(app):

	@app.route('/benchmark/pathtraver-00/BenchmarkTest00175', methods=['GET'])
	def BenchmarkTest00175_get():
		return BenchmarkTest00175_post()

	@app.route('/benchmark/pathtraver-00/BenchmarkTest00175', methods=['POST'])
	def BenchmarkTest00175_post():
		RESPONSE = """"

		values = request.form.getlist(""BenchmarkTest00175"")
		param = """"
		if values:
			param = values[0]

		import configparser
		
		bar = 'safe!'
		conf15913 = configparser.ConfigParser()
		conf15913.add_section('section15913')
		conf15913.set('section15913', 'keyA-15913', 'a-Value')
		conf15913.set('section15913', 'keyB-15913', param)
		bar = conf15913.get('section15913', 'keyB-15913')

		import code.backend.data.raw.owasp.helpers.utils

		try:
			fileName = f'{code.backend.data.raw.owasp.helpers.utils.TESTFILES_DIR}/{bar}'
			fd = open(fileName, 'wb')
			RESPONSE += (
				f'Now ready to write to file: {escape_for_html(fileName)}'
			)
		except IOError as e:
			RESPONSE += (
				f'Problem reading from file \'{escape_for_html(fileName)}\': '
				f'{escape_for_html(e.strerror)}'
			)
		finally:
			try:
				if fd is not None:
					fd.close()
			except IOError:
				pass # ""// we tried...""

		return RESPONSE",Insecure File Handling,CWE-22,OWASP
39,"'''
OWASP Benchmark for Python v0.1

This file is part of the Open Web Application Security Project (OWASP) Benchmark Project.
For details, please see https://owasp.org/www-project-benchmark.

The OWASP Benchmark is free software: you can redistribute it and/or modify it under the terms
of the GNU General Public License as published by the Free Software Foundation, version 3.

The OWASP Benchmark is distributed in the hope that it will be useful, but WITHOUT ANY
WARRANTY; without even the implied warranty of MERCHANTABILITY or FITNESS FOR A PARTICULAR
PURPOSE. See the GNU General Public License for more details.

  Author: Theo Cartsonis
  Created: 2025
'''

from flask import redirect, url_for, request, make_response, render_template
from code.backend.data.raw.owasp.helpers.utils import escape_for_html

def init(app):

	@app.route('/benchmark/pathtraver-00/BenchmarkTest00177', methods=['GET'])
	def BenchmarkTest00177_get():
		return BenchmarkTest00177_post()

	@app.route('/benchmark/pathtraver-00/BenchmarkTest00177', methods=['POST'])
	def BenchmarkTest00177_post():
		RESPONSE = """"

		values = request.form.getlist(""BenchmarkTest00177"")
		param = """"
		if values:
			param = values[0]

		import code.backend.data.raw.owasp.helpers.ThingFactory
		
		thing = code.backend.data.raw.owasp.helpers.ThingFactory.createThing()
		bar = thing.doSomething(param)

		import code.backend.data.raw.owasp.helpers.utils

		try:
			fileName = f'{code.backend.data.raw.owasp.helpers.utils.TESTFILES_DIR}/{bar}'
			fd = open(fileName, 'wb')
			RESPONSE += (
				f'Now ready to write to file: {escape_for_html(fileName)}'
			)
		except IOError as e:
			RESPONSE += (
				f'Problem reading from file \'{escape_for_html(fileName)}\': '
				f'{escape_for_html(e.strerror)}'
			)
		finally:
			try:
				if fd is not None:
					fd.close()
			except IOError:
				pass # ""// we tried...""

		return RESPONSE",Insecure File Handling,CWE-22,OWASP
40,"'''
OWASP Benchmark for Python v0.1

This file is part of the Open Web Application Security Project (OWASP) Benchmark Project.
For details, please see https://owasp.org/www-project-benchmark.

The OWASP Benchmark is free software: you can redistribute it and/or modify it under the terms
of the GNU General Public License as published by the Free Software Foundation, version 3.

The OWASP Benchmark is distributed in the hope that it will be useful, but WITHOUT ANY
WARRANTY; without even the implied warranty of MERCHANTABILITY or FITNESS FOR A PARTICULAR
PURPOSE. See the GNU General Public License for more details.

  Author: Theo Cartsonis
  Created: 2025
'''

from flask import redirect, url_for, request, make_response, render_template
from code.backend.data.raw.owasp.helpers.utils import escape_for_html

def init(app):

	@app.route('/benchmark/pathtraver-00/BenchmarkTest00178', methods=['GET'])
	def BenchmarkTest00178_get():
		return BenchmarkTest00178_post()

	@app.route('/benchmark/pathtraver-00/BenchmarkTest00178', methods=['POST'])
	def BenchmarkTest00178_post():
		RESPONSE = """"

		values = request.form.getlist(""BenchmarkTest00178"")
		param = """"
		if values:
			param = values[0]

		string84331 = 'help'
		string84331 += param
		string84331 += 'snapes on a plane'
		bar = string84331[4:-17]

		import code.backend.data.raw.owasp.helpers.utils

		try:
			fileName = f'{code.backend.data.raw.owasp.helpers.utils.TESTFILES_DIR}/{bar}'
			fd = open(fileName, 'wb')
			RESPONSE += (
				f'Now ready to write to file: {escape_for_html(fileName)}'
			)
		except IOError as e:
			RESPONSE += (
				f'Problem reading from file \'{escape_for_html(fileName)}\': '
				f'{escape_for_html(e.strerror)}'
			)
		finally:
			try:
				if fd is not None:
					fd.close()
			except IOError:
				pass # ""// we tried...""

		return RESPONSE",Insecure File Handling,CWE-22,OWASP
41,"'''
OWASP Benchmark for Python v0.1

This file is part of the Open Web Application Security Project (OWASP) Benchmark Project.
For details, please see https://owasp.org/www-project-benchmark.

The OWASP Benchmark is free software: you can redistribute it and/or modify it under the terms
of the GNU General Public License as published by the Free Software Foundation, version 3.

The OWASP Benchmark is distributed in the hope that it will be useful, but WITHOUT ANY
WARRANTY; without even the implied warranty of MERCHANTABILITY or FITNESS FOR A PARTICULAR
PURPOSE. See the GNU General Public License for more details.

  Author: Theo Cartsonis
  Created: 2025
'''

from flask import redirect, url_for, request, make_response, render_template
from code.backend.data.raw.owasp.helpers.utils import escape_for_html

def init(app):

	@app.route('/benchmark/pathtraver-00/BenchmarkTest00179', methods=['GET'])
	def BenchmarkTest00179_get():
		return BenchmarkTest00179_post()

	@app.route('/benchmark/pathtraver-00/BenchmarkTest00179', methods=['POST'])
	def BenchmarkTest00179_post():
		RESPONSE = """"

		values = request.form.getlist(""BenchmarkTest00179"")
		param = """"
		if values:
			param = values[0]

		bar = ""alsosafe""
		if param:
			lst = []
			lst.append('safe')
			lst.append(param)
			lst.append('moresafe')
			lst.pop(0)
			bar = lst[1]

		import os
		import code.backend.data.raw.owasp.helpers.utils

		fileName = f'{code.backend.data.raw.owasp.helpers.utils.TESTFILES_DIR}/{bar}'
		if os.path.exists(fileName):
			RESPONSE += ( f""File \'{escape_for_html(fileName)}\' exists."" )
		else:
			RESPONSE += ( f""File \'{escape_for_html(fileName)}\' does not exist."" )

		return RESPONSE",SAFE,CWE-22,OWASP
42,"'''
OWASP Benchmark for Python v0.1

This file is part of the Open Web Application Security Project (OWASP) Benchmark Project.
For details, please see https://owasp.org/www-project-benchmark.

The OWASP Benchmark is free software: you can redistribute it and/or modify it under the terms
of the GNU General Public License as published by the Free Software Foundation, version 3.

The OWASP Benchmark is distributed in the hope that it will be useful, but WITHOUT ANY
WARRANTY; without even the implied warranty of MERCHANTABILITY or FITNESS FOR A PARTICULAR
PURPOSE. See the GNU General Public License for more details.

  Author: Theo Cartsonis
  Created: 2025
'''

from flask import redirect, url_for, request, make_response, render_template
from code.backend.data.raw.owasp.helpers.utils import escape_for_html

def init(app):

	@app.route('/benchmark/pathtraver-00/BenchmarkTest00180', methods=['GET'])
	def BenchmarkTest00180_get():
		return BenchmarkTest00180_post()

	@app.route('/benchmark/pathtraver-00/BenchmarkTest00180', methods=['POST'])
	def BenchmarkTest00180_post():
		RESPONSE = """"

		values = request.form.getlist(""BenchmarkTest00180"")
		param = """"
		if values:
			param = values[0]

		string84140 = 'help'
		string84140 += param
		string84140 += 'snapes on a plane'
		bar = string84140[4:-17]

		import pathlib
		import code.backend.data.raw.owasp.helpers.utils

		testfiles = pathlib.Path(code.backend.data.raw.owasp.helpers.utils.TESTFILES_DIR)
		p = testfiles / bar
		if p.exists():
			RESPONSE += ( f""File \'{escape_for_html(str(p))}\' exists."" )
		else:
			RESPONSE += ( f""File \'{escape_for_html(str(p))}\' does not exist."" )

		return RESPONSE",Insecure File Handling,CWE-22,OWASP
43,"'''
OWASP Benchmark for Python v0.1

This file is part of the Open Web Application Security Project (OWASP) Benchmark Project.
For details, please see https://owasp.org/www-project-benchmark.

The OWASP Benchmark is free software: you can redistribute it and/or modify it under the terms
of the GNU General Public License as published by the Free Software Foundation, version 3.

The OWASP Benchmark is distributed in the hope that it will be useful, but WITHOUT ANY
WARRANTY; without even the implied warranty of MERCHANTABILITY or FITNESS FOR A PARTICULAR
PURPOSE. See the GNU General Public License for more details.

  Author: Theo Cartsonis
  Created: 2025
'''

from flask import redirect, url_for, request, make_response, render_template
from code.backend.data.raw.owasp.helpers.utils import escape_for_html

def init(app):

	@app.route('/benchmark/pathtraver-00/BenchmarkTest00182', methods=['GET'])
	def BenchmarkTest00182_get():
		return BenchmarkTest00182_post()

	@app.route('/benchmark/pathtraver-00/BenchmarkTest00182', methods=['POST'])
	def BenchmarkTest00182_post():
		RESPONSE = """"

		values = request.form.getlist(""BenchmarkTest00182"")
		param = """"
		if values:
			param = values[0]

		string35995 = 'help'
		string35995 += param
		string35995 += 'snapes on a plane'
		bar = string35995[4:-17]

		import pathlib
		import code.backend.data.raw.owasp.helpers.utils

		try:
			testfiles = pathlib.Path(code.backend.data.raw.owasp.helpers.utils.TESTFILES_DIR)
			p = testfiles / bar
			RESPONSE += (
				f'The beginning of file: \'{escape_for_html(str(p))}\' is:\n\n'
				f'{escape_for_html(p.read_text()[:1000])}'
			)
		except OSError:
			RESPONSE += (
				f'Problem reading from file \'{{escape_for_html(fileName)}}\': '
				f'{escape_for_html(e.strerror)}'
			)

		return RESPONSE",Insecure File Handling,CWE-22,OWASP
44,"'''
OWASP Benchmark for Python v0.1

This file is part of the Open Web Application Security Project (OWASP) Benchmark Project.
For details, please see https://owasp.org/www-project-benchmark.

The OWASP Benchmark is free software: you can redistribute it and/or modify it under the terms
of the GNU General Public License as published by the Free Software Foundation, version 3.

The OWASP Benchmark is distributed in the hope that it will be useful, but WITHOUT ANY
WARRANTY; without even the implied warranty of MERCHANTABILITY or FITNESS FOR A PARTICULAR
PURPOSE. See the GNU General Public License for more details.

  Author: Theo Cartsonis
  Created: 2025
'''

from flask import redirect, url_for, request, make_response, render_template
from code.backend.data.raw.owasp.helpers.utils import escape_for_html

def init(app):

	@app.route('/benchmark/xss-00/BenchmarkTest00185', methods=['GET'])
	def BenchmarkTest00185_get():
		return BenchmarkTest00185_post()

	@app.route('/benchmark/xss-00/BenchmarkTest00185', methods=['POST'])
	def BenchmarkTest00185_post():
		RESPONSE = """"

		values = request.form.getlist(""BenchmarkTest00185"")
		param = """"
		if values:
			param = values[0]

		import configparser
		
		bar = 'safe!'
		conf93207 = configparser.ConfigParser()
		conf93207.add_section('section93207')
		conf93207.set('section93207', 'keyA-93207', 'a_Value')
		conf93207.set('section93207', 'keyB-93207', param)
		bar = conf93207.get('section93207', 'keyA-93207')


		otherarg = ""static text""
		RESPONSE += (
			f'bar is \'{bar}\' and otherarg is \'{otherarg}\''
		)

		return RESPONSE",SAFE,CWE-79,OWASP
45,"'''
OWASP Benchmark for Python v0.1

This file is part of the Open Web Application Security Project (OWASP) Benchmark Project.
For details, please see https://owasp.org/www-project-benchmark.

The OWASP Benchmark is free software: you can redistribute it and/or modify it under the terms
of the GNU General Public License as published by the Free Software Foundation, version 3.

The OWASP Benchmark is distributed in the hope that it will be useful, but WITHOUT ANY
WARRANTY; without even the implied warranty of MERCHANTABILITY or FITNESS FOR A PARTICULAR
PURPOSE. See the GNU General Public License for more details.

  Author: Theo Cartsonis
  Created: 2025
'''

from flask import redirect, url_for, request, make_response, render_template
from code.backend.data.raw.owasp.helpers.utils import escape_for_html

def init(app):

	@app.route('/benchmark/xss-00/BenchmarkTest00186', methods=['GET'])
	def BenchmarkTest00186_get():
		return BenchmarkTest00186_post()

	@app.route('/benchmark/xss-00/BenchmarkTest00186', methods=['POST'])
	def BenchmarkTest00186_post():
		RESPONSE = """"

		values = request.form.getlist(""BenchmarkTest00186"")
		param = """"
		if values:
			param = values[0]

		import markupsafe
		
		bar = markupsafe.escape(param)


		otherarg = ""static text""
		RESPONSE += (
			f'bar is \'{bar}\' and otherarg is \'{otherarg}\''
		)

		return RESPONSE",SAFE,CWE-79,OWASP
46,"'''
OWASP Benchmark for Python v0.1

This file is part of the Open Web Application Security Project (OWASP) Benchmark Project.
For details, please see https://owasp.org/www-project-benchmark.

The OWASP Benchmark is free software: you can redistribute it and/or modify it under the terms
of the GNU General Public License as published by the Free Software Foundation, version 3.

The OWASP Benchmark is distributed in the hope that it will be useful, but WITHOUT ANY
WARRANTY; without even the implied warranty of MERCHANTABILITY or FITNESS FOR A PARTICULAR
PURPOSE. See the GNU General Public License for more details.

  Author: Theo Cartsonis
  Created: 2025
'''

from flask import redirect, url_for, request, make_response, render_template
from code.backend.data.raw.owasp.helpers.utils import escape_for_html

def init(app):

	@app.route('/benchmark/xss-00/BenchmarkTest00187', methods=['GET'])
	def BenchmarkTest00187_get():
		return BenchmarkTest00187_post()

	@app.route('/benchmark/xss-00/BenchmarkTest00187', methods=['POST'])
	def BenchmarkTest00187_post():
		RESPONSE = """"

		values = request.form.getlist(""BenchmarkTest00187"")
		param = """"
		if values:
			param = values[0]

		import base64
		tmp = base64.b64encode(param.encode('utf-8'))
		bar = base64.b64decode(tmp).decode('utf-8')


		otherarg = ""static text""
		RESPONSE += (
			'bar is \'{0}\' and otherarg is \'{1}\''.format(bar, otherarg)
		)

		return RESPONSE",Cross-Site Scripting,CWE-79,OWASP
47,"'''
OWASP Benchmark for Python v0.1

This file is part of the Open Web Application Security Project (OWASP) Benchmark Project.
For details, please see https://owasp.org/www-project-benchmark.

The OWASP Benchmark is free software: you can redistribute it and/or modify it under the terms
of the GNU General Public License as published by the Free Software Foundation, version 3.

The OWASP Benchmark is distributed in the hope that it will be useful, but WITHOUT ANY
WARRANTY; without even the implied warranty of MERCHANTABILITY or FITNESS FOR A PARTICULAR
PURPOSE. See the GNU General Public License for more details.

  Author: Theo Cartsonis
  Created: 2025
'''

from flask import redirect, url_for, request, make_response, render_template
from code.backend.data.raw.owasp.helpers.utils import escape_for_html

def init(app):

	@app.route('/benchmark/xss-00/BenchmarkTest00188', methods=['GET'])
	def BenchmarkTest00188_get():
		return BenchmarkTest00188_post()

	@app.route('/benchmark/xss-00/BenchmarkTest00188', methods=['POST'])
	def BenchmarkTest00188_post():
		RESPONSE = """"

		values = request.form.getlist(""BenchmarkTest00188"")
		param = """"
		if values:
			param = values[0]

		superstring = f'20259{param}abcd'
		bar = superstring[len('20259'):len(superstring)-5]


		dict = {}
		dict['bar'] = bar
		dict['otherarg'] = 'this is it'
		RESPONSE += (
			'bar is \'{0[bar]}\' and otherarg is \'{0[otherarg]}\''.format(dict)
		)

		return RESPONSE",Cross-Site Scripting,CWE-79,OWASP
48,"'''
OWASP Benchmark for Python v0.1

This file is part of the Open Web Application Security Project (OWASP) Benchmark Project.
For details, please see https://owasp.org/www-project-benchmark.

The OWASP Benchmark is free software: you can redistribute it and/or modify it under the terms
of the GNU General Public License as published by the Free Software Foundation, version 3.

The OWASP Benchmark is distributed in the hope that it will be useful, but WITHOUT ANY
WARRANTY; without even the implied warranty of MERCHANTABILITY or FITNESS FOR A PARTICULAR
PURPOSE. See the GNU General Public License for more details.

  Author: Theo Cartsonis
  Created: 2025
'''

from flask import redirect, url_for, request, make_response, render_template
from code.backend.data.raw.owasp.helpers.utils import escape_for_html

def init(app):

	@app.route('/benchmark/xss-00/BenchmarkTest00189', methods=['GET'])
	def BenchmarkTest00189_get():
		return BenchmarkTest00189_post()

	@app.route('/benchmark/xss-00/BenchmarkTest00189', methods=['POST'])
	def BenchmarkTest00189_post():
		RESPONSE = """"

		values = request.form.getlist(""BenchmarkTest00189"")
		param = """"
		if values:
			param = values[0]

		map53820 = {}
		map53820['keyA-53820'] = 'a-Value'
		map53820['keyB-53820'] = param
		map53820['keyC'] = 'another-Value'
		bar = map53820['keyB-53820']


		otherarg = ""static text""
		RESPONSE += (
			'bar is \'%s\' and otherarg is \'%s\'' % (bar, otherarg)
		)

		return RESPONSE",Cross-Site Scripting,CWE-79,OWASP
49,"'''
OWASP Benchmark for Python v0.1

This file is part of the Open Web Application Security Project (OWASP) Benchmark Project.
For details, please see https://owasp.org/www-project-benchmark.

The OWASP Benchmark is free software: you can redistribute it and/or modify it under the terms
of the GNU General Public License as published by the Free Software Foundation, version 3.

The OWASP Benchmark is distributed in the hope that it will be useful, but WITHOUT ANY
WARRANTY; without even the implied warranty of MERCHANTABILITY or FITNESS FOR A PARTICULAR
PURPOSE. See the GNU General Public License for more details.

  Author: Theo Cartsonis
  Created: 2025
'''

from flask import redirect, url_for, request, make_response, render_template
from code.backend.data.raw.owasp.helpers.utils import escape_for_html

def init(app):

	@app.route('/benchmark/xss-00/BenchmarkTest00190', methods=['GET'])
	def BenchmarkTest00190_get():
		return BenchmarkTest00190_post()

	@app.route('/benchmark/xss-00/BenchmarkTest00190', methods=['POST'])
	def BenchmarkTest00190_post():
		RESPONSE = """"

		values = request.form.getlist(""BenchmarkTest00190"")
		param = """"
		if values:
			param = values[0]

		import html
		
		bar = html.escape(param)


		otherarg = ""static text""
		RESPONSE += (
			'bar is \'%s\' and otherarg is \'%s\'' % (bar, otherarg)
		)

		return RESPONSE",SAFE,CWE-79,OWASP
50,"'''
OWASP Benchmark for Python v0.1

This file is part of the Open Web Application Security Project (OWASP) Benchmark Project.
For details, please see https://owasp.org/www-project-benchmark.

The OWASP Benchmark is free software: you can redistribute it and/or modify it under the terms
of the GNU General Public License as published by the Free Software Foundation, version 3.

The OWASP Benchmark is distributed in the hope that it will be useful, but WITHOUT ANY
WARRANTY; without even the implied warranty of MERCHANTABILITY or FITNESS FOR A PARTICULAR
PURPOSE. See the GNU General Public License for more details.

  Author: Theo Cartsonis
  Created: 2025
'''

from flask import redirect, url_for, request, make_response, render_template
from code.backend.data.raw.owasp.helpers.utils import escape_for_html

def init(app):

	@app.route('/benchmark/xss-00/BenchmarkTest00256', methods=['GET'])
	def BenchmarkTest00256_get():
		return BenchmarkTest00256_post()

	@app.route('/benchmark/xss-00/BenchmarkTest00256', methods=['POST'])
	def BenchmarkTest00256_post():
		RESPONSE = """"

		values = request.form.getlist(""BenchmarkTest00256"")
		param = """"
		if values:
			param = values[0]

		num = 86
		
		if 7 * 42 - num > 200:
			bar = 'This_should_always_happen'
		else:
			bar = param


		RESPONSE += (
			'The value of the bar parameter is now in a custom header.'
		)

		RESPONSE = make_response((RESPONSE, {'yourBenchmarkTest00256': bar}))
		

		return RESPONSE",SAFE,CWE-79,OWASP
51,"'''
OWASP Benchmark for Python v0.1

This file is part of the Open Web Application Security Project (OWASP) Benchmark Project.
For details, please see https://owasp.org/www-project-benchmark.

The OWASP Benchmark is free software: you can redistribute it and/or modify it under the terms
of the GNU General Public License as published by the Free Software Foundation, version 3.

The OWASP Benchmark is distributed in the hope that it will be useful, but WITHOUT ANY
WARRANTY; without even the implied warranty of MERCHANTABILITY or FITNESS FOR A PARTICULAR
PURPOSE. See the GNU General Public License for more details.

  Author: Theo Cartsonis
  Created: 2025
'''

from flask import redirect, url_for, request, make_response, render_template
from code.backend.data.raw.owasp.helpers.utils import escape_for_html

def init(app):

	@app.route('/benchmark/xss-00/BenchmarkTest00257', methods=['GET'])
	def BenchmarkTest00257_get():
		return BenchmarkTest00257_post()

	@app.route('/benchmark/xss-00/BenchmarkTest00257', methods=['POST'])
	def BenchmarkTest00257_post():
		RESPONSE = """"

		values = request.form.getlist(""BenchmarkTest00257"")
		param = """"
		if values:
			param = values[0]

		superstring = f'92785{param}abcd'
		bar = superstring[len('92785'):len(superstring)-5]


		RESPONSE += (
			'The value of the bar parameter is now in a custom header.'
		)

		RESPONSE = make_response((RESPONSE, {'yourBenchmarkTest00257': bar}))
		

		return RESPONSE",SAFE,CWE-79,OWASP
52,"'''
OWASP Benchmark for Python v0.1

This file is part of the Open Web Application Security Project (OWASP) Benchmark Project.
For details, please see https://owasp.org/www-project-benchmark.

The OWASP Benchmark is free software: you can redistribute it and/or modify it under the terms
of the GNU General Public License as published by the Free Software Foundation, version 3.

The OWASP Benchmark is distributed in the hope that it will be useful, but WITHOUT ANY
WARRANTY; without even the implied warranty of MERCHANTABILITY or FITNESS FOR A PARTICULAR
PURPOSE. See the GNU General Public License for more details.

  Author: Theo Cartsonis
  Created: 2025
'''

from flask import redirect, url_for, request, make_response, render_template
from code.backend.data.raw.owasp.helpers.utils import escape_for_html

def init(app):

	@app.route('/benchmark/cmdi-00/BenchmarkTest00267', methods=['GET'])
	def BenchmarkTest00267_get():
		return BenchmarkTest00267_post()

	@app.route('/benchmark/cmdi-00/BenchmarkTest00267', methods=['POST'])
	def BenchmarkTest00267_post():
		RESPONSE = """"

		values = request.form.getlist(""BenchmarkTest00267"")
		param = """"
		if values:
			param = values[0]

		map12501 = {}
		map12501['keyA-12501'] = 'a-Value'
		map12501['keyB-12501'] = param
		map12501['keyC'] = 'another-Value'
		bar = map12501['keyB-12501']

		import os
		import subprocess
		import code.backend.data.raw.owasp.helpers.utils

		argList = []
		if ""Windows"" in os.name:
			argList.append(""cmd.exe"")
			argList.append(""-c"")
		else:
			argList.append(""sh"")
			argList.append(""-c"")
		argList.append(f""echo {bar}"")

		proc = subprocess.run(argList, capture_output=True, encoding=""utf-8"")
		RESPONSE += (
			code.backend.data.raw.owasp.helpers.utils.commandOutput(proc)
		)

		return RESPONSE",Command Injection,CWE-78,OWASP
53,"'''
OWASP Benchmark for Python v0.1

This file is part of the Open Web Application Security Project (OWASP) Benchmark Project.
For details, please see https://owasp.org/www-project-benchmark.

The OWASP Benchmark is free software: you can redistribute it and/or modify it under the terms
of the GNU General Public License as published by the Free Software Foundation, version 3.

The OWASP Benchmark is distributed in the hope that it will be useful, but WITHOUT ANY
WARRANTY; without even the implied warranty of MERCHANTABILITY or FITNESS FOR A PARTICULAR
PURPOSE. See the GNU General Public License for more details.

  Author: Theo Cartsonis
  Created: 2025
'''

from flask import redirect, url_for, request, make_response, render_template
from code.backend.data.raw.owasp.helpers.utils import escape_for_html

def init(app):

	@app.route('/benchmark/cmdi-00/BenchmarkTest00268', methods=['GET'])
	def BenchmarkTest00268_get():
		return BenchmarkTest00268_post()

	@app.route('/benchmark/cmdi-00/BenchmarkTest00268', methods=['POST'])
	def BenchmarkTest00268_post():
		RESPONSE = """"

		values = request.form.getlist(""BenchmarkTest00268"")
		param = """"
		if values:
			param = values[0]

		TestParam = ""This should never happen""
		if 'should' not in TestParam:
			bar = ""Ifnot case passed""
		else:
			bar = param

		import os
		import subprocess
		import code.backend.data.raw.owasp.helpers.utils

		argList = []
		if ""Windows"" in os.name:
			argList.append(""cmd.exe"")
			argList.append(""-c"")
		else:
			argList.append(""sh"")
			argList.append(""-c"")
		argList.append(f""echo {bar}"")

		proc = subprocess.run(argList, capture_output=True, encoding=""utf-8"")
		RESPONSE += (
			code.backend.data.raw.owasp.helpers.utils.commandOutput(proc)
		)

		return RESPONSE",Command Injection,CWE-78,OWASP
54,"'''
OWASP Benchmark for Python v0.1

This file is part of the Open Web Application Security Project (OWASP) Benchmark Project.
For details, please see https://owasp.org/www-project-benchmark.

The OWASP Benchmark is free software: you can redistribute it and/or modify it under the terms
of the GNU General Public License as published by the Free Software Foundation, version 3.

The OWASP Benchmark is distributed in the hope that it will be useful, but WITHOUT ANY
WARRANTY; without even the implied warranty of MERCHANTABILITY or FITNESS FOR A PARTICULAR
PURPOSE. See the GNU General Public License for more details.

  Author: Theo Cartsonis
  Created: 2025
'''

from flask import redirect, url_for, request, make_response, render_template
from code.backend.data.raw.owasp.helpers.utils import escape_for_html

def init(app):

	@app.route('/benchmark/xss-00/BenchmarkTest00272', methods=['GET'])
	def BenchmarkTest00272_get():
		return BenchmarkTest00272_post()

	@app.route('/benchmark/xss-00/BenchmarkTest00272', methods=['POST'])
	def BenchmarkTest00272_post():
		RESPONSE = """"

		import code.backend.data.raw.owasp.helpers.separate_request
		
		wrapped = code.backend.data.raw.owasp.helpers.separate_request.request_wrapper(request)
		param = wrapped.get_form_parameter(""BenchmarkTest00272"")
		if not param:
			param = """"

		TestParam = ""This should never happen""
		if 'should' not in TestParam:
			bar = ""Ifnot case passed""
		else:
			bar = param


		RESPONSE += (
			f'Parameter value: {bar}'
		)

		return RESPONSE",Cross-Site Scripting,CWE-79,OWASP
55,"'''
OWASP Benchmark for Python v0.1

This file is part of the Open Web Application Security Project (OWASP) Benchmark Project.
For details, please see https://owasp.org/www-project-benchmark.

The OWASP Benchmark is free software: you can redistribute it and/or modify it under the terms
of the GNU General Public License as published by the Free Software Foundation, version 3.

The OWASP Benchmark is distributed in the hope that it will be useful, but WITHOUT ANY
WARRANTY; without even the implied warranty of MERCHANTABILITY or FITNESS FOR A PARTICULAR
PURPOSE. See the GNU General Public License for more details.

  Author: Theo Cartsonis
  Created: 2025
'''

from flask import redirect, url_for, request, make_response, render_template
from code.backend.data.raw.owasp.helpers.utils import escape_for_html

def init(app):

	@app.route('/benchmark/pathtraver-00/BenchmarkTest00274', methods=['GET'])
	def BenchmarkTest00274_get():
		return BenchmarkTest00274_post()

	@app.route('/benchmark/pathtraver-00/BenchmarkTest00274', methods=['POST'])
	def BenchmarkTest00274_post():
		RESPONSE = """"

		import code.backend.data.raw.owasp.helpers.separate_request
		
		wrapped = code.backend.data.raw.owasp.helpers.separate_request.request_wrapper(request)
		param = wrapped.get_form_parameter(""BenchmarkTest00274"")
		if not param:
			param = """"

		num = 86
		
		if 7 * 42 - num > 200:
			bar = 'This_should_always_happen'
		else:
			bar = param

		import os
		import code.backend.data.raw.owasp.helpers.utils

		fileName = f'{code.backend.data.raw.owasp.helpers.utils.TESTFILES_DIR}/{bar}'
		if os.path.exists(fileName):
			RESPONSE += ( f""File \'{escape_for_html(fileName)}\' exists."" )
		else:
			RESPONSE += ( f""File \'{escape_for_html(fileName)}\' does not exist."" )

		return RESPONSE",SAFE,CWE-22,OWASP
56,"'''
OWASP Benchmark for Python v0.1

This file is part of the Open Web Application Security Project (OWASP) Benchmark Project.
For details, please see https://owasp.org/www-project-benchmark.

The OWASP Benchmark is free software: you can redistribute it and/or modify it under the terms
of the GNU General Public License as published by the Free Software Foundation, version 3.

The OWASP Benchmark is distributed in the hope that it will be useful, but WITHOUT ANY
WARRANTY; without even the implied warranty of MERCHANTABILITY or FITNESS FOR A PARTICULAR
PURPOSE. See the GNU General Public License for more details.

  Author: Theo Cartsonis
  Created: 2025
'''

from flask import redirect, url_for, request, make_response, render_template
from code.backend.data.raw.owasp.helpers.utils import escape_for_html

def init(app):

	@app.route('/benchmark/pathtraver-00/BenchmarkTest00275', methods=['GET'])
	def BenchmarkTest00275_get():
		return BenchmarkTest00275_post()

	@app.route('/benchmark/pathtraver-00/BenchmarkTest00275', methods=['POST'])
	def BenchmarkTest00275_post():
		RESPONSE = """"

		import code.backend.data.raw.owasp.helpers.separate_request
		
		wrapped = code.backend.data.raw.owasp.helpers.separate_request.request_wrapper(request)
		param = wrapped.get_form_parameter(""BenchmarkTest00275"")
		if not param:
			param = """"

		num = 106
		
		bar = ""This_should_always_happen"" if 7 * 18 + num > 200 else param

		import pathlib
		import code.backend.data.raw.owasp.helpers.utils

		testfiles = pathlib.Path(code.backend.data.raw.owasp.helpers.utils.TESTFILES_DIR)
		p = testfiles / bar
		if p.exists():
			RESPONSE += ( f""File \'{escape_for_html(str(p))}\' exists."" )
		else:
			RESPONSE += ( f""File \'{escape_for_html(str(p))}\' does not exist."" )

		return RESPONSE",SAFE,CWE-22,OWASP
57,"'''
OWASP Benchmark for Python v0.1

This file is part of the Open Web Application Security Project (OWASP) Benchmark Project.
For details, please see https://owasp.org/www-project-benchmark.

The OWASP Benchmark is free software: you can redistribute it and/or modify it under the terms
of the GNU General Public License as published by the Free Software Foundation, version 3.

The OWASP Benchmark is distributed in the hope that it will be useful, but WITHOUT ANY
WARRANTY; without even the implied warranty of MERCHANTABILITY or FITNESS FOR A PARTICULAR
PURPOSE. See the GNU General Public License for more details.

  Author: Theo Cartsonis
  Created: 2025
'''

from flask import redirect, url_for, request, make_response, render_template
from code.backend.data.raw.owasp.helpers.utils import escape_for_html

def init(app):

	@app.route('/benchmark/pathtraver-00/BenchmarkTest00276', methods=['GET'])
	def BenchmarkTest00276_get():
		return BenchmarkTest00276_post()

	@app.route('/benchmark/pathtraver-00/BenchmarkTest00276', methods=['POST'])
	def BenchmarkTest00276_post():
		RESPONSE = """"

		import code.backend.data.raw.owasp.helpers.separate_request
		
		wrapped = code.backend.data.raw.owasp.helpers.separate_request.request_wrapper(request)
		param = wrapped.get_form_parameter(""BenchmarkTest00276"")
		if not param:
			param = """"

		import configparser
		
		bar = 'safe!'
		conf17635 = configparser.ConfigParser()
		conf17635.add_section('section17635')
		conf17635.set('section17635', 'keyA-17635', 'a_Value')
		conf17635.set('section17635', 'keyB-17635', param)
		bar = conf17635.get('section17635', 'keyA-17635')

		import pathlib
		import code.backend.data.raw.owasp.helpers.utils

		testfiles = pathlib.Path(code.backend.data.raw.owasp.helpers.utils.TESTFILES_DIR)
		p = (testfiles / bar).resolve()

		if not str(p).startswith(str(testfiles)):
			RESPONSE += (
				""Invalid Path.""
			)
			return RESPONSE
		
		if p.exists():
			RESPONSE += ( f""File \'{escape_for_html(str(p))}\' exists."" )
		else:
			RESPONSE += ( f""File \'{escape_for_html(str(p))}\' does not exist."" )

		return RESPONSE",SAFE,CWE-22,OWASP
58,"'''
OWASP Benchmark for Python v0.1

This file is part of the Open Web Application Security Project (OWASP) Benchmark Project.
For details, please see https://owasp.org/www-project-benchmark.

The OWASP Benchmark is free software: you can redistribute it and/or modify it under the terms
of the GNU General Public License as published by the Free Software Foundation, version 3.

The OWASP Benchmark is distributed in the hope that it will be useful, but WITHOUT ANY
WARRANTY; without even the implied warranty of MERCHANTABILITY or FITNESS FOR A PARTICULAR
PURPOSE. See the GNU General Public License for more details.

  Author: Theo Cartsonis
  Created: 2025
'''

from flask import redirect, url_for, request, make_response, render_template
from code.backend.data.raw.owasp.helpers.utils import escape_for_html

def init(app):

	@app.route('/benchmark/pathtraver-00/BenchmarkTest00277', methods=['GET'])
	def BenchmarkTest00277_get():
		return BenchmarkTest00277_post()

	@app.route('/benchmark/pathtraver-00/BenchmarkTest00277', methods=['POST'])
	def BenchmarkTest00277_post():
		RESPONSE = """"

		import code.backend.data.raw.owasp.helpers.separate_request
		
		wrapped = code.backend.data.raw.owasp.helpers.separate_request.request_wrapper(request)
		param = wrapped.get_form_parameter(""BenchmarkTest00277"")
		if not param:
			param = """"

		bar = """"
		if param:
			lst = []
			lst.append('safe')
			lst.append(param)
			lst.append('moresafe')
			lst.pop(0)
			bar = lst[0]

		import code.backend.data.raw.owasp.helpers.utils

		try:
			fileName = f'{code.backend.data.raw.owasp.helpers.utils.TESTFILES_DIR}/{bar}'
			with open(fileName, 'wb') as fd:
				RESPONSE += (
					f'Now ready to write to file: {escape_for_html(fileName)}'
				)
		except IOError as e:
			RESPONSE += (
				f'Problem reading from file \'{escape_for_html(fileName)}\': '
				f'{escape_for_html(e.strerror)}'
			)

		return RESPONSE",Insecure File Handling,CWE-22,OWASP
59,"'''
OWASP Benchmark for Python v0.1

This file is part of the Open Web Application Security Project (OWASP) Benchmark Project.
For details, please see https://owasp.org/www-project-benchmark.

The OWASP Benchmark is free software: you can redistribute it and/or modify it under the terms
of the GNU General Public License as published by the Free Software Foundation, version 3.

The OWASP Benchmark is distributed in the hope that it will be useful, but WITHOUT ANY
WARRANTY; without even the implied warranty of MERCHANTABILITY or FITNESS FOR A PARTICULAR
PURPOSE. See the GNU General Public License for more details.

  Author: Theo Cartsonis
  Created: 2025
'''

from flask import redirect, url_for, request, make_response, render_template
from code.backend.data.raw.owasp.helpers.utils import escape_for_html

def init(app):

	@app.route('/benchmark/xss-00/BenchmarkTest00278', methods=['GET'])
	def BenchmarkTest00278_get():
		return BenchmarkTest00278_post()

	@app.route('/benchmark/xss-00/BenchmarkTest00278', methods=['POST'])
	def BenchmarkTest00278_post():
		RESPONSE = """"

		import code.backend.data.raw.owasp.helpers.separate_request
		
		wrapped = code.backend.data.raw.owasp.helpers.separate_request.request_wrapper(request)
		param = wrapped.get_form_parameter(""BenchmarkTest00278"")
		if not param:
			param = """"

		bar = param + '_SafeStuff'


		otherarg = ""static text""
		RESPONSE += (
			f'bar is \'{bar}\' and otherarg is \'{otherarg}\''
		)

		return RESPONSE",Cross-Site Scripting,CWE-79,OWASP
60,"'''
OWASP Benchmark for Python v0.1

This file is part of the Open Web Application Security Project (OWASP) Benchmark Project.
For details, please see https://owasp.org/www-project-benchmark.

The OWASP Benchmark is free software: you can redistribute it and/or modify it under the terms
of the GNU General Public License as published by the Free Software Foundation, version 3.

The OWASP Benchmark is distributed in the hope that it will be useful, but WITHOUT ANY
WARRANTY; without even the implied warranty of MERCHANTABILITY or FITNESS FOR A PARTICULAR
PURPOSE. See the GNU General Public License for more details.

  Author: Theo Cartsonis
  Created: 2025
'''

from flask import redirect, url_for, request, make_response, render_template
from code.backend.data.raw.owasp.helpers.utils import escape_for_html

def init(app):

	@app.route('/benchmark/xss-00/BenchmarkTest00279', methods=['GET'])
	def BenchmarkTest00279_get():
		return BenchmarkTest00279_post()

	@app.route('/benchmark/xss-00/BenchmarkTest00279', methods=['POST'])
	def BenchmarkTest00279_post():
		RESPONSE = """"

		import code.backend.data.raw.owasp.helpers.separate_request
		
		wrapped = code.backend.data.raw.owasp.helpers.separate_request.request_wrapper(request)
		param = wrapped.get_form_parameter(""BenchmarkTest00279"")
		if not param:
			param = """"

		string59781 = ''
		data12 = ''
		copy = string59781
		string59781 = ''
		string59781 += param
		copy += 'SomeOKString'
		bar = copy


		otherarg = ""static text""
		RESPONSE += (
			'bar is \'{0}\' and otherarg is \'{1}\''.format(bar, otherarg)
		)

		return RESPONSE",SAFE,CWE-79,OWASP
61,"'''
OWASP Benchmark for Python v0.1

This file is part of the Open Web Application Security Project (OWASP) Benchmark Project.
For details, please see https://owasp.org/www-project-benchmark.

The OWASP Benchmark is free software: you can redistribute it and/or modify it under the terms
of the GNU General Public License as published by the Free Software Foundation, version 3.

The OWASP Benchmark is distributed in the hope that it will be useful, but WITHOUT ANY
WARRANTY; without even the implied warranty of MERCHANTABILITY or FITNESS FOR A PARTICULAR
PURPOSE. See the GNU General Public License for more details.

  Author: Theo Cartsonis
  Created: 2025
'''

from flask import redirect, url_for, request, make_response, render_template
from code.backend.data.raw.owasp.helpers.utils import escape_for_html

def init(app):

	@app.route('/benchmark/xss-00/BenchmarkTest00280', methods=['GET'])
	def BenchmarkTest00280_get():
		return BenchmarkTest00280_post()

	@app.route('/benchmark/xss-00/BenchmarkTest00280', methods=['POST'])
	def BenchmarkTest00280_post():
		RESPONSE = """"

		import code.backend.data.raw.owasp.helpers.separate_request
		
		wrapped = code.backend.data.raw.owasp.helpers.separate_request.request_wrapper(request)
		param = wrapped.get_form_parameter(""BenchmarkTest00280"")
		if not param:
			param = """"

		map40477 = {}
		map40477['keyA-40477'] = 'a-Value'
		map40477['keyB-40477'] = param
		map40477['keyC'] = 'another-Value'
		bar = ""safe!""
		bar = map40477['keyB-40477']
		bar = map40477['keyA-40477']


		dict = {}
		dict['bar'] = bar
		dict['otherarg'] = 'this is it'
		RESPONSE += (
			'bar is \'{0[bar]}\' and otherarg is \'{0[otherarg]}\''.format(dict)
		)

		return RESPONSE",SAFE,CWE-79,OWASP
62,"'''
OWASP Benchmark for Python v0.1

This file is part of the Open Web Application Security Project (OWASP) Benchmark Project.
For details, please see https://owasp.org/www-project-benchmark.

The OWASP Benchmark is free software: you can redistribute it and/or modify it under the terms
of the GNU General Public License as published by the Free Software Foundation, version 3.

The OWASP Benchmark is distributed in the hope that it will be useful, but WITHOUT ANY
WARRANTY; without even the implied warranty of MERCHANTABILITY or FITNESS FOR A PARTICULAR
PURPOSE. See the GNU General Public License for more details.

  Author: Theo Cartsonis
  Created: 2025
'''

from flask import redirect, url_for, request, make_response, render_template
from code.backend.data.raw.owasp.helpers.utils import escape_for_html

def init(app):

	@app.route('/benchmark/xss-00/BenchmarkTest00281', methods=['GET'])
	def BenchmarkTest00281_get():
		return BenchmarkTest00281_post()

	@app.route('/benchmark/xss-00/BenchmarkTest00281', methods=['POST'])
	def BenchmarkTest00281_post():
		RESPONSE = """"

		import code.backend.data.raw.owasp.helpers.separate_request
		
		wrapped = code.backend.data.raw.owasp.helpers.separate_request.request_wrapper(request)
		param = wrapped.get_form_parameter(""BenchmarkTest00281"")
		if not param:
			param = """"

		bar = ""This should never happen""
		if 'should' in bar:
			bar = param


		dict = {}
		dict['bar'] = bar
		dict['otherarg'] = 'this is it'
		RESPONSE += (
			'bar is \'{0[bar]}\' and otherarg is \'{0[otherarg]}\''.format(dict)
		)

		return RESPONSE",Cross-Site Scripting,CWE-79,OWASP
63,"'''
OWASP Benchmark for Python v0.1

This file is part of the Open Web Application Security Project (OWASP) Benchmark Project.
For details, please see https://owasp.org/www-project-benchmark.

The OWASP Benchmark is free software: you can redistribute it and/or modify it under the terms
of the GNU General Public License as published by the Free Software Foundation, version 3.

The OWASP Benchmark is distributed in the hope that it will be useful, but WITHOUT ANY
WARRANTY; without even the implied warranty of MERCHANTABILITY or FITNESS FOR A PARTICULAR
PURPOSE. See the GNU General Public License for more details.

  Author: Theo Cartsonis
  Created: 2025
'''

from flask import redirect, url_for, request, make_response, render_template
from code.backend.data.raw.owasp.helpers.utils import escape_for_html

def init(app):

	@app.route('/benchmark/xss-00/BenchmarkTest00282', methods=['GET'])
	def BenchmarkTest00282_get():
		return BenchmarkTest00282_post()

	@app.route('/benchmark/xss-00/BenchmarkTest00282', methods=['POST'])
	def BenchmarkTest00282_post():
		RESPONSE = """"

		import code.backend.data.raw.owasp.helpers.separate_request
		
		wrapped = code.backend.data.raw.owasp.helpers.separate_request.request_wrapper(request)
		param = wrapped.get_form_parameter(""BenchmarkTest00282"")
		if not param:
			param = """"

		import html
		
		bar = html.escape(param)


		otherarg = ""static text""
		RESPONSE += (
			'bar is \'%s\' and otherarg is \'%s\'' % (bar, otherarg)
		)

		return RESPONSE",SAFE,CWE-79,OWASP
64,"'''
OWASP Benchmark for Python v0.1

This file is part of the Open Web Application Security Project (OWASP) Benchmark Project.
For details, please see https://owasp.org/www-project-benchmark.

The OWASP Benchmark is free software: you can redistribute it and/or modify it under the terms
of the GNU General Public License as published by the Free Software Foundation, version 3.

The OWASP Benchmark is distributed in the hope that it will be useful, but WITHOUT ANY
WARRANTY; without even the implied warranty of MERCHANTABILITY or FITNESS FOR A PARTICULAR
PURPOSE. See the GNU General Public License for more details.

  Author: Theo Cartsonis
  Created: 2025
'''

from flask import redirect, url_for, request, make_response, render_template
from code.backend.data.raw.owasp.helpers.utils import escape_for_html

def init(app):

	@app.route('/benchmark/sqli-00/BenchmarkTest00283', methods=['GET'])
	def BenchmarkTest00283_get():
		return BenchmarkTest00283_post()

	@app.route('/benchmark/sqli-00/BenchmarkTest00283', methods=['POST'])
	def BenchmarkTest00283_post():
		RESPONSE = """"

		import code.backend.data.raw.owasp.helpers.separate_request
		
		wrapped = code.backend.data.raw.owasp.helpers.separate_request.request_wrapper(request)
		param = wrapped.get_form_parameter(""BenchmarkTest00283"")
		if not param:
			param = """"

		map8812 = {}
		map8812['keyA-8812'] = 'a-Value'
		map8812['keyB-8812'] = param
		map8812['keyC'] = 'another-Value'
		bar = map8812['keyB-8812']

		import code.backend.data.raw.owasp.helpers.db_sqlite

		sql = f'SELECT username from USERS where password = \'{bar}\''
		con = code.backend.data.raw.owasp.helpers.db_sqlite.get_connection()
		cur = con.cursor()
		cur.execute(sql)
		RESPONSE += (
			code.backend.data.raw.owasp.helpers.db_sqlite.results(cur, sql)
		)
		con.close()

		return RESPONSE",SQL Injection,CWE-89,OWASP
65,"'''
OWASP Benchmark for Python v0.1

This file is part of the Open Web Application Security Project (OWASP) Benchmark Project.
For details, please see https://owasp.org/www-project-benchmark.

The OWASP Benchmark is free software: you can redistribute it and/or modify it under the terms
of the GNU General Public License as published by the Free Software Foundation, version 3.

The OWASP Benchmark is distributed in the hope that it will be useful, but WITHOUT ANY
WARRANTY; without even the implied warranty of MERCHANTABILITY or FITNESS FOR A PARTICULAR
PURPOSE. See the GNU General Public License for more details.

  Author: Theo Cartsonis
  Created: 2025
'''

from flask import redirect, url_for, request, make_response, render_template
from code.backend.data.raw.owasp.helpers.utils import escape_for_html

def init(app):

	@app.route('/benchmark/sqli-00/BenchmarkTest00284', methods=['GET'])
	def BenchmarkTest00284_get():
		return BenchmarkTest00284_post()

	@app.route('/benchmark/sqli-00/BenchmarkTest00284', methods=['POST'])
	def BenchmarkTest00284_post():
		RESPONSE = """"

		import code.backend.data.raw.owasp.helpers.separate_request
		
		wrapped = code.backend.data.raw.owasp.helpers.separate_request.request_wrapper(request)
		param = wrapped.get_form_parameter(""BenchmarkTest00284"")
		if not param:
			param = """"

		bar = ""This should never happen""
		if 'should' in bar:
			bar = param

		import code.backend.data.raw.owasp.helpers.db_sqlite

		sql = f'SELECT username from USERS where password = \'{bar}\''
		con = code.backend.data.raw.owasp.helpers.db_sqlite.get_connection()
		cur = con.cursor()
		cur.execute(sql)
		RESPONSE += (
			code.backend.data.raw.owasp.helpers.db_sqlite.results(cur, sql)
		)
		con.close()

		return RESPONSE",SQL Injection,CWE-89,OWASP
66,"'''
OWASP Benchmark for Python v0.1

This file is part of the Open Web Application Security Project (OWASP) Benchmark Project.
For details, please see https://owasp.org/www-project-benchmark.

The OWASP Benchmark is free software: you can redistribute it and/or modify it under the terms
of the GNU General Public License as published by the Free Software Foundation, version 3.

The OWASP Benchmark is distributed in the hope that it will be useful, but WITHOUT ANY
WARRANTY; without even the implied warranty of MERCHANTABILITY or FITNESS FOR A PARTICULAR
PURPOSE. See the GNU General Public License for more details.

  Author: Theo Cartsonis
  Created: 2025
'''

from flask import redirect, url_for, request, make_response, render_template
from code.backend.data.raw.owasp.helpers.utils import escape_for_html

def init(app):

	@app.route('/benchmark/sqli-00/BenchmarkTest00285', methods=['GET'])
	def BenchmarkTest00285_get():
		return BenchmarkTest00285_post()

	@app.route('/benchmark/sqli-00/BenchmarkTest00285', methods=['POST'])
	def BenchmarkTest00285_post():
		RESPONSE = """"

		import code.backend.data.raw.owasp.helpers.separate_request
		
		wrapped = code.backend.data.raw.owasp.helpers.separate_request.request_wrapper(request)
		param = wrapped.get_form_parameter(""BenchmarkTest00285"")
		if not param:
			param = """"

		import configparser
		
		bar = 'safe!'
		conf39490 = configparser.ConfigParser()
		conf39490.add_section('section39490')
		conf39490.set('section39490', 'keyA-39490', 'a-Value')
		conf39490.set('section39490', 'keyB-39490', param)
		bar = conf39490.get('section39490', 'keyB-39490')

		import code.backend.data.raw.owasp.helpers.db_sqlite

		sql = f'SELECT username from USERS where password = ?'
		con = code.backend.data.raw.owasp.helpers.db_sqlite.get_connection()
		cur = con.cursor()
		cur.execute(sql, (bar,))
		RESPONSE += (
			code.backend.data.raw.owasp.helpers.db_sqlite.results(cur, sql)
		)
		con.close()

		return RESPONSE",SAFE,CWE-89,OWASP
67,"'''
OWASP Benchmark for Python v0.1

This file is part of the Open Web Application Security Project (OWASP) Benchmark Project.
For details, please see https://owasp.org/www-project-benchmark.

The OWASP Benchmark is free software: you can redistribute it and/or modify it under the terms
of the GNU General Public License as published by the Free Software Foundation, version 3.

The OWASP Benchmark is distributed in the hope that it will be useful, but WITHOUT ANY
WARRANTY; without even the implied warranty of MERCHANTABILITY or FITNESS FOR A PARTICULAR
PURPOSE. See the GNU General Public License for more details.

  Author: Theo Cartsonis
  Created: 2025
'''

from flask import redirect, url_for, request, make_response, render_template
from code.backend.data.raw.owasp.helpers.utils import escape_for_html

def init(app):

	@app.route('/benchmark/sqli-00/BenchmarkTest00286', methods=['GET'])
	def BenchmarkTest00286_get():
		return BenchmarkTest00286_post()

	@app.route('/benchmark/sqli-00/BenchmarkTest00286', methods=['POST'])
	def BenchmarkTest00286_post():
		RESPONSE = """"

		import code.backend.data.raw.owasp.helpers.separate_request
		
		wrapped = code.backend.data.raw.owasp.helpers.separate_request.request_wrapper(request)
		param = wrapped.get_form_parameter(""BenchmarkTest00286"")
		if not param:
			param = """"

		import configparser
		
		bar = 'safe!'
		conf59255 = configparser.ConfigParser()
		conf59255.add_section('section59255')
		conf59255.set('section59255', 'keyA-59255', 'a_Value')
		conf59255.set('section59255', 'keyB-59255', param)
		bar = conf59255.get('section59255', 'keyA-59255')

		import code.backend.data.raw.owasp.helpers.db_sqlite

		sql = f'SELECT username from USERS where password = ?'
		con = code.backend.data.raw.owasp.helpers.db_sqlite.get_connection()
		cur = con.cursor()
		cur.execute(sql, (bar,))
		RESPONSE += (
			code.backend.data.raw.owasp.helpers.db_sqlite.results(cur, sql)
		)
		con.close()

		return RESPONSE",SAFE,CWE-89,OWASP
68,"'''
OWASP Benchmark for Python v0.1

This file is part of the Open Web Application Security Project (OWASP) Benchmark Project.
For details, please see https://owasp.org/www-project-benchmark.

The OWASP Benchmark is free software: you can redistribute it and/or modify it under the terms
of the GNU General Public License as published by the Free Software Foundation, version 3.

The OWASP Benchmark is distributed in the hope that it will be useful, but WITHOUT ANY
WARRANTY; without even the implied warranty of MERCHANTABILITY or FITNESS FOR A PARTICULAR
PURPOSE. See the GNU General Public License for more details.

  Author: Theo Cartsonis
  Created: 2025
'''

from flask import redirect, url_for, request, make_response, render_template
from code.backend.data.raw.owasp.helpers.utils import escape_for_html

def init(app):

	@app.route('/benchmark/xss-00/BenchmarkTest00334', methods=['GET'])
	def BenchmarkTest00334_get():
		return BenchmarkTest00334_post()

	@app.route('/benchmark/xss-00/BenchmarkTest00334', methods=['POST'])
	def BenchmarkTest00334_post():
		RESPONSE = """"

		import code.backend.data.raw.owasp.helpers.separate_request
		
		wrapped = code.backend.data.raw.owasp.helpers.separate_request.request_wrapper(request)
		param = wrapped.get_form_parameter(""BenchmarkTest00334"")
		if not param:
			param = """"

		TestParam = ""This should never happen""
		if 'should' not in TestParam:
			bar = ""Ifnot case passed""
		else:
			bar = param


		RESPONSE += (
			'The value of the bar parameter is now in a custom header.'
		)

		RESPONSE = make_response((RESPONSE, {'yourBenchmarkTest00334': bar}))
		

		return RESPONSE",SAFE,CWE-79,OWASP
69,"'''
OWASP Benchmark for Python v0.1

This file is part of the Open Web Application Security Project (OWASP) Benchmark Project.
For details, please see https://owasp.org/www-project-benchmark.

The OWASP Benchmark is free software: you can redistribute it and/or modify it under the terms
of the GNU General Public License as published by the Free Software Foundation, version 3.

The OWASP Benchmark is distributed in the hope that it will be useful, but WITHOUT ANY
WARRANTY; without even the implied warranty of MERCHANTABILITY or FITNESS FOR A PARTICULAR
PURPOSE. See the GNU General Public License for more details.

  Author: Theo Cartsonis
  Created: 2025
'''

from flask import redirect, url_for, request, make_response, render_template
from code.backend.data.raw.owasp.helpers.utils import escape_for_html

def init(app):

	@app.route('/benchmark/xss-00/BenchmarkTest00335', methods=['GET'])
	def BenchmarkTest00335_get():
		return BenchmarkTest00335_post()

	@app.route('/benchmark/xss-00/BenchmarkTest00335', methods=['POST'])
	def BenchmarkTest00335_post():
		RESPONSE = """"

		import code.backend.data.raw.owasp.helpers.separate_request
		
		wrapped = code.backend.data.raw.owasp.helpers.separate_request.request_wrapper(request)
		param = wrapped.get_form_parameter(""BenchmarkTest00335"")
		if not param:
			param = """"

		num = 86
		
		if 7 * 42 - num > 200:
			bar = 'This_should_always_happen'
		else:
			bar = param


		RESPONSE += (
			'The value of the bar parameter is now in a custom header.'
		)

		RESPONSE = make_response((RESPONSE, {'yourBenchmarkTest00335': bar}))
		

		return RESPONSE",SAFE,CWE-79,OWASP
70,"'''
OWASP Benchmark for Python v0.1

This file is part of the Open Web Application Security Project (OWASP) Benchmark Project.
For details, please see https://owasp.org/www-project-benchmark.

The OWASP Benchmark is free software: you can redistribute it and/or modify it under the terms
of the GNU General Public License as published by the Free Software Foundation, version 3.

The OWASP Benchmark is distributed in the hope that it will be useful, but WITHOUT ANY
WARRANTY; without even the implied warranty of MERCHANTABILITY or FITNESS FOR A PARTICULAR
PURPOSE. See the GNU General Public License for more details.

  Author: Theo Cartsonis
  Created: 2025
'''

from flask import redirect, url_for, request, make_response, render_template
from code.backend.data.raw.owasp.helpers.utils import escape_for_html

def init(app):

	@app.route('/benchmark/cmdi-00/BenchmarkTest00350', methods=['GET'])
	def BenchmarkTest00350_get():
		return BenchmarkTest00350_post()

	@app.route('/benchmark/cmdi-00/BenchmarkTest00350', methods=['POST'])
	def BenchmarkTest00350_post():
		RESPONSE = """"

		import code.backend.data.raw.owasp.helpers.separate_request
		
		wrapped = code.backend.data.raw.owasp.helpers.separate_request.request_wrapper(request)
		param = wrapped.get_form_parameter(""BenchmarkTest00350"")
		if not param:
			param = """"

		map11630 = {}
		map11630['keyA-11630'] = 'a-Value'
		map11630['keyB-11630'] = param
		map11630['keyC'] = 'another-Value'
		bar = ""safe!""
		bar = map11630['keyB-11630']
		bar = map11630['keyA-11630']

		import platform
		import subprocess
		import code.backend.data.raw.owasp.helpers.utils

		argStr = """"
		if platform.system() == ""Windows"":
			argStr = ""cmd.exe /c ""
		else:
			argStr = ""sh -c ""
		argStr += f""echo {bar}""

		try:
			proc = subprocess.run(argStr, shell=True, capture_output=True, encoding=""utf-8"")

			RESPONSE += (
				code.backend.data.raw.owasp.helpers.utils.commandOutput(proc)
			)
		except IOError:
			RESPONSE += (
				""Problem executing cmdi - subprocess.run(list) Test Case""
			)

		return RESPONSE",SAFE,CWE-78,OWASP
71,"'''
OWASP Benchmark for Python v0.1

This file is part of the Open Web Application Security Project (OWASP) Benchmark Project.
For details, please see https://owasp.org/www-project-benchmark.

The OWASP Benchmark is free software: you can redistribute it and/or modify it under the terms
of the GNU General Public License as published by the Free Software Foundation, version 3.

The OWASP Benchmark is distributed in the hope that it will be useful, but WITHOUT ANY
WARRANTY; without even the implied warranty of MERCHANTABILITY or FITNESS FOR A PARTICULAR
PURPOSE. See the GNU General Public License for more details.

  Author: Theo Cartsonis
  Created: 2025
'''

from flask import redirect, url_for, request, make_response, render_template
from code.backend.data.raw.owasp.helpers.utils import escape_for_html

def init(app):

	@app.route('/benchmark/pathtraver-00/BenchmarkTest00351', methods=['GET'])
	def BenchmarkTest00351_get():
		return BenchmarkTest00351_post()

	@app.route('/benchmark/pathtraver-00/BenchmarkTest00351', methods=['POST'])
	def BenchmarkTest00351_post():
		RESPONSE = """"

		param = """"
		for name in request.form.keys():
			if ""BenchmarkTest00351"" in request.form.getlist(name):
				param = name
				break

		bar = param

		import codecs
		import code.backend.data.raw.owasp.helpers.utils

		try:
			fileTarget = codecs.open(f'{code.backend.data.raw.owasp.helpers.utils.TESTFILES_DIR}/{bar}','r','utf-8')

			RESPONSE += (
				f""Access to file: \'{escape_for_html(fileTarget.name)}\' created.""
			)

			RESPONSE += (
				"" And file already exists.""
			)

		except FileNotFoundError:
			RESPONSE += (
				"" But file doesn't exist yet.""
			)

		return RESPONSE",Insecure File Handling,CWE-22,OWASP
72,"'''
OWASP Benchmark for Python v0.1

This file is part of the Open Web Application Security Project (OWASP) Benchmark Project.
For details, please see https://owasp.org/www-project-benchmark.

The OWASP Benchmark is free software: you can redistribute it and/or modify it under the terms
of the GNU General Public License as published by the Free Software Foundation, version 3.

The OWASP Benchmark is distributed in the hope that it will be useful, but WITHOUT ANY
WARRANTY; without even the implied warranty of MERCHANTABILITY or FITNESS FOR A PARTICULAR
PURPOSE. See the GNU General Public License for more details.

  Author: Theo Cartsonis
  Created: 2025
'''

from flask import redirect, url_for, request, make_response, render_template
from code.backend.data.raw.owasp.helpers.utils import escape_for_html

def init(app):

	@app.route('/benchmark/pathtraver-00/BenchmarkTest00352', methods=['GET'])
	def BenchmarkTest00352_get():
		return BenchmarkTest00352_post()

	@app.route('/benchmark/pathtraver-00/BenchmarkTest00352', methods=['POST'])
	def BenchmarkTest00352_post():
		RESPONSE = """"

		param = """"
		for name in request.form.keys():
			if ""BenchmarkTest00352"" in request.form.getlist(name):
				param = name
				break

		num = 86
		
		if 7 * 42 - num > 200:
			bar = 'This_should_always_happen'
		else:
			bar = param

		import platform
		import codecs
		import code.backend.data.raw.owasp.helpers.utils
		from urllib.parse import urlparse
		from urllib.request import url2pathname

		startURIslashes = """"

		if platform.system() == ""Windows"":
			startURIslashes = ""/""
		else:
			startURIslashes = ""//""

		try:
			fileURI = urlparse(""file:"" + startURIslashes + code.backend.data.raw.owasp.helpers.utils.TESTFILES_DIR.replace('\\', '/').replace(' ', '_') + bar)
			fileTarget = codecs.open(f'{code.backend.data.raw.owasp.helpers.utils.TESTFILES_DIR}/{bar}','r','utf-8')

			RESPONSE += (
				f""Access to file: \'{escape_for_html(fileTarget.name)}\' created.""
			)

			RESPONSE += (
				"" And file already exists.""
			)
		except FileNotFoundError:
			RESPONSE += (
				"" But file doesn't exist yet.""
			)
		except IOError:
			pass

		return RESPONSE",SAFE,CWE-22,OWASP
73,"'''
OWASP Benchmark for Python v0.1

This file is part of the Open Web Application Security Project (OWASP) Benchmark Project.
For details, please see https://owasp.org/www-project-benchmark.

The OWASP Benchmark is free software: you can redistribute it and/or modify it under the terms
of the GNU General Public License as published by the Free Software Foundation, version 3.

The OWASP Benchmark is distributed in the hope that it will be useful, but WITHOUT ANY
WARRANTY; without even the implied warranty of MERCHANTABILITY or FITNESS FOR A PARTICULAR
PURPOSE. See the GNU General Public License for more details.

  Author: Theo Cartsonis
  Created: 2025
'''

from flask import redirect, url_for, request, make_response, render_template
from code.backend.data.raw.owasp.helpers.utils import escape_for_html

def init(app):

	@app.route('/benchmark/pathtraver-00/BenchmarkTest00355', methods=['GET'])
	def BenchmarkTest00355_get():
		return BenchmarkTest00355_post()

	@app.route('/benchmark/pathtraver-00/BenchmarkTest00355', methods=['POST'])
	def BenchmarkTest00355_post():
		RESPONSE = """"

		param = """"
		for name in request.form.keys():
			if ""BenchmarkTest00355"" in request.form.getlist(name):
				param = name
				break

		import configparser
		
		bar = 'safe!'
		conf4255 = configparser.ConfigParser()
		conf4255.add_section('section4255')
		conf4255.set('section4255', 'keyA-4255', 'a_Value')
		conf4255.set('section4255', 'keyB-4255', param)
		bar = conf4255.get('section4255', 'keyA-4255')

		import code.backend.data.raw.owasp.helpers.utils

		try:
			fileName = f'{code.backend.data.raw.owasp.helpers.utils.TESTFILES_DIR}/{bar}'
			fd = open(fileName, 'wb')
			RESPONSE += (
				f'Now ready to write to file: {escape_for_html(fileName)}'
			)
		except IOError as e:
			RESPONSE += (
				f'Problem reading from file \'{escape_for_html(fileName)}\': '
				f'{escape_for_html(e.strerror)}'
			)
		finally:
			try:
				if fd is not None:
					fd.close()
			except IOError:
				pass # ""// we tried...""

		return RESPONSE",SAFE,CWE-22,OWASP
74,"'''
OWASP Benchmark for Python v0.1

This file is part of the Open Web Application Security Project (OWASP) Benchmark Project.
For details, please see https://owasp.org/www-project-benchmark.

The OWASP Benchmark is free software: you can redistribute it and/or modify it under the terms
of the GNU General Public License as published by the Free Software Foundation, version 3.

The OWASP Benchmark is distributed in the hope that it will be useful, but WITHOUT ANY
WARRANTY; without even the implied warranty of MERCHANTABILITY or FITNESS FOR A PARTICULAR
PURPOSE. See the GNU General Public License for more details.

  Author: Theo Cartsonis
  Created: 2025
'''

from flask import redirect, url_for, request, make_response, render_template
from code.backend.data.raw.owasp.helpers.utils import escape_for_html

def init(app):

	@app.route('/benchmark/pathtraver-00/BenchmarkTest00356', methods=['GET'])
	def BenchmarkTest00356_get():
		return BenchmarkTest00356_post()

	@app.route('/benchmark/pathtraver-00/BenchmarkTest00356', methods=['POST'])
	def BenchmarkTest00356_post():
		RESPONSE = """"

		param = """"
		for name in request.form.keys():
			if ""BenchmarkTest00356"" in request.form.getlist(name):
				param = name
				break

		TestParam = ""This should never happen""
		if 'should' not in TestParam:
			bar = ""Ifnot case passed""
		else:
			bar = param

		import code.backend.data.raw.owasp.helpers.utils

		if '../' in bar:
			RESPONSE += (
				'File name must not contain \'../\''
			)
			return RESPONSE

		try:
			fileName = f'{code.backend.data.raw.owasp.helpers.utils.TESTFILES_DIR}/{bar}'
			fd = open(fileName, 'wb')
			RESPONSE += (
				f'Now ready to write to file: {escape_for_html(fileName)}'
			)
		except IOError as e:
			RESPONSE += (
				f'Problem reading from file \'{escape_for_html(fileName)}\': '
				f'{escape_for_html(e.strerror)}'
			)
		finally:
			try:
				if fd is not None:
					fd.close()
			except IOError:
				pass # ""// we tried...""

		return RESPONSE",SAFE,CWE-22,OWASP
75,"'''
OWASP Benchmark for Python v0.1

This file is part of the Open Web Application Security Project (OWASP) Benchmark Project.
For details, please see https://owasp.org/www-project-benchmark.

The OWASP Benchmark is free software: you can redistribute it and/or modify it under the terms
of the GNU General Public License as published by the Free Software Foundation, version 3.

The OWASP Benchmark is distributed in the hope that it will be useful, but WITHOUT ANY
WARRANTY; without even the implied warranty of MERCHANTABILITY or FITNESS FOR A PARTICULAR
PURPOSE. See the GNU General Public License for more details.

  Author: Theo Cartsonis
  Created: 2025
'''

from flask import redirect, url_for, request, make_response, render_template
from code.backend.data.raw.owasp.helpers.utils import escape_for_html

def init(app):

	@app.route('/benchmark/pathtraver-00/BenchmarkTest00357', methods=['GET'])
	def BenchmarkTest00357_get():
		return BenchmarkTest00357_post()

	@app.route('/benchmark/pathtraver-00/BenchmarkTest00357', methods=['POST'])
	def BenchmarkTest00357_post():
		RESPONSE = """"

		param = """"
		for name in request.form.keys():
			if ""BenchmarkTest00357"" in request.form.getlist(name):
				param = name
				break

		bar = """"
		if param:
			lst = []
			lst.append('safe')
			lst.append(param)
			lst.append('moresafe')
			lst.pop(0)
			bar = lst[0]

		import os
		import code.backend.data.raw.owasp.helpers.utils

		fileName = f'{code.backend.data.raw.owasp.helpers.utils.TESTFILES_DIR}/{bar}'
		if os.path.exists(fileName):
			RESPONSE += ( f""File \'{escape_for_html(fileName)}\' exists."" )
		else:
			RESPONSE += ( f""File \'{escape_for_html(fileName)}\' does not exist."" )

		return RESPONSE",Insecure File Handling,CWE-22,OWASP
76,"'''
OWASP Benchmark for Python v0.1

This file is part of the Open Web Application Security Project (OWASP) Benchmark Project.
For details, please see https://owasp.org/www-project-benchmark.

The OWASP Benchmark is free software: you can redistribute it and/or modify it under the terms
of the GNU General Public License as published by the Free Software Foundation, version 3.

The OWASP Benchmark is distributed in the hope that it will be useful, but WITHOUT ANY
WARRANTY; without even the implied warranty of MERCHANTABILITY or FITNESS FOR A PARTICULAR
PURPOSE. See the GNU General Public License for more details.

  Author: Theo Cartsonis
  Created: 2025
'''

from flask import redirect, url_for, request, make_response, render_template
from code.backend.data.raw.owasp.helpers.utils import escape_for_html

def init(app):

	@app.route('/benchmark/pathtraver-00/BenchmarkTest00358', methods=['GET'])
	def BenchmarkTest00358_get():
		return BenchmarkTest00358_post()

	@app.route('/benchmark/pathtraver-00/BenchmarkTest00358', methods=['POST'])
	def BenchmarkTest00358_post():
		RESPONSE = """"

		param = """"
		for name in request.form.keys():
			if ""BenchmarkTest00358"" in request.form.getlist(name):
				param = name
				break

		map77851 = {}
		map77851['keyA-77851'] = 'a-Value'
		map77851['keyB-77851'] = param
		map77851['keyC'] = 'another-Value'
		bar = ""safe!""
		bar = map77851['keyB-77851']
		bar = map77851['keyA-77851']

		import pathlib
		import code.backend.data.raw.owasp.helpers.utils

		testfiles = pathlib.Path(code.backend.data.raw.owasp.helpers.utils.TESTFILES_DIR)
		p = testfiles / bar
		if p.exists():
			RESPONSE += ( f""File \'{escape_for_html(str(p))}\' exists."" )
		else:
			RESPONSE += ( f""File \'{escape_for_html(str(p))}\' does not exist."" )

		return RESPONSE",SAFE,CWE-22,OWASP
77,"'''
OWASP Benchmark for Python v0.1

This file is part of the Open Web Application Security Project (OWASP) Benchmark Project.
For details, please see https://owasp.org/www-project-benchmark.

The OWASP Benchmark is free software: you can redistribute it and/or modify it under the terms
of the GNU General Public License as published by the Free Software Foundation, version 3.

The OWASP Benchmark is distributed in the hope that it will be useful, but WITHOUT ANY
WARRANTY; without even the implied warranty of MERCHANTABILITY or FITNESS FOR A PARTICULAR
PURPOSE. See the GNU General Public License for more details.

  Author: Theo Cartsonis
  Created: 2025
'''

from flask import redirect, url_for, request, make_response, render_template
from code.backend.data.raw.owasp.helpers.utils import escape_for_html

def init(app):

	@app.route('/benchmark/pathtraver-00/BenchmarkTest00359', methods=['GET'])
	def BenchmarkTest00359_get():
		return BenchmarkTest00359_post()

	@app.route('/benchmark/pathtraver-00/BenchmarkTest00359', methods=['POST'])
	def BenchmarkTest00359_post():
		RESPONSE = """"

		param = """"
		for name in request.form.keys():
			if ""BenchmarkTest00359"" in request.form.getlist(name):
				param = name
				break

		bar = ""alsosafe""
		if param:
			lst = []
			lst.append('safe')
			lst.append(param)
			lst.append('moresafe')
			lst.pop(0)
			bar = lst[1]

		import pathlib
		import code.backend.data.raw.owasp.helpers.utils

		testfiles = pathlib.Path(code.backend.data.raw.owasp.helpers.utils.TESTFILES_DIR)
		p = testfiles / bar
		if p.exists():
			RESPONSE += ( f""File \'{escape_for_html(str(p))}\' exists."" )
		else:
			RESPONSE += ( f""File \'{escape_for_html(str(p))}\' does not exist."" )

		return RESPONSE",SAFE,CWE-22,OWASP
78,"'''
OWASP Benchmark for Python v0.1

This file is part of the Open Web Application Security Project (OWASP) Benchmark Project.
For details, please see https://owasp.org/www-project-benchmark.

The OWASP Benchmark is free software: you can redistribute it and/or modify it under the terms
of the GNU General Public License as published by the Free Software Foundation, version 3.

The OWASP Benchmark is distributed in the hope that it will be useful, but WITHOUT ANY
WARRANTY; without even the implied warranty of MERCHANTABILITY or FITNESS FOR A PARTICULAR
PURPOSE. See the GNU General Public License for more details.

  Author: Theo Cartsonis
  Created: 2025
'''

from flask import redirect, url_for, request, make_response, render_template
from code.backend.data.raw.owasp.helpers.utils import escape_for_html

def init(app):

	@app.route('/benchmark/pathtraver-00/BenchmarkTest00360', methods=['GET'])
	def BenchmarkTest00360_get():
		return BenchmarkTest00360_post()

	@app.route('/benchmark/pathtraver-00/BenchmarkTest00360', methods=['POST'])
	def BenchmarkTest00360_post():
		RESPONSE = """"

		param = """"
		for name in request.form.keys():
			if ""BenchmarkTest00360"" in request.form.getlist(name):
				param = name
				break

		num = 106
		
		bar = ""This_should_always_happen"" if 7 * 18 + num > 200 else param

		import pathlib
		import code.backend.data.raw.owasp.helpers.utils

		testfiles = pathlib.Path(code.backend.data.raw.owasp.helpers.utils.TESTFILES_DIR)
		p = testfiles / bar
		if p.exists():
			RESPONSE += ( f""File \'{escape_for_html(str(p))}\' exists."" )
		else:
			RESPONSE += ( f""File \'{escape_for_html(str(p))}\' does not exist."" )

		return RESPONSE",SAFE,CWE-22,OWASP
79,"'''
OWASP Benchmark for Python v0.1

This file is part of the Open Web Application Security Project (OWASP) Benchmark Project.
For details, please see https://owasp.org/www-project-benchmark.

The OWASP Benchmark is free software: you can redistribute it and/or modify it under the terms
of the GNU General Public License as published by the Free Software Foundation, version 3.

The OWASP Benchmark is distributed in the hope that it will be useful, but WITHOUT ANY
WARRANTY; without even the implied warranty of MERCHANTABILITY or FITNESS FOR A PARTICULAR
PURPOSE. See the GNU General Public License for more details.

  Author: Theo Cartsonis
  Created: 2025
'''

from flask import redirect, url_for, request, make_response, render_template
from code.backend.data.raw.owasp.helpers.utils import escape_for_html

def init(app):

	@app.route('/benchmark/pathtraver-00/BenchmarkTest00361', methods=['GET'])
	def BenchmarkTest00361_get():
		return BenchmarkTest00361_post()

	@app.route('/benchmark/pathtraver-00/BenchmarkTest00361', methods=['POST'])
	def BenchmarkTest00361_post():
		RESPONSE = """"

		param = """"
		for name in request.form.keys():
			if ""BenchmarkTest00361"" in request.form.getlist(name):
				param = name
				break

		map27963 = {}
		map27963['keyA-27963'] = 'a-Value'
		map27963['keyB-27963'] = param
		map27963['keyC'] = 'another-Value'
		bar = ""safe!""
		bar = map27963['keyB-27963']
		bar = map27963['keyA-27963']

		import pathlib
		import code.backend.data.raw.owasp.helpers.utils

		try:
			testfiles = pathlib.Path(code.backend.data.raw.owasp.helpers.utils.TESTFILES_DIR)
			p = testfiles / bar
			RESPONSE += (
				f'The beginning of file: \'{escape_for_html(str(p))}\' is:\n\n'
				f'{escape_for_html(p.read_text()[:1000])}'
			)
		except OSError:
			RESPONSE += (
				f'Problem reading from file \'{{escape_for_html(fileName)}}\': '
				f'{escape_for_html(e.strerror)}'
			)

		return RESPONSE",SAFE,CWE-22,OWASP
80,"'''
OWASP Benchmark for Python v0.1

This file is part of the Open Web Application Security Project (OWASP) Benchmark Project.
For details, please see https://owasp.org/www-project-benchmark.

The OWASP Benchmark is free software: you can redistribute it and/or modify it under the terms
of the GNU General Public License as published by the Free Software Foundation, version 3.

The OWASP Benchmark is distributed in the hope that it will be useful, but WITHOUT ANY
WARRANTY; without even the implied warranty of MERCHANTABILITY or FITNESS FOR A PARTICULAR
PURPOSE. See the GNU General Public License for more details.

  Author: Theo Cartsonis
  Created: 2025
'''

from flask import redirect, url_for, request, make_response, render_template
from code.backend.data.raw.owasp.helpers.utils import escape_for_html

def init(app):

	@app.route('/benchmark/xss-00/BenchmarkTest00362', methods=['GET'])
	def BenchmarkTest00362_get():
		return BenchmarkTest00362_post()

	@app.route('/benchmark/xss-00/BenchmarkTest00362', methods=['POST'])
	def BenchmarkTest00362_post():
		RESPONSE = """"

		param = """"
		for name in request.form.keys():
			if ""BenchmarkTest00362"" in request.form.getlist(name):
				param = name
				break

		import code.backend.data.raw.owasp.helpers.ThingFactory
		
		thing = code.backend.data.raw.owasp.helpers.ThingFactory.createThing()
		bar = thing.doSomething(param)


		otherarg = ""static text""
		RESPONSE += (
			f'bar is \'{bar}\' and otherarg is \'{otherarg}\''
		)

		return RESPONSE",Cross-Site Scripting,CWE-79,OWASP
81,"'''
OWASP Benchmark for Python v0.1

This file is part of the Open Web Application Security Project (OWASP) Benchmark Project.
For details, please see https://owasp.org/www-project-benchmark.

The OWASP Benchmark is free software: you can redistribute it and/or modify it under the terms
of the GNU General Public License as published by the Free Software Foundation, version 3.

The OWASP Benchmark is distributed in the hope that it will be useful, but WITHOUT ANY
WARRANTY; without even the implied warranty of MERCHANTABILITY or FITNESS FOR A PARTICULAR
PURPOSE. See the GNU General Public License for more details.

  Author: Theo Cartsonis
  Created: 2025
'''

from flask import redirect, url_for, request, make_response, render_template
from code.backend.data.raw.owasp.helpers.utils import escape_for_html

def init(app):

	@app.route('/benchmark/xss-00/BenchmarkTest00363', methods=['GET'])
	def BenchmarkTest00363_get():
		return BenchmarkTest00363_post()

	@app.route('/benchmark/xss-00/BenchmarkTest00363', methods=['POST'])
	def BenchmarkTest00363_post():
		RESPONSE = """"

		param = """"
		for name in request.form.keys():
			if ""BenchmarkTest00363"" in request.form.getlist(name):
				param = name
				break

		num = 106
		
		bar = ""This_should_always_happen"" if 7 * 18 + num > 200 else param


		otherarg = ""static text""
		RESPONSE += (
			'bar is \'{0}\' and otherarg is \'{1}\''.format(bar, otherarg)
		)

		return RESPONSE",SAFE,CWE-79,OWASP
82,"'''
OWASP Benchmark for Python v0.1

This file is part of the Open Web Application Security Project (OWASP) Benchmark Project.
For details, please see https://owasp.org/www-project-benchmark.

The OWASP Benchmark is free software: you can redistribute it and/or modify it under the terms
of the GNU General Public License as published by the Free Software Foundation, version 3.

The OWASP Benchmark is distributed in the hope that it will be useful, but WITHOUT ANY
WARRANTY; without even the implied warranty of MERCHANTABILITY or FITNESS FOR A PARTICULAR
PURPOSE. See the GNU General Public License for more details.

  Author: Theo Cartsonis
  Created: 2025
'''

from flask import redirect, url_for, request, make_response, render_template
from code.backend.data.raw.owasp.helpers.utils import escape_for_html

def init(app):

	@app.route('/benchmark/xss-00/BenchmarkTest00364', methods=['GET'])
	def BenchmarkTest00364_get():
		return BenchmarkTest00364_post()

	@app.route('/benchmark/xss-00/BenchmarkTest00364', methods=['POST'])
	def BenchmarkTest00364_post():
		RESPONSE = """"

		param = """"
		for name in request.form.keys():
			if ""BenchmarkTest00364"" in request.form.getlist(name):
				param = name
				break

		import code.backend.data.raw.owasp.helpers.utils
		bar = code.backend.data.raw.owasp.helpers.utils.escape_for_html(param)


		dict = {}
		dict['bar'] = bar
		dict['otherarg'] = 'this is it'
		RESPONSE += (
			'bar is \'{0[bar]}\' and otherarg is \'{0[otherarg]}\''.format(dict)
		)

		return RESPONSE",SAFE,CWE-79,OWASP
83,"'''
OWASP Benchmark for Python v0.1

This file is part of the Open Web Application Security Project (OWASP) Benchmark Project.
For details, please see https://owasp.org/www-project-benchmark.

The OWASP Benchmark is free software: you can redistribute it and/or modify it under the terms
of the GNU General Public License as published by the Free Software Foundation, version 3.

The OWASP Benchmark is distributed in the hope that it will be useful, but WITHOUT ANY
WARRANTY; without even the implied warranty of MERCHANTABILITY or FITNESS FOR A PARTICULAR
PURPOSE. See the GNU General Public License for more details.

  Author: Theo Cartsonis
  Created: 2025
'''

from flask import redirect, url_for, request, make_response, render_template
from code.backend.data.raw.owasp.helpers.utils import escape_for_html

def init(app):

	@app.route('/benchmark/xss-00/BenchmarkTest00365', methods=['GET'])
	def BenchmarkTest00365_get():
		return BenchmarkTest00365_post()

	@app.route('/benchmark/xss-00/BenchmarkTest00365', methods=['POST'])
	def BenchmarkTest00365_post():
		RESPONSE = """"

		param = """"
		for name in request.form.keys():
			if ""BenchmarkTest00365"" in request.form.getlist(name):
				param = name
				break

		TestParam = ""This should never happen""
		if 'should' not in TestParam:
			bar = ""Ifnot case passed""
		else:
			bar = param


		dict = {}
		dict['bar'] = bar
		dict['otherarg'] = 'this is it'
		RESPONSE += (
			'bar is \'{0[bar]}\' and otherarg is \'{0[otherarg]}\''.format(dict)
		)

		return RESPONSE",Cross-Site Scripting,CWE-79,OWASP
84,"'''
OWASP Benchmark for Python v0.1

This file is part of the Open Web Application Security Project (OWASP) Benchmark Project.
For details, please see https://owasp.org/www-project-benchmark.

The OWASP Benchmark is free software: you can redistribute it and/or modify it under the terms
of the GNU General Public License as published by the Free Software Foundation, version 3.

The OWASP Benchmark is distributed in the hope that it will be useful, but WITHOUT ANY
WARRANTY; without even the implied warranty of MERCHANTABILITY or FITNESS FOR A PARTICULAR
PURPOSE. See the GNU General Public License for more details.

  Author: Theo Cartsonis
  Created: 2025
'''

from flask import redirect, url_for, request, make_response, render_template
from code.backend.data.raw.owasp.helpers.utils import escape_for_html

def init(app):

	@app.route('/benchmark/xss-00/BenchmarkTest00366', methods=['GET'])
	def BenchmarkTest00366_get():
		return BenchmarkTest00366_post()

	@app.route('/benchmark/xss-00/BenchmarkTest00366', methods=['POST'])
	def BenchmarkTest00366_post():
		RESPONSE = """"

		param = """"
		for name in request.form.keys():
			if ""BenchmarkTest00366"" in request.form.getlist(name):
				param = name
				break

		map99262 = {}
		map99262['keyA-99262'] = 'a-Value'
		map99262['keyB-99262'] = param
		map99262['keyC'] = 'another-Value'
		bar = map99262['keyB-99262']


		otherarg = ""static text""
		RESPONSE += (
			'bar is \'%s\' and otherarg is \'%s\'' % (bar, otherarg)
		)

		return RESPONSE",Cross-Site Scripting,CWE-79,OWASP
85,"'''
OWASP Benchmark for Python v0.1

This file is part of the Open Web Application Security Project (OWASP) Benchmark Project.
For details, please see https://owasp.org/www-project-benchmark.

The OWASP Benchmark is free software: you can redistribute it and/or modify it under the terms
of the GNU General Public License as published by the Free Software Foundation, version 3.

The OWASP Benchmark is distributed in the hope that it will be useful, but WITHOUT ANY
WARRANTY; without even the implied warranty of MERCHANTABILITY or FITNESS FOR A PARTICULAR
PURPOSE. See the GNU General Public License for more details.

  Author: Theo Cartsonis
  Created: 2025
'''

from flask import redirect, url_for, request, make_response, render_template
from code.backend.data.raw.owasp.helpers.utils import escape_for_html

def init(app):

	@app.route('/benchmark/xss-00/BenchmarkTest00367', methods=['GET'])
	def BenchmarkTest00367_get():
		return BenchmarkTest00367_post()

	@app.route('/benchmark/xss-00/BenchmarkTest00367', methods=['POST'])
	def BenchmarkTest00367_post():
		RESPONSE = """"

		param = """"
		for name in request.form.keys():
			if ""BenchmarkTest00367"" in request.form.getlist(name):
				param = name
				break

		num = 106
		
		bar = ""This_should_always_happen"" if 7 * 18 + num > 200 else param


		otherarg = ""static text""
		RESPONSE += (
			'bar is \'%s\' and otherarg is \'%s\'' % (bar, otherarg)
		)

		return RESPONSE",SAFE,CWE-79,OWASP
86,"'''
OWASP Benchmark for Python v0.1

This file is part of the Open Web Application Security Project (OWASP) Benchmark Project.
For details, please see https://owasp.org/www-project-benchmark.

The OWASP Benchmark is free software: you can redistribute it and/or modify it under the terms
of the GNU General Public License as published by the Free Software Foundation, version 3.

The OWASP Benchmark is distributed in the hope that it will be useful, but WITHOUT ANY
WARRANTY; without even the implied warranty of MERCHANTABILITY or FITNESS FOR A PARTICULAR
PURPOSE. See the GNU General Public License for more details.

  Author: Theo Cartsonis
  Created: 2025
'''

from flask import redirect, url_for, request, make_response, render_template
from code.backend.data.raw.owasp.helpers.utils import escape_for_html

def init(app):

	@app.route('/benchmark/xss-00/BenchmarkTest00414', methods=['GET'])
	def BenchmarkTest00414_get():
		return BenchmarkTest00414_post()

	@app.route('/benchmark/xss-00/BenchmarkTest00414', methods=['POST'])
	def BenchmarkTest00414_post():
		RESPONSE = """"

		param = """"
		for name in request.form.keys():
			if ""BenchmarkTest00414"" in request.form.getlist(name):
				param = name
				break

		import html
		
		bar = html.escape(param)


		RESPONSE += (
			'The value of the bar parameter is now in a custom header.'
		)

		RESPONSE = make_response((RESPONSE, {'yourBenchmarkTest00414': bar}))
		

		return RESPONSE",SAFE,CWE-79,OWASP
87,"'''
OWASP Benchmark for Python v0.1

This file is part of the Open Web Application Security Project (OWASP) Benchmark Project.
For details, please see https://owasp.org/www-project-benchmark.

The OWASP Benchmark is free software: you can redistribute it and/or modify it under the terms
of the GNU General Public License as published by the Free Software Foundation, version 3.

The OWASP Benchmark is distributed in the hope that it will be useful, but WITHOUT ANY
WARRANTY; without even the implied warranty of MERCHANTABILITY or FITNESS FOR A PARTICULAR
PURPOSE. See the GNU General Public License for more details.

  Author: Theo Cartsonis
  Created: 2025
'''

from flask import redirect, url_for, request, make_response, render_template
from code.backend.data.raw.owasp.helpers.utils import escape_for_html

def init(app):

	@app.route('/benchmark/cmdi-00/BenchmarkTest00431', methods=['GET'])
	def BenchmarkTest00431_get():
		return BenchmarkTest00431_post()

	@app.route('/benchmark/cmdi-00/BenchmarkTest00431', methods=['POST'])
	def BenchmarkTest00431_post():
		RESPONSE = """"

		param = """"
		for name in request.form.keys():
			if ""BenchmarkTest00431"" in request.form.getlist(name):
				param = name
				break

		bar = param

		import platform
		import subprocess
		import code.backend.data.raw.owasp.helpers.utils

		argStr = """"
		if platform.system() == ""Windows"":
			argStr = ""cmd.exe /c ""
		else:
			argStr = ""sh -c ""
		argStr += f""echo {bar}""

		try:
			proc = subprocess.run(argStr, shell=True, capture_output=True, encoding=""utf-8"")

			RESPONSE += (
				code.backend.data.raw.owasp.helpers.utils.commandOutput(proc)
			)
		except IOError:
			RESPONSE += (
				""Problem executing cmdi - subprocess.run(list) Test Case""
			)

		return RESPONSE",Command Injection,CWE-78,OWASP
88,"'''
OWASP Benchmark for Python v0.1

This file is part of the Open Web Application Security Project (OWASP) Benchmark Project.
For details, please see https://owasp.org/www-project-benchmark.

The OWASP Benchmark is free software: you can redistribute it and/or modify it under the terms
of the GNU General Public License as published by the Free Software Foundation, version 3.

The OWASP Benchmark is distributed in the hope that it will be useful, but WITHOUT ANY
WARRANTY; without even the implied warranty of MERCHANTABILITY or FITNESS FOR A PARTICULAR
PURPOSE. See the GNU General Public License for more details.

  Author: Theo Cartsonis
  Created: 2025
'''

from flask import redirect, url_for, request, make_response, render_template
from code.backend.data.raw.owasp.helpers.utils import escape_for_html

def init(app):

	@app.route('/benchmark/cmdi-00/BenchmarkTest00432', methods=['GET'])
	def BenchmarkTest00432_get():
		return BenchmarkTest00432_post()

	@app.route('/benchmark/cmdi-00/BenchmarkTest00432', methods=['POST'])
	def BenchmarkTest00432_post():
		RESPONSE = """"

		param = """"
		for name in request.form.keys():
			if ""BenchmarkTest00432"" in request.form.getlist(name):
				param = name
				break

		import base64
		tmp = base64.b64encode(param.encode('utf-8'))
		bar = base64.b64decode(tmp).decode('utf-8')

		import platform
		import subprocess
		import code.backend.data.raw.owasp.helpers.utils

		argStr = """"
		if platform.system() == ""Windows"":
			argStr = ""cmd.exe /c ""
		else:
			argStr = ""sh -c ""
		argStr += f""echo {bar}""

		try:
			proc = subprocess.run(argStr, shell=True, capture_output=True, encoding=""utf-8"")

			RESPONSE += (
				code.backend.data.raw.owasp.helpers.utils.commandOutput(proc)
			)
		except IOError:
			RESPONSE += (
				""Problem executing cmdi - subprocess.run(list) Test Case""
			)

		return RESPONSE",Command Injection,CWE-78,OWASP
89,"'''
OWASP Benchmark for Python v0.1

This file is part of the Open Web Application Security Project (OWASP) Benchmark Project.
For details, please see https://owasp.org/www-project-benchmark.

The OWASP Benchmark is free software: you can redistribute it and/or modify it under the terms
of the GNU General Public License as published by the Free Software Foundation, version 3.

The OWASP Benchmark is distributed in the hope that it will be useful, but WITHOUT ANY
WARRANTY; without even the implied warranty of MERCHANTABILITY or FITNESS FOR A PARTICULAR
PURPOSE. See the GNU General Public License for more details.

  Author: Theo Cartsonis
  Created: 2025
'''

from flask import redirect, url_for, request, make_response, render_template
from code.backend.data.raw.owasp.helpers.utils import escape_for_html

def init(app):

	@app.route('/benchmark/xss-00/BenchmarkTest00436', methods=['GET'])
	def BenchmarkTest00436_get():
		return BenchmarkTest00436_post()

	@app.route('/benchmark/xss-00/BenchmarkTest00436', methods=['POST'])
	def BenchmarkTest00436_post():
		RESPONSE = """"

		param = request.headers.get(""Referer"")
		if not param:
		    param = """"

		bar = ""alsosafe""
		if param:
			lst = []
			lst.append('safe')
			lst.append(param)
			lst.append('moresafe')
			lst.pop(0)
			bar = lst[1]


		RESPONSE += (
			f'Parameter value: {bar}'
		)

		return RESPONSE",SAFE,CWE-79,OWASP
90,"'''
OWASP Benchmark for Python v0.1

This file is part of the Open Web Application Security Project (OWASP) Benchmark Project.
For details, please see https://owasp.org/www-project-benchmark.

The OWASP Benchmark is free software: you can redistribute it and/or modify it under the terms
of the GNU General Public License as published by the Free Software Foundation, version 3.

The OWASP Benchmark is distributed in the hope that it will be useful, but WITHOUT ANY
WARRANTY; without even the implied warranty of MERCHANTABILITY or FITNESS FOR A PARTICULAR
PURPOSE. See the GNU General Public License for more details.

  Author: Theo Cartsonis
  Created: 2025
'''

from flask import redirect, url_for, request, make_response, render_template
from code.backend.data.raw.owasp.helpers.utils import escape_for_html

def init(app):

	@app.route('/benchmark/xss-00/BenchmarkTest00437', methods=['GET'])
	def BenchmarkTest00437_get():
		return BenchmarkTest00437_post()

	@app.route('/benchmark/xss-00/BenchmarkTest00437', methods=['POST'])
	def BenchmarkTest00437_post():
		RESPONSE = """"

		param = request.headers.get(""Referer"")
		if not param:
		    param = """"

		import markupsafe
		
		bar = markupsafe.escape(param)


		RESPONSE += (
			f'Parameter value: {bar}'
		)

		return RESPONSE",SAFE,CWE-79,OWASP
91,"'''
OWASP Benchmark for Python v0.1

This file is part of the Open Web Application Security Project (OWASP) Benchmark Project.
For details, please see https://owasp.org/www-project-benchmark.

The OWASP Benchmark is free software: you can redistribute it and/or modify it under the terms
of the GNU General Public License as published by the Free Software Foundation, version 3.

The OWASP Benchmark is distributed in the hope that it will be useful, but WITHOUT ANY
WARRANTY; without even the implied warranty of MERCHANTABILITY or FITNESS FOR A PARTICULAR
PURPOSE. See the GNU General Public License for more details.

  Author: Theo Cartsonis
  Created: 2025
'''

from flask import redirect, url_for, request, make_response, render_template
from code.backend.data.raw.owasp.helpers.utils import escape_for_html

def init(app):

	@app.route('/benchmark/pathtraver-00/BenchmarkTest00438', methods=['GET'])
	def BenchmarkTest00438_get():
		return BenchmarkTest00438_post()

	@app.route('/benchmark/pathtraver-00/BenchmarkTest00438', methods=['POST'])
	def BenchmarkTest00438_post():
		RESPONSE = """"

		param = request.headers.get(""BenchmarkTest00438"")
		if not param:
		    param = """"

		map69463 = {}
		map69463['keyA-69463'] = 'a-Value'
		map69463['keyB-69463'] = param
		map69463['keyC'] = 'another-Value'
		bar = map69463['keyB-69463']

		import platform
		import codecs
		import code.backend.data.raw.owasp.helpers.utils
		from urllib.parse import urlparse
		from urllib.request import url2pathname

		startURIslashes = """"

		if platform.system() == ""Windows"":
			startURIslashes = ""/""
		else:
			startURIslashes = ""//""

		try:
			fileURI = urlparse(""file:"" + startURIslashes + code.backend.data.raw.owasp.helpers.utils.TESTFILES_DIR.replace('\\', '/').replace(' ', '_') + bar)
			fileTarget = codecs.open(f'{code.backend.data.raw.owasp.helpers.utils.TESTFILES_DIR}/{bar}','r','utf-8')

			RESPONSE += (
				f""Access to file: \'{escape_for_html(fileTarget.name)}\' created.""
			)

			RESPONSE += (
				"" And file already exists.""
			)
		except FileNotFoundError:
			RESPONSE += (
				"" But file doesn't exist yet.""
			)
		except IOError:
			pass

		return RESPONSE",Insecure File Handling,CWE-22,OWASP
92,"'''
OWASP Benchmark for Python v0.1

This file is part of the Open Web Application Security Project (OWASP) Benchmark Project.
For details, please see https://owasp.org/www-project-benchmark.

The OWASP Benchmark is free software: you can redistribute it and/or modify it under the terms
of the GNU General Public License as published by the Free Software Foundation, version 3.

The OWASP Benchmark is distributed in the hope that it will be useful, but WITHOUT ANY
WARRANTY; without even the implied warranty of MERCHANTABILITY or FITNESS FOR A PARTICULAR
PURPOSE. See the GNU General Public License for more details.

  Author: Theo Cartsonis
  Created: 2025
'''

from flask import redirect, url_for, request, make_response, render_template
from code.backend.data.raw.owasp.helpers.utils import escape_for_html

def init(app):

	@app.route('/benchmark/pathtraver-00/BenchmarkTest00441', methods=['GET'])
	def BenchmarkTest00441_get():
		return BenchmarkTest00441_post()

	@app.route('/benchmark/pathtraver-00/BenchmarkTest00441', methods=['POST'])
	def BenchmarkTest00441_post():
		RESPONSE = """"

		param = request.headers.get(""BenchmarkTest00441"")
		if not param:
		    param = """"

		num = 106
		
		bar = ""This_should_always_happen"" if 7 * 18 + num > 200 else param

		import code.backend.data.raw.owasp.helpers.utils

		try:
			fileName = f'{code.backend.data.raw.owasp.helpers.utils.TESTFILES_DIR}/{bar}'
			fd = open(fileName, 'wb')
			RESPONSE += (
				f'Now ready to write to file: {escape_for_html(fileName)}'
			)
		except IOError as e:
			RESPONSE += (
				f'Problem reading from file \'{escape_for_html(fileName)}\': '
				f'{escape_for_html(e.strerror)}'
			)
		finally:
			try:
				if fd is not None:
					fd.close()
			except IOError:
				pass # ""// we tried...""

		return RESPONSE",SAFE,CWE-22,OWASP
93,"'''
OWASP Benchmark for Python v0.1

This file is part of the Open Web Application Security Project (OWASP) Benchmark Project.
For details, please see https://owasp.org/www-project-benchmark.

The OWASP Benchmark is free software: you can redistribute it and/or modify it under the terms
of the GNU General Public License as published by the Free Software Foundation, version 3.

The OWASP Benchmark is distributed in the hope that it will be useful, but WITHOUT ANY
WARRANTY; without even the implied warranty of MERCHANTABILITY or FITNESS FOR A PARTICULAR
PURPOSE. See the GNU General Public License for more details.

  Author: Theo Cartsonis
  Created: 2025
'''

from flask import redirect, url_for, request, make_response, render_template
from code.backend.data.raw.owasp.helpers.utils import escape_for_html

def init(app):

	@app.route('/benchmark/pathtraver-00/BenchmarkTest00442', methods=['GET'])
	def BenchmarkTest00442_get():
		return BenchmarkTest00442_post()

	@app.route('/benchmark/pathtraver-00/BenchmarkTest00442', methods=['POST'])
	def BenchmarkTest00442_post():
		RESPONSE = """"

		param = request.headers.get(""BenchmarkTest00442"")
		if not param:
		    param = """"

		TestParam = ""This should never happen""
		if 'should' not in TestParam:
			bar = ""Ifnot case passed""
		else:
			bar = param

		import code.backend.data.raw.owasp.helpers.utils

		if '../' in bar:
			RESPONSE += (
				'File name must not contain \'../\''
			)
			return RESPONSE

		try:
			fileName = f'{code.backend.data.raw.owasp.helpers.utils.TESTFILES_DIR}/{bar}'
			fd = open(fileName, 'wb')
			RESPONSE += (
				f'Now ready to write to file: {escape_for_html(fileName)}'
			)
		except IOError as e:
			RESPONSE += (
				f'Problem reading from file \'{escape_for_html(fileName)}\': '
				f'{escape_for_html(e.strerror)}'
			)
		finally:
			try:
				if fd is not None:
					fd.close()
			except IOError:
				pass # ""// we tried...""

		return RESPONSE",SAFE,CWE-22,OWASP
94,"'''
OWASP Benchmark for Python v0.1

This file is part of the Open Web Application Security Project (OWASP) Benchmark Project.
For details, please see https://owasp.org/www-project-benchmark.

The OWASP Benchmark is free software: you can redistribute it and/or modify it under the terms
of the GNU General Public License as published by the Free Software Foundation, version 3.

The OWASP Benchmark is distributed in the hope that it will be useful, but WITHOUT ANY
WARRANTY; without even the implied warranty of MERCHANTABILITY or FITNESS FOR A PARTICULAR
PURPOSE. See the GNU General Public License for more details.

  Author: Theo Cartsonis
  Created: 2025
'''

from flask import redirect, url_for, request, make_response, render_template
from code.backend.data.raw.owasp.helpers.utils import escape_for_html

def init(app):

	@app.route('/benchmark/pathtraver-00/BenchmarkTest00443', methods=['GET'])
	def BenchmarkTest00443_get():
		return BenchmarkTest00443_post()

	@app.route('/benchmark/pathtraver-00/BenchmarkTest00443', methods=['POST'])
	def BenchmarkTest00443_post():
		RESPONSE = """"

		param = request.headers.get(""BenchmarkTest00443"")
		if not param:
		    param = """"

		bar = ""alsosafe""
		if param:
			lst = []
			lst.append('safe')
			lst.append(param)
			lst.append('moresafe')
			lst.pop(0)
			bar = lst[1]

		import os
		import code.backend.data.raw.owasp.helpers.utils

		fileName = f'{code.backend.data.raw.owasp.helpers.utils.TESTFILES_DIR}/{bar}'
		if os.path.exists(fileName):
			RESPONSE += ( f""File \'{escape_for_html(fileName)}\' exists."" )
		else:
			RESPONSE += ( f""File \'{escape_for_html(fileName)}\' does not exist."" )

		return RESPONSE",SAFE,CWE-22,OWASP
95,"'''
OWASP Benchmark for Python v0.1

This file is part of the Open Web Application Security Project (OWASP) Benchmark Project.
For details, please see https://owasp.org/www-project-benchmark.

The OWASP Benchmark is free software: you can redistribute it and/or modify it under the terms
of the GNU General Public License as published by the Free Software Foundation, version 3.

The OWASP Benchmark is distributed in the hope that it will be useful, but WITHOUT ANY
WARRANTY; without even the implied warranty of MERCHANTABILITY or FITNESS FOR A PARTICULAR
PURPOSE. See the GNU General Public License for more details.

  Author: Theo Cartsonis
  Created: 2025
'''

from flask import redirect, url_for, request, make_response, render_template
from code.backend.data.raw.owasp.helpers.utils import escape_for_html

def init(app):

	@app.route('/benchmark/pathtraver-00/BenchmarkTest00445', methods=['GET'])
	def BenchmarkTest00445_get():
		return BenchmarkTest00445_post()

	@app.route('/benchmark/pathtraver-00/BenchmarkTest00445', methods=['POST'])
	def BenchmarkTest00445_post():
		RESPONSE = """"

		param = request.headers.get(""BenchmarkTest00445"")
		if not param:
		    param = """"

		num = 106
		
		bar = ""This should never happen"" if (7*42) - num > 200 else param

		import pathlib
		import code.backend.data.raw.owasp.helpers.utils

		testfiles = pathlib.Path(code.backend.data.raw.owasp.helpers.utils.TESTFILES_DIR)
		p = testfiles / bar
		if p.exists():
			RESPONSE += ( f""File \'{escape_for_html(str(p))}\' exists."" )
		else:
			RESPONSE += ( f""File \'{escape_for_html(str(p))}\' does not exist."" )

		return RESPONSE",Insecure File Handling,CWE-22,OWASP
96,"'''
OWASP Benchmark for Python v0.1

This file is part of the Open Web Application Security Project (OWASP) Benchmark Project.
For details, please see https://owasp.org/www-project-benchmark.

The OWASP Benchmark is free software: you can redistribute it and/or modify it under the terms
of the GNU General Public License as published by the Free Software Foundation, version 3.

The OWASP Benchmark is distributed in the hope that it will be useful, but WITHOUT ANY
WARRANTY; without even the implied warranty of MERCHANTABILITY or FITNESS FOR A PARTICULAR
PURPOSE. See the GNU General Public License for more details.

  Author: Theo Cartsonis
  Created: 2025
'''

from flask import redirect, url_for, request, make_response, render_template
from code.backend.data.raw.owasp.helpers.utils import escape_for_html

def init(app):

	@app.route('/benchmark/pathtraver-00/BenchmarkTest00446', methods=['GET'])
	def BenchmarkTest00446_get():
		return BenchmarkTest00446_post()

	@app.route('/benchmark/pathtraver-00/BenchmarkTest00446', methods=['POST'])
	def BenchmarkTest00446_post():
		RESPONSE = """"

		param = request.headers.get(""BenchmarkTest00446"")
		if not param:
		    param = """"

		bar = param

		import pathlib
		import code.backend.data.raw.owasp.helpers.utils

		testfiles = pathlib.Path(code.backend.data.raw.owasp.helpers.utils.TESTFILES_DIR)
		p = (testfiles / bar).resolve()

		if not str(p).startswith(str(testfiles)):
			RESPONSE += (
				""Invalid Path.""
			)
			return RESPONSE
		
		if p.exists():
			RESPONSE += ( f""File \'{escape_for_html(str(p))}\' exists."" )
		else:
			RESPONSE += ( f""File \'{escape_for_html(str(p))}\' does not exist."" )

		return RESPONSE",SAFE,CWE-22,OWASP
97,"'''
OWASP Benchmark for Python v0.1

This file is part of the Open Web Application Security Project (OWASP) Benchmark Project.
For details, please see https://owasp.org/www-project-benchmark.

The OWASP Benchmark is free software: you can redistribute it and/or modify it under the terms
of the GNU General Public License as published by the Free Software Foundation, version 3.

The OWASP Benchmark is distributed in the hope that it will be useful, but WITHOUT ANY
WARRANTY; without even the implied warranty of MERCHANTABILITY or FITNESS FOR A PARTICULAR
PURPOSE. See the GNU General Public License for more details.

  Author: Theo Cartsonis
  Created: 2025
'''

from flask import redirect, url_for, request, make_response, render_template
from code.backend.data.raw.owasp.helpers.utils import escape_for_html

def init(app):

	@app.route('/benchmark/pathtraver-00/BenchmarkTest00447', methods=['GET'])
	def BenchmarkTest00447_get():
		return BenchmarkTest00447_post()

	@app.route('/benchmark/pathtraver-00/BenchmarkTest00447', methods=['POST'])
	def BenchmarkTest00447_post():
		RESPONSE = """"

		param = request.headers.get(""BenchmarkTest00447"")
		if not param:
		    param = """"

		import configparser
		
		bar = 'safe!'
		conf23110 = configparser.ConfigParser()
		conf23110.add_section('section23110')
		conf23110.set('section23110', 'keyA-23110', 'a_Value')
		conf23110.set('section23110', 'keyB-23110', param)
		bar = conf23110.get('section23110', 'keyA-23110')

		import pathlib
		import code.backend.data.raw.owasp.helpers.utils

		try:
			testfiles = pathlib.Path(code.backend.data.raw.owasp.helpers.utils.TESTFILES_DIR)
			p = testfiles / bar
			RESPONSE += (
				f'The beginning of file: \'{escape_for_html(str(p))}\' is:\n\n'
				f'{escape_for_html(p.read_text()[:1000])}'
			)
		except OSError:
			RESPONSE += (
				f'Problem reading from file \'{{escape_for_html(fileName)}}\': '
				f'{escape_for_html(e.strerror)}'
			)

		return RESPONSE",SAFE,CWE-22,OWASP
98,"'''
OWASP Benchmark for Python v0.1

This file is part of the Open Web Application Security Project (OWASP) Benchmark Project.
For details, please see https://owasp.org/www-project-benchmark.

The OWASP Benchmark is free software: you can redistribute it and/or modify it under the terms
of the GNU General Public License as published by the Free Software Foundation, version 3.

The OWASP Benchmark is distributed in the hope that it will be useful, but WITHOUT ANY
WARRANTY; without even the implied warranty of MERCHANTABILITY or FITNESS FOR A PARTICULAR
PURPOSE. See the GNU General Public License for more details.

  Author: Theo Cartsonis
  Created: 2025
'''

from flask import redirect, url_for, request, make_response, render_template
from code.backend.data.raw.owasp.helpers.utils import escape_for_html

def init(app):

	@app.route('/benchmark/pathtraver-00/BenchmarkTest00448', methods=['GET'])
	def BenchmarkTest00448_get():
		return BenchmarkTest00448_post()

	@app.route('/benchmark/pathtraver-00/BenchmarkTest00448', methods=['POST'])
	def BenchmarkTest00448_post():
		RESPONSE = """"

		param = request.headers.get(""BenchmarkTest00448"")
		if not param:
		    param = """"

		import configparser
		
		bar = 'safe!'
		conf57737 = configparser.ConfigParser()
		conf57737.add_section('section57737')
		conf57737.set('section57737', 'keyA-57737', 'a_Value')
		conf57737.set('section57737', 'keyB-57737', param)
		bar = conf57737.get('section57737', 'keyA-57737')

		import pathlib
		import code.backend.data.raw.owasp.helpers.utils

		try:
			testfiles = pathlib.Path(code.backend.data.raw.owasp.helpers.utils.TESTFILES_DIR)
			p = (testfiles / bar).resolve()

			if not str(p).startswith(str(testfiles)):
				RESPONSE += (
					""Invalid Path.""
				)
				return RESPONSE

			RESPONSE += (
				f'The beginning of file: \'{escape_for_html(str(p))}\' is:\n\n'
				f'{escape_for_html(p.read_text()[:1000])}'
			)
		except OSError:
			RESPONSE += (
				f'Problem reading from file \'{{escape_for_html(fileName)}}\': '
				f'{escape_for_html(e.strerror)}'
			)

		return RESPONSE",SAFE,CWE-22,OWASP
99,"'''
OWASP Benchmark for Python v0.1

This file is part of the Open Web Application Security Project (OWASP) Benchmark Project.
For details, please see https://owasp.org/www-project-benchmark.

The OWASP Benchmark is free software: you can redistribute it and/or modify it under the terms
of the GNU General Public License as published by the Free Software Foundation, version 3.

The OWASP Benchmark is distributed in the hope that it will be useful, but WITHOUT ANY
WARRANTY; without even the implied warranty of MERCHANTABILITY or FITNESS FOR A PARTICULAR
PURPOSE. See the GNU General Public License for more details.

  Author: Theo Cartsonis
  Created: 2025
'''

from flask import redirect, url_for, request, make_response, render_template
from code.backend.data.raw.owasp.helpers.utils import escape_for_html

def init(app):

	@app.route('/benchmark/pathtraver-00/BenchmarkTest00449', methods=['GET'])
	def BenchmarkTest00449_get():
		return BenchmarkTest00449_post()

	@app.route('/benchmark/pathtraver-00/BenchmarkTest00449', methods=['POST'])
	def BenchmarkTest00449_post():
		RESPONSE = """"

		param = request.headers.get(""BenchmarkTest00449"")
		if not param:
		    param = """"

		bar = param

		import code.backend.data.raw.owasp.helpers.utils

		try:
			fileName = f'{code.backend.data.raw.owasp.helpers.utils.TESTFILES_DIR}/{bar}'
			with open(fileName, 'wb') as fd:
				RESPONSE += (
					f'Now ready to write to file: {escape_for_html(fileName)}'
				)
		except IOError as e:
			RESPONSE += (
				f'Problem reading from file \'{escape_for_html(fileName)}\': '
				f'{escape_for_html(e.strerror)}'
			)

		return RESPONSE",Insecure File Handling,CWE-22,OWASP
100,"'''
OWASP Benchmark for Python v0.1

This file is part of the Open Web Application Security Project (OWASP) Benchmark Project.
For details, please see https://owasp.org/www-project-benchmark.

The OWASP Benchmark is free software: you can redistribute it and/or modify it under the terms
of the GNU General Public License as published by the Free Software Foundation, version 3.

The OWASP Benchmark is distributed in the hope that it will be useful, but WITHOUT ANY
WARRANTY; without even the implied warranty of MERCHANTABILITY or FITNESS FOR A PARTICULAR
PURPOSE. See the GNU General Public License for more details.

  Author: Theo Cartsonis
  Created: 2025
'''

from flask import redirect, url_for, request, make_response, render_template
from code.backend.data.raw.owasp.helpers.utils import escape_for_html

def init(app):

	@app.route('/benchmark/xss-00/BenchmarkTest00450', methods=['GET'])
	def BenchmarkTest00450_get():
		return BenchmarkTest00450_post()

	@app.route('/benchmark/xss-00/BenchmarkTest00450', methods=['POST'])
	def BenchmarkTest00450_post():
		RESPONSE = """"

		param = request.headers.get(""Referer"")
		if not param:
		    param = """"

		bar = ""This should never happen""
		if 'should' in bar:
			bar = param


		otherarg = ""static text""
		RESPONSE += (
			'bar is \'{0}\' and otherarg is \'{1}\''.format(bar, otherarg)
		)

		return RESPONSE",Cross-Site Scripting,CWE-79,OWASP
101,"'''
OWASP Benchmark for Python v0.1

This file is part of the Open Web Application Security Project (OWASP) Benchmark Project.
For details, please see https://owasp.org/www-project-benchmark.

The OWASP Benchmark is free software: you can redistribute it and/or modify it under the terms
of the GNU General Public License as published by the Free Software Foundation, version 3.

The OWASP Benchmark is distributed in the hope that it will be useful, but WITHOUT ANY
WARRANTY; without even the implied warranty of MERCHANTABILITY or FITNESS FOR A PARTICULAR
PURPOSE. See the GNU General Public License for more details.

  Author: Theo Cartsonis
  Created: 2025
'''

from flask import redirect, url_for, request, make_response, render_template
from code.backend.data.raw.owasp.helpers.utils import escape_for_html

def init(app):

	@app.route('/benchmark/xss-00/BenchmarkTest00451', methods=['GET'])
	def BenchmarkTest00451_get():
		return BenchmarkTest00451_post()

	@app.route('/benchmark/xss-00/BenchmarkTest00451', methods=['POST'])
	def BenchmarkTest00451_post():
		RESPONSE = """"

		param = request.headers.get(""Referer"")
		if not param:
		    param = """"

		import base64
		tmp = base64.b64encode(param.encode('utf-8'))
		bar = base64.b64decode(tmp).decode('utf-8')


		dict = {}
		dict['bar'] = bar
		dict['otherarg'] = 'this is it'
		RESPONSE += (
			'bar is \'{0[bar]}\' and otherarg is \'{0[otherarg]}\''.format(dict)
		)

		return RESPONSE",Cross-Site Scripting,CWE-79,OWASP
102,"'''
OWASP Benchmark for Python v0.1

This file is part of the Open Web Application Security Project (OWASP) Benchmark Project.
For details, please see https://owasp.org/www-project-benchmark.

The OWASP Benchmark is free software: you can redistribute it and/or modify it under the terms
of the GNU General Public License as published by the Free Software Foundation, version 3.

The OWASP Benchmark is distributed in the hope that it will be useful, but WITHOUT ANY
WARRANTY; without even the implied warranty of MERCHANTABILITY or FITNESS FOR A PARTICULAR
PURPOSE. See the GNU General Public License for more details.

  Author: Theo Cartsonis
  Created: 2025
'''

from flask import redirect, url_for, request, make_response, render_template
from code.backend.data.raw.owasp.helpers.utils import escape_for_html

def init(app):

	@app.route('/benchmark/xss-00/BenchmarkTest00452', methods=['GET'])
	def BenchmarkTest00452_get():
		return BenchmarkTest00452_post()

	@app.route('/benchmark/xss-00/BenchmarkTest00452', methods=['POST'])
	def BenchmarkTest00452_post():
		RESPONSE = """"

		param = request.headers.get(""Referer"")
		if not param:
		    param = """"

		import html
		
		bar = html.escape(param)


		dict = {}
		dict['bar'] = bar
		dict['otherarg'] = 'this is it'
		RESPONSE += (
			'bar is \'{0[bar]}\' and otherarg is \'{0[otherarg]}\''.format(dict)
		)

		return RESPONSE",SAFE,CWE-79,OWASP
103,"'''
OWASP Benchmark for Python v0.1

This file is part of the Open Web Application Security Project (OWASP) Benchmark Project.
For details, please see https://owasp.org/www-project-benchmark.

The OWASP Benchmark is free software: you can redistribute it and/or modify it under the terms
of the GNU General Public License as published by the Free Software Foundation, version 3.

The OWASP Benchmark is distributed in the hope that it will be useful, but WITHOUT ANY
WARRANTY; without even the implied warranty of MERCHANTABILITY or FITNESS FOR A PARTICULAR
PURPOSE. See the GNU General Public License for more details.

  Author: Theo Cartsonis
  Created: 2025
'''

from flask import redirect, url_for, request, make_response, render_template
from code.backend.data.raw.owasp.helpers.utils import escape_for_html

def init(app):

	@app.route('/benchmark/xss-00/BenchmarkTest00453', methods=['GET'])
	def BenchmarkTest00453_get():
		return BenchmarkTest00453_post()

	@app.route('/benchmark/xss-00/BenchmarkTest00453', methods=['POST'])
	def BenchmarkTest00453_post():
		RESPONSE = """"

		param = request.headers.get(""Referer"")
		if not param:
		    param = """"

		import base64
		tmp = base64.b64encode(param.encode('utf-8'))
		bar = base64.b64decode(tmp).decode('utf-8')


		otherarg = ""static text""
		RESPONSE += (
			'bar is \'%s\' and otherarg is \'%s\'' % (bar, otherarg)
		)

		return RESPONSE",Cross-Site Scripting,CWE-79,OWASP
104,"'''
OWASP Benchmark for Python v0.1

This file is part of the Open Web Application Security Project (OWASP) Benchmark Project.
For details, please see https://owasp.org/www-project-benchmark.

The OWASP Benchmark is free software: you can redistribute it and/or modify it under the terms
of the GNU General Public License as published by the Free Software Foundation, version 3.

The OWASP Benchmark is distributed in the hope that it will be useful, but WITHOUT ANY
WARRANTY; without even the implied warranty of MERCHANTABILITY or FITNESS FOR A PARTICULAR
PURPOSE. See the GNU General Public License for more details.

  Author: Theo Cartsonis
  Created: 2025
'''

from flask import redirect, url_for, request, make_response, render_template
from code.backend.data.raw.owasp.helpers.utils import escape_for_html

def init(app):

	@app.route('/benchmark/sqli-00/BenchmarkTest00454', methods=['GET'])
	def BenchmarkTest00454_get():
		return BenchmarkTest00454_post()

	@app.route('/benchmark/sqli-00/BenchmarkTest00454', methods=['POST'])
	def BenchmarkTest00454_post():
		RESPONSE = """"

		param = request.headers.get(""BenchmarkTest00454"")
		if not param:
		    param = """"

		import base64
		tmp = base64.b64encode(param.encode('utf-8'))
		bar = base64.b64decode(tmp).decode('utf-8')

		import code.backend.data.raw.owasp.helpers.db_sqlite

		sql = f'SELECT username from USERS where password = \'{bar}\''
		con = code.backend.data.raw.owasp.helpers.db_sqlite.get_connection()
		cur = con.cursor()
		cur.execute(sql)
		RESPONSE += (
			code.backend.data.raw.owasp.helpers.db_sqlite.results(cur, sql)
		)
		con.close()

		return RESPONSE",SQL Injection,CWE-89,OWASP
105,"'''
OWASP Benchmark for Python v0.1

This file is part of the Open Web Application Security Project (OWASP) Benchmark Project.
For details, please see https://owasp.org/www-project-benchmark.

The OWASP Benchmark is free software: you can redistribute it and/or modify it under the terms
of the GNU General Public License as published by the Free Software Foundation, version 3.

The OWASP Benchmark is distributed in the hope that it will be useful, but WITHOUT ANY
WARRANTY; without even the implied warranty of MERCHANTABILITY or FITNESS FOR A PARTICULAR
PURPOSE. See the GNU General Public License for more details.

  Author: Theo Cartsonis
  Created: 2025
'''

from flask import redirect, url_for, request, make_response, render_template
from code.backend.data.raw.owasp.helpers.utils import escape_for_html

def init(app):

	@app.route('/benchmark/sqli-00/BenchmarkTest00455', methods=['GET'])
	def BenchmarkTest00455_get():
		return BenchmarkTest00455_post()

	@app.route('/benchmark/sqli-00/BenchmarkTest00455', methods=['POST'])
	def BenchmarkTest00455_post():
		RESPONSE = """"

		param = request.headers.get(""BenchmarkTest00455"")
		if not param:
		    param = """"

		map61311 = {}
		map61311['keyA-61311'] = 'a-Value'
		map61311['keyB-61311'] = param
		map61311['keyC'] = 'another-Value'
		bar = map61311['keyB-61311']

		import code.backend.data.raw.owasp.helpers.db_sqlite

		sql = f'SELECT username from USERS where password = \'{bar}\''
		con = code.backend.data.raw.owasp.helpers.db_sqlite.get_connection()
		cur = con.cursor()
		cur.execute(sql)
		RESPONSE += (
			code.backend.data.raw.owasp.helpers.db_sqlite.results(cur, sql)
		)
		con.close()

		return RESPONSE",SQL Injection,CWE-89,OWASP
106,"'''
OWASP Benchmark for Python v0.1

This file is part of the Open Web Application Security Project (OWASP) Benchmark Project.
For details, please see https://owasp.org/www-project-benchmark.

The OWASP Benchmark is free software: you can redistribute it and/or modify it under the terms
of the GNU General Public License as published by the Free Software Foundation, version 3.

The OWASP Benchmark is distributed in the hope that it will be useful, but WITHOUT ANY
WARRANTY; without even the implied warranty of MERCHANTABILITY or FITNESS FOR A PARTICULAR
PURPOSE. See the GNU General Public License for more details.

  Author: Theo Cartsonis
  Created: 2025
'''

from flask import redirect, url_for, request, make_response, render_template
from code.backend.data.raw.owasp.helpers.utils import escape_for_html

def init(app):

	@app.route('/benchmark/xss-00/BenchmarkTest00493', methods=['GET'])
	def BenchmarkTest00493_get():
		return BenchmarkTest00493_post()

	@app.route('/benchmark/xss-00/BenchmarkTest00493', methods=['POST'])
	def BenchmarkTest00493_post():
		RESPONSE = """"

		param = request.headers.get(""Referer"")
		if not param:
		    param = """"

		string80566 = ''
		data12 = ''
		copy = string80566
		string80566 = ''
		string80566 += param
		copy += 'SomeOKString'
		bar = copy


		RESPONSE += (
			'The value of the bar parameter is now in a custom header.'
		)

		RESPONSE = make_response((RESPONSE, {'yourBenchmarkTest00493': bar}))
		

		return RESPONSE",SAFE,CWE-79,OWASP
107,"'''
OWASP Benchmark for Python v0.1

This file is part of the Open Web Application Security Project (OWASP) Benchmark Project.
For details, please see https://owasp.org/www-project-benchmark.

The OWASP Benchmark is free software: you can redistribute it and/or modify it under the terms
of the GNU General Public License as published by the Free Software Foundation, version 3.

The OWASP Benchmark is distributed in the hope that it will be useful, but WITHOUT ANY
WARRANTY; without even the implied warranty of MERCHANTABILITY or FITNESS FOR A PARTICULAR
PURPOSE. See the GNU General Public License for more details.

  Author: Theo Cartsonis
  Created: 2025
'''

from flask import redirect, url_for, request, make_response, render_template
from code.backend.data.raw.owasp.helpers.utils import escape_for_html

def init(app):

	@app.route('/benchmark/cmdi-00/BenchmarkTest00511', methods=['GET'])
	def BenchmarkTest00511_get():
		return BenchmarkTest00511_post()

	@app.route('/benchmark/cmdi-00/BenchmarkTest00511', methods=['POST'])
	def BenchmarkTest00511_post():
		RESPONSE = """"

		param = request.headers.get(""BenchmarkTest00511"")
		if not param:
		    param = """"

		bar = """"
		if param:
			lst = []
			lst.append('safe')
			lst.append(param)
			lst.append('moresafe')
			lst.pop(0)
			bar = lst[0]

		import os
		import subprocess
		import code.backend.data.raw.owasp.helpers.utils

		argList = []
		if ""Windows"" in os.name:
			argList.append(""cmd.exe"")
			argList.append(""-c"")
		else:
			argList.append(""sh"")
			argList.append(""-c"")
		argList.append(f""echo {bar}"")

		proc = subprocess.run(argList, capture_output=True, encoding=""utf-8"")
		RESPONSE += (
			code.backend.data.raw.owasp.helpers.utils.commandOutput(proc)
		)

		return RESPONSE",Command Injection,CWE-78,OWASP
108,"'''
OWASP Benchmark for Python v0.1

This file is part of the Open Web Application Security Project (OWASP) Benchmark Project.
For details, please see https://owasp.org/www-project-benchmark.

The OWASP Benchmark is free software: you can redistribute it and/or modify it under the terms
of the GNU General Public License as published by the Free Software Foundation, version 3.

The OWASP Benchmark is distributed in the hope that it will be useful, but WITHOUT ANY
WARRANTY; without even the implied warranty of MERCHANTABILITY or FITNESS FOR A PARTICULAR
PURPOSE. See the GNU General Public License for more details.

  Author: Theo Cartsonis
  Created: 2025
'''

from flask import redirect, url_for, request, make_response, render_template
from code.backend.data.raw.owasp.helpers.utils import escape_for_html

def init(app):

	@app.route('/benchmark/cmdi-00/BenchmarkTest00512', methods=['GET'])
	def BenchmarkTest00512_get():
		return BenchmarkTest00512_post()

	@app.route('/benchmark/cmdi-00/BenchmarkTest00512', methods=['POST'])
	def BenchmarkTest00512_post():
		RESPONSE = """"

		param = request.headers.get(""BenchmarkTest00512"")
		if not param:
		    param = """"

		import configparser
		
		bar = 'safe!'
		conf41882 = configparser.ConfigParser()
		conf41882.add_section('section41882')
		conf41882.set('section41882', 'keyA-41882', 'a_Value')
		conf41882.set('section41882', 'keyB-41882', param)
		bar = conf41882.get('section41882', 'keyA-41882')

		import platform
		import subprocess
		import code.backend.data.raw.owasp.helpers.utils

		argStr = """"
		if platform.system() == ""Windows"":
			argStr = ""cmd.exe /c ""
		else:
			argStr = ""sh -c ""
		argStr += f""echo {bar}""

		try:
			proc = subprocess.run(argStr, shell=True, capture_output=True, encoding=""utf-8"")

			RESPONSE += (
				code.backend.data.raw.owasp.helpers.utils.commandOutput(proc)
			)
		except IOError:
			RESPONSE += (
				""Problem executing cmdi - subprocess.run(list) Test Case""
			)

		return RESPONSE",SAFE,CWE-78,OWASP
109,"'''
OWASP Benchmark for Python v0.1

This file is part of the Open Web Application Security Project (OWASP) Benchmark Project.
For details, please see https://owasp.org/www-project-benchmark.

The OWASP Benchmark is free software: you can redistribute it and/or modify it under the terms
of the GNU General Public License as published by the Free Software Foundation, version 3.

The OWASP Benchmark is distributed in the hope that it will be useful, but WITHOUT ANY
WARRANTY; without even the implied warranty of MERCHANTABILITY or FITNESS FOR A PARTICULAR
PURPOSE. See the GNU General Public License for more details.

  Author: Theo Cartsonis
  Created: 2025
'''

from flask import redirect, url_for, request, make_response, render_template
from code.backend.data.raw.owasp.helpers.utils import escape_for_html

def init(app):

	@app.route('/benchmark/xss-00/BenchmarkTest00515', methods=['GET'])
	def BenchmarkTest00515_get():
		return BenchmarkTest00515_post()

	@app.route('/benchmark/xss-00/BenchmarkTest00515', methods=['POST'])
	def BenchmarkTest00515_post():
		RESPONSE = """"

		param = """"
		headers = request.headers.getlist(""Referer"")
		
		if headers:
			param = headers[0]

		num = 106
		
		bar = ""This should never happen"" if (7*42) - num > 200 else param


		RESPONSE += (
			f'Parameter value: {bar}'
		)

		return RESPONSE",Cross-Site Scripting,CWE-79,OWASP
110,"'''
OWASP Benchmark for Python v0.1

This file is part of the Open Web Application Security Project (OWASP) Benchmark Project.
For details, please see https://owasp.org/www-project-benchmark.

The OWASP Benchmark is free software: you can redistribute it and/or modify it under the terms
of the GNU General Public License as published by the Free Software Foundation, version 3.

The OWASP Benchmark is distributed in the hope that it will be useful, but WITHOUT ANY
WARRANTY; without even the implied warranty of MERCHANTABILITY or FITNESS FOR A PARTICULAR
PURPOSE. See the GNU General Public License for more details.

  Author: Theo Cartsonis
  Created: 2025
'''

from flask import redirect, url_for, request, make_response, render_template
from code.backend.data.raw.owasp.helpers.utils import escape_for_html

def init(app):

	@app.route('/benchmark/pathtraver-00/BenchmarkTest00517', methods=['GET'])
	def BenchmarkTest00517_get():
		return BenchmarkTest00517_post()

	@app.route('/benchmark/pathtraver-00/BenchmarkTest00517', methods=['POST'])
	def BenchmarkTest00517_post():
		RESPONSE = """"

		param = """"
		headers = request.headers.getlist(""BenchmarkTest00517"")
		
		if headers:
			param = headers[0]

		import code.backend.data.raw.owasp.helpers.ThingFactory
		
		thing = code.backend.data.raw.owasp.helpers.ThingFactory.createThing()
		bar = thing.doSomething(param)

		import platform
		import codecs
		import code.backend.data.raw.owasp.helpers.utils
		from urllib.parse import urlparse
		from urllib.request import url2pathname

		startURIslashes = """"

		if platform.system() == ""Windows"":
			startURIslashes = ""/""
		else:
			startURIslashes = ""//""

		try:
			fileURI = urlparse(""file:"" + startURIslashes + code.backend.data.raw.owasp.helpers.utils.TESTFILES_DIR.replace('\\', '/').replace(' ', '_') + bar)
			fileTarget = codecs.open(f'{code.backend.data.raw.owasp.helpers.utils.TESTFILES_DIR}/{bar}','r','utf-8')

			RESPONSE += (
				f""Access to file: \'{escape_for_html(fileTarget.name)}\' created.""
			)

			RESPONSE += (
				"" And file already exists.""
			)
		except FileNotFoundError:
			RESPONSE += (
				"" But file doesn't exist yet.""
			)
		except IOError:
			pass

		return RESPONSE",Insecure File Handling,CWE-22,OWASP
111,"'''
OWASP Benchmark for Python v0.1

This file is part of the Open Web Application Security Project (OWASP) Benchmark Project.
For details, please see https://owasp.org/www-project-benchmark.

The OWASP Benchmark is free software: you can redistribute it and/or modify it under the terms
of the GNU General Public License as published by the Free Software Foundation, version 3.

The OWASP Benchmark is distributed in the hope that it will be useful, but WITHOUT ANY
WARRANTY; without even the implied warranty of MERCHANTABILITY or FITNESS FOR A PARTICULAR
PURPOSE. See the GNU General Public License for more details.

  Author: Theo Cartsonis
  Created: 2025
'''

from flask import redirect, url_for, request, make_response, render_template
from code.backend.data.raw.owasp.helpers.utils import escape_for_html

def init(app):

	@app.route('/benchmark/pathtraver-00/BenchmarkTest00521', methods=['GET'])
	def BenchmarkTest00521_get():
		return BenchmarkTest00521_post()

	@app.route('/benchmark/pathtraver-00/BenchmarkTest00521', methods=['POST'])
	def BenchmarkTest00521_post():
		RESPONSE = """"

		param = """"
		headers = request.headers.getlist(""BenchmarkTest00521"")
		
		if headers:
			param = headers[0]

		bar = ""alsosafe""
		if param:
			lst = []
			lst.append('safe')
			lst.append(param)
			lst.append('moresafe')
			lst.pop(0)
			bar = lst[1]

		import code.backend.data.raw.owasp.helpers.utils

		try:
			fileName = f'{code.backend.data.raw.owasp.helpers.utils.TESTFILES_DIR}/{bar}'
			fd = open(fileName, 'wb')
			RESPONSE += (
				f'Now ready to write to file: {escape_for_html(fileName)}'
			)
		except IOError as e:
			RESPONSE += (
				f'Problem reading from file \'{escape_for_html(fileName)}\': '
				f'{escape_for_html(e.strerror)}'
			)
		finally:
			try:
				if fd is not None:
					fd.close()
			except IOError:
				pass # ""// we tried...""

		return RESPONSE",SAFE,CWE-22,OWASP
112,"'''
OWASP Benchmark for Python v0.1

This file is part of the Open Web Application Security Project (OWASP) Benchmark Project.
For details, please see https://owasp.org/www-project-benchmark.

The OWASP Benchmark is free software: you can redistribute it and/or modify it under the terms
of the GNU General Public License as published by the Free Software Foundation, version 3.

The OWASP Benchmark is distributed in the hope that it will be useful, but WITHOUT ANY
WARRANTY; without even the implied warranty of MERCHANTABILITY or FITNESS FOR A PARTICULAR
PURPOSE. See the GNU General Public License for more details.

  Author: Theo Cartsonis
  Created: 2025
'''

from flask import redirect, url_for, request, make_response, render_template
from code.backend.data.raw.owasp.helpers.utils import escape_for_html

def init(app):

	@app.route('/benchmark/pathtraver-00/BenchmarkTest00523', methods=['GET'])
	def BenchmarkTest00523_get():
		return BenchmarkTest00523_post()

	@app.route('/benchmark/pathtraver-00/BenchmarkTest00523', methods=['POST'])
	def BenchmarkTest00523_post():
		RESPONSE = """"

		param = """"
		headers = request.headers.getlist(""BenchmarkTest00523"")
		
		if headers:
			param = headers[0]

		bar = param

		import pathlib
		import code.backend.data.raw.owasp.helpers.utils

		testfiles = pathlib.Path(code.backend.data.raw.owasp.helpers.utils.TESTFILES_DIR)
		p = testfiles / bar
		if p.exists():
			RESPONSE += ( f""File \'{escape_for_html(str(p))}\' exists."" )
		else:
			RESPONSE += ( f""File \'{escape_for_html(str(p))}\' does not exist."" )

		return RESPONSE",Insecure File Handling,CWE-22,OWASP
113,"'''
OWASP Benchmark for Python v0.1

This file is part of the Open Web Application Security Project (OWASP) Benchmark Project.
For details, please see https://owasp.org/www-project-benchmark.

The OWASP Benchmark is free software: you can redistribute it and/or modify it under the terms
of the GNU General Public License as published by the Free Software Foundation, version 3.

The OWASP Benchmark is distributed in the hope that it will be useful, but WITHOUT ANY
WARRANTY; without even the implied warranty of MERCHANTABILITY or FITNESS FOR A PARTICULAR
PURPOSE. See the GNU General Public License for more details.

  Author: Theo Cartsonis
  Created: 2025
'''

from flask import redirect, url_for, request, make_response, render_template
from code.backend.data.raw.owasp.helpers.utils import escape_for_html

def init(app):

	@app.route('/benchmark/pathtraver-00/BenchmarkTest00524', methods=['GET'])
	def BenchmarkTest00524_get():
		return BenchmarkTest00524_post()

	@app.route('/benchmark/pathtraver-00/BenchmarkTest00524', methods=['POST'])
	def BenchmarkTest00524_post():
		RESPONSE = """"

		param = """"
		headers = request.headers.getlist(""BenchmarkTest00524"")
		
		if headers:
			param = headers[0]

		import code.backend.data.raw.owasp.helpers.ThingFactory
		
		thing = code.backend.data.raw.owasp.helpers.ThingFactory.createThing()
		bar = thing.doSomething(param)

		import pathlib
		import code.backend.data.raw.owasp.helpers.utils

		testfiles = pathlib.Path(code.backend.data.raw.owasp.helpers.utils.TESTFILES_DIR)
		p = (testfiles / bar).resolve()

		if not str(p).startswith(str(testfiles)):
			RESPONSE += (
				""Invalid Path.""
			)
			return RESPONSE
		
		if p.exists():
			RESPONSE += ( f""File \'{escape_for_html(str(p))}\' exists."" )
		else:
			RESPONSE += ( f""File \'{escape_for_html(str(p))}\' does not exist."" )

		return RESPONSE",SAFE,CWE-22,OWASP
114,"'''
OWASP Benchmark for Python v0.1

This file is part of the Open Web Application Security Project (OWASP) Benchmark Project.
For details, please see https://owasp.org/www-project-benchmark.

The OWASP Benchmark is free software: you can redistribute it and/or modify it under the terms
of the GNU General Public License as published by the Free Software Foundation, version 3.

The OWASP Benchmark is distributed in the hope that it will be useful, but WITHOUT ANY
WARRANTY; without even the implied warranty of MERCHANTABILITY or FITNESS FOR A PARTICULAR
PURPOSE. See the GNU General Public License for more details.

  Author: Theo Cartsonis
  Created: 2025
'''

from flask import redirect, url_for, request, make_response, render_template
from code.backend.data.raw.owasp.helpers.utils import escape_for_html

def init(app):

	@app.route('/benchmark/pathtraver-00/BenchmarkTest00525', methods=['GET'])
	def BenchmarkTest00525_get():
		return BenchmarkTest00525_post()

	@app.route('/benchmark/pathtraver-00/BenchmarkTest00525', methods=['POST'])
	def BenchmarkTest00525_post():
		RESPONSE = """"

		param = """"
		headers = request.headers.getlist(""BenchmarkTest00525"")
		
		if headers:
			param = headers[0]

		num = 86
		
		if 7 * 42 - num > 200:
			bar = 'This_should_always_happen'
		else:
			bar = param

		import pathlib
		import code.backend.data.raw.owasp.helpers.utils

		try:
			testfiles = pathlib.Path(code.backend.data.raw.owasp.helpers.utils.TESTFILES_DIR)
			p = testfiles / bar
			RESPONSE += (
				f'The beginning of file: \'{escape_for_html(str(p))}\' is:\n\n'
				f'{escape_for_html(p.read_text()[:1000])}'
			)
		except OSError:
			RESPONSE += (
				f'Problem reading from file \'{{escape_for_html(fileName)}}\': '
				f'{escape_for_html(e.strerror)}'
			)

		return RESPONSE",SAFE,CWE-22,OWASP
115,"'''
OWASP Benchmark for Python v0.1

This file is part of the Open Web Application Security Project (OWASP) Benchmark Project.
For details, please see https://owasp.org/www-project-benchmark.

The OWASP Benchmark is free software: you can redistribute it and/or modify it under the terms
of the GNU General Public License as published by the Free Software Foundation, version 3.

The OWASP Benchmark is distributed in the hope that it will be useful, but WITHOUT ANY
WARRANTY; without even the implied warranty of MERCHANTABILITY or FITNESS FOR A PARTICULAR
PURPOSE. See the GNU General Public License for more details.

  Author: Theo Cartsonis
  Created: 2025
'''

from flask import redirect, url_for, request, make_response, render_template
from code.backend.data.raw.owasp.helpers.utils import escape_for_html

def init(app):

	@app.route('/benchmark/pathtraver-00/BenchmarkTest00526', methods=['GET'])
	def BenchmarkTest00526_get():
		return BenchmarkTest00526_post()

	@app.route('/benchmark/pathtraver-00/BenchmarkTest00526', methods=['POST'])
	def BenchmarkTest00526_post():
		RESPONSE = """"

		param = """"
		headers = request.headers.getlist(""BenchmarkTest00526"")
		
		if headers:
			param = headers[0]

		import code.backend.data.raw.owasp.helpers.ThingFactory
		
		thing = code.backend.data.raw.owasp.helpers.ThingFactory.createThing()
		bar = thing.doSomething(param)

		import pathlib
		import code.backend.data.raw.owasp.helpers.utils

		try:
			testfiles = pathlib.Path(code.backend.data.raw.owasp.helpers.utils.TESTFILES_DIR)
			p = testfiles / bar
			RESPONSE += (
				f'The beginning of file: \'{escape_for_html(str(p))}\' is:\n\n'
				f'{escape_for_html(p.read_text()[:1000])}'
			)
		except OSError:
			RESPONSE += (
				f'Problem reading from file \'{{escape_for_html(fileName)}}\': '
				f'{escape_for_html(e.strerror)}'
			)

		return RESPONSE",Insecure File Handling,CWE-22,OWASP
116,"'''
OWASP Benchmark for Python v0.1

This file is part of the Open Web Application Security Project (OWASP) Benchmark Project.
For details, please see https://owasp.org/www-project-benchmark.

The OWASP Benchmark is free software: you can redistribute it and/or modify it under the terms
of the GNU General Public License as published by the Free Software Foundation, version 3.

The OWASP Benchmark is distributed in the hope that it will be useful, but WITHOUT ANY
WARRANTY; without even the implied warranty of MERCHANTABILITY or FITNESS FOR A PARTICULAR
PURPOSE. See the GNU General Public License for more details.

  Author: Theo Cartsonis
  Created: 2025
'''

from flask import redirect, url_for, request, make_response, render_template
from code.backend.data.raw.owasp.helpers.utils import escape_for_html

def init(app):

	@app.route('/benchmark/pathtraver-00/BenchmarkTest00527', methods=['GET'])
	def BenchmarkTest00527_get():
		return BenchmarkTest00527_post()

	@app.route('/benchmark/pathtraver-00/BenchmarkTest00527', methods=['POST'])
	def BenchmarkTest00527_post():
		RESPONSE = """"

		param = """"
		headers = request.headers.getlist(""BenchmarkTest00527"")
		
		if headers:
			param = headers[0]

		bar = ""This should never happen""
		if 'should' in bar:
			bar = param

		import pathlib
		import code.backend.data.raw.owasp.helpers.utils

		try:
			testfiles = pathlib.Path(code.backend.data.raw.owasp.helpers.utils.TESTFILES_DIR)
			p = (testfiles / bar).resolve()

			if not str(p).startswith(str(testfiles)):
				RESPONSE += (
					""Invalid Path.""
				)
				return RESPONSE

			RESPONSE += (
				f'The beginning of file: \'{escape_for_html(str(p))}\' is:\n\n'
				f'{escape_for_html(p.read_text()[:1000])}'
			)
		except OSError:
			RESPONSE += (
				f'Problem reading from file \'{{escape_for_html(fileName)}}\': '
				f'{escape_for_html(e.strerror)}'
			)

		return RESPONSE",SAFE,CWE-22,OWASP
117,"'''
OWASP Benchmark for Python v0.1

This file is part of the Open Web Application Security Project (OWASP) Benchmark Project.
For details, please see https://owasp.org/www-project-benchmark.

The OWASP Benchmark is free software: you can redistribute it and/or modify it under the terms
of the GNU General Public License as published by the Free Software Foundation, version 3.

The OWASP Benchmark is distributed in the hope that it will be useful, but WITHOUT ANY
WARRANTY; without even the implied warranty of MERCHANTABILITY or FITNESS FOR A PARTICULAR
PURPOSE. See the GNU General Public License for more details.

  Author: Theo Cartsonis
  Created: 2025
'''

from flask import redirect, url_for, request, make_response, render_template
from code.backend.data.raw.owasp.helpers.utils import escape_for_html

def init(app):

	@app.route('/benchmark/pathtraver-00/BenchmarkTest00528', methods=['GET'])
	def BenchmarkTest00528_get():
		return BenchmarkTest00528_post()

	@app.route('/benchmark/pathtraver-00/BenchmarkTest00528', methods=['POST'])
	def BenchmarkTest00528_post():
		RESPONSE = """"

		param = """"
		headers = request.headers.getlist(""BenchmarkTest00528"")
		
		if headers:
			param = headers[0]

		bar = ""alsosafe""
		if param:
			lst = []
			lst.append('safe')
			lst.append(param)
			lst.append('moresafe')
			lst.pop(0)
			bar = lst[1]

		import pathlib
		import code.backend.data.raw.owasp.helpers.utils

		try:
			testfiles = pathlib.Path(code.backend.data.raw.owasp.helpers.utils.TESTFILES_DIR)
			p = (testfiles / bar).resolve()

			if not str(p).startswith(str(testfiles)):
				RESPONSE += (
					""Invalid Path.""
				)
				return RESPONSE

			RESPONSE += (
				f'The beginning of file: \'{escape_for_html(str(p))}\' is:\n\n'
				f'{escape_for_html(p.read_text()[:1000])}'
			)
		except OSError:
			RESPONSE += (
				f'Problem reading from file \'{{escape_for_html(fileName)}}\': '
				f'{escape_for_html(e.strerror)}'
			)

		return RESPONSE",SAFE,CWE-22,OWASP
118,"'''
OWASP Benchmark for Python v0.1

This file is part of the Open Web Application Security Project (OWASP) Benchmark Project.
For details, please see https://owasp.org/www-project-benchmark.

The OWASP Benchmark is free software: you can redistribute it and/or modify it under the terms
of the GNU General Public License as published by the Free Software Foundation, version 3.

The OWASP Benchmark is distributed in the hope that it will be useful, but WITHOUT ANY
WARRANTY; without even the implied warranty of MERCHANTABILITY or FITNESS FOR A PARTICULAR
PURPOSE. See the GNU General Public License for more details.

  Author: Theo Cartsonis
  Created: 2025
'''

from flask import redirect, url_for, request, make_response, render_template
from code.backend.data.raw.owasp.helpers.utils import escape_for_html

def init(app):

	@app.route('/benchmark/xss-00/BenchmarkTest00531', methods=['GET'])
	def BenchmarkTest00531_get():
		return BenchmarkTest00531_post()

	@app.route('/benchmark/xss-00/BenchmarkTest00531', methods=['POST'])
	def BenchmarkTest00531_post():
		RESPONSE = """"

		param = """"
		headers = request.headers.getlist(""Referer"")
		
		if headers:
			param = headers[0]

		import configparser
		
		bar = 'safe!'
		conf18258 = configparser.ConfigParser()
		conf18258.add_section('section18258')
		conf18258.set('section18258', 'keyA-18258', 'a-Value')
		conf18258.set('section18258', 'keyB-18258', param)
		bar = conf18258.get('section18258', 'keyB-18258')


		otherarg = ""static text""
		RESPONSE += (
			f'bar is \'{bar}\' and otherarg is \'{otherarg}\''
		)

		return RESPONSE",Cross-Site Scripting,CWE-79,OWASP
119,"'''
OWASP Benchmark for Python v0.1

This file is part of the Open Web Application Security Project (OWASP) Benchmark Project.
For details, please see https://owasp.org/www-project-benchmark.

The OWASP Benchmark is free software: you can redistribute it and/or modify it under the terms
of the GNU General Public License as published by the Free Software Foundation, version 3.

The OWASP Benchmark is distributed in the hope that it will be useful, but WITHOUT ANY
WARRANTY; without even the implied warranty of MERCHANTABILITY or FITNESS FOR A PARTICULAR
PURPOSE. See the GNU General Public License for more details.

  Author: Theo Cartsonis
  Created: 2025
'''

from flask import redirect, url_for, request, make_response, render_template
from code.backend.data.raw.owasp.helpers.utils import escape_for_html

def init(app):

	@app.route('/benchmark/xss-00/BenchmarkTest00532', methods=['GET'])
	def BenchmarkTest00532_get():
		return BenchmarkTest00532_post()

	@app.route('/benchmark/xss-00/BenchmarkTest00532', methods=['POST'])
	def BenchmarkTest00532_post():
		RESPONSE = """"

		param = """"
		headers = request.headers.getlist(""Referer"")
		
		if headers:
			param = headers[0]

		bar = ""This should never happen""
		if 'should' in bar:
			bar = param


		otherarg = ""static text""
		RESPONSE += (
			f'bar is \'{bar}\' and otherarg is \'{otherarg}\''
		)

		return RESPONSE",Cross-Site Scripting,CWE-79,OWASP
120,"'''
OWASP Benchmark for Python v0.1

This file is part of the Open Web Application Security Project (OWASP) Benchmark Project.
For details, please see https://owasp.org/www-project-benchmark.

The OWASP Benchmark is free software: you can redistribute it and/or modify it under the terms
of the GNU General Public License as published by the Free Software Foundation, version 3.

The OWASP Benchmark is distributed in the hope that it will be useful, but WITHOUT ANY
WARRANTY; without even the implied warranty of MERCHANTABILITY or FITNESS FOR A PARTICULAR
PURPOSE. See the GNU General Public License for more details.

  Author: Theo Cartsonis
  Created: 2025
'''

from flask import redirect, url_for, request, make_response, render_template
from code.backend.data.raw.owasp.helpers.utils import escape_for_html

def init(app):

	@app.route('/benchmark/xss-00/BenchmarkTest00533', methods=['GET'])
	def BenchmarkTest00533_get():
		return BenchmarkTest00533_post()

	@app.route('/benchmark/xss-00/BenchmarkTest00533', methods=['POST'])
	def BenchmarkTest00533_post():
		RESPONSE = """"

		param = """"
		headers = request.headers.getlist(""Referer"")
		
		if headers:
			param = headers[0]

		import base64
		tmp = base64.b64encode(param.encode('utf-8'))
		bar = base64.b64decode(tmp).decode('utf-8')


		otherarg = ""static text""
		RESPONSE += (
			'bar is \'%s\' and otherarg is \'%s\'' % (bar, otherarg)
		)

		return RESPONSE",Cross-Site Scripting,CWE-79,OWASP
121,"'''
OWASP Benchmark for Python v0.1

This file is part of the Open Web Application Security Project (OWASP) Benchmark Project.
For details, please see https://owasp.org/www-project-benchmark.

The OWASP Benchmark is free software: you can redistribute it and/or modify it under the terms
of the GNU General Public License as published by the Free Software Foundation, version 3.

The OWASP Benchmark is distributed in the hope that it will be useful, but WITHOUT ANY
WARRANTY; without even the implied warranty of MERCHANTABILITY or FITNESS FOR A PARTICULAR
PURPOSE. See the GNU General Public License for more details.

  Author: Theo Cartsonis
  Created: 2025
'''

from flask import redirect, url_for, request, make_response, render_template
from code.backend.data.raw.owasp.helpers.utils import escape_for_html

def init(app):

	@app.route('/benchmark/xss-00/BenchmarkTest00591', methods=['GET'])
	def BenchmarkTest00591_get():
		return BenchmarkTest00591_post()

	@app.route('/benchmark/xss-00/BenchmarkTest00591', methods=['POST'])
	def BenchmarkTest00591_post():
		RESPONSE = """"

		param = """"
		headers = request.headers.getlist(""Referer"")
		
		if headers:
			param = headers[0]

		map31207 = {}
		map31207['keyA-31207'] = 'a-Value'
		map31207['keyB-31207'] = param
		map31207['keyC'] = 'another-Value'
		bar = map31207['keyB-31207']


		RESPONSE += (
			'The value of the bar parameter is now in a custom header.'
		)

		RESPONSE = make_response((RESPONSE, {'yourBenchmarkTest00591': bar}))
		

		return RESPONSE",SAFE,CWE-79,OWASP
122,"'''
OWASP Benchmark for Python v0.1

This file is part of the Open Web Application Security Project (OWASP) Benchmark Project.
For details, please see https://owasp.org/www-project-benchmark.

The OWASP Benchmark is free software: you can redistribute it and/or modify it under the terms
of the GNU General Public License as published by the Free Software Foundation, version 3.

The OWASP Benchmark is distributed in the hope that it will be useful, but WITHOUT ANY
WARRANTY; without even the implied warranty of MERCHANTABILITY or FITNESS FOR A PARTICULAR
PURPOSE. See the GNU General Public License for more details.

  Author: Theo Cartsonis
  Created: 2025
'''

from flask import redirect, url_for, request, make_response, render_template
from code.backend.data.raw.owasp.helpers.utils import escape_for_html

def init(app):

	@app.route('/benchmark/cmdi-00/BenchmarkTest00606', methods=['GET'])
	def BenchmarkTest00606_get():
		return BenchmarkTest00606_post()

	@app.route('/benchmark/cmdi-00/BenchmarkTest00606', methods=['POST'])
	def BenchmarkTest00606_post():
		RESPONSE = """"

		param = """"
		headers = request.headers.getlist(""BenchmarkTest00606"")
		
		if headers:
			param = headers[0]

		bar = param

		import platform
		import subprocess
		import code.backend.data.raw.owasp.helpers.utils

		argStr = """"
		if platform.system() == ""Windows"":
			argStr = ""cmd.exe /c ""
		else:
			argStr = ""sh -c ""
		argStr += f""echo {bar}""

		try:
			proc = subprocess.run(argStr, shell=True, capture_output=True, encoding=""utf-8"")

			RESPONSE += (
				code.backend.data.raw.owasp.helpers.utils.commandOutput(proc)
			)
		except IOError:
			RESPONSE += (
				""Problem executing cmdi - subprocess.run(list) Test Case""
			)

		return RESPONSE",Command Injection,CWE-78,OWASP
123,"'''
OWASP Benchmark for Python v0.1

This file is part of the Open Web Application Security Project (OWASP) Benchmark Project.
For details, please see https://owasp.org/www-project-benchmark.

The OWASP Benchmark is free software: you can redistribute it and/or modify it under the terms
of the GNU General Public License as published by the Free Software Foundation, version 3.

The OWASP Benchmark is distributed in the hope that it will be useful, but WITHOUT ANY
WARRANTY; without even the implied warranty of MERCHANTABILITY or FITNESS FOR A PARTICULAR
PURPOSE. See the GNU General Public License for more details.

  Author: Theo Cartsonis
  Created: 2025
'''

from flask import redirect, url_for, request, make_response, render_template
from code.backend.data.raw.owasp.helpers.utils import escape_for_html

def init(app):

	@app.route('/benchmark/cmdi-00/BenchmarkTest00607', methods=['GET'])
	def BenchmarkTest00607_get():
		return BenchmarkTest00607_post()

	@app.route('/benchmark/cmdi-00/BenchmarkTest00607', methods=['POST'])
	def BenchmarkTest00607_post():
		RESPONSE = """"

		param = """"
		headers = request.headers.getlist(""BenchmarkTest00607"")
		
		if headers:
			param = headers[0]

		string50110 = 'help'
		string50110 += param
		string50110 += 'snapes on a plane'
		bar = string50110[4:-17]

		import platform
		import subprocess
		import code.backend.data.raw.owasp.helpers.utils

		argStr = """"
		if platform.system() == ""Windows"":
			argStr = ""cmd.exe /c ""
		else:
			argStr = ""sh -c ""
		argStr += f""echo {bar}""

		try:
			proc = subprocess.run(argStr, shell=True, capture_output=True, encoding=""utf-8"")

			RESPONSE += (
				code.backend.data.raw.owasp.helpers.utils.commandOutput(proc)
			)
		except IOError:
			RESPONSE += (
				""Problem executing cmdi - subprocess.run(list) Test Case""
			)

		return RESPONSE",Command Injection,CWE-78,OWASP
124,"'''
OWASP Benchmark for Python v0.1

This file is part of the Open Web Application Security Project (OWASP) Benchmark Project.
For details, please see https://owasp.org/www-project-benchmark.

The OWASP Benchmark is free software: you can redistribute it and/or modify it under the terms
of the GNU General Public License as published by the Free Software Foundation, version 3.

The OWASP Benchmark is distributed in the hope that it will be useful, but WITHOUT ANY
WARRANTY; without even the implied warranty of MERCHANTABILITY or FITNESS FOR A PARTICULAR
PURPOSE. See the GNU General Public License for more details.

  Author: Theo Cartsonis
  Created: 2025
'''

from flask import redirect, url_for, request, make_response, render_template
from code.backend.data.raw.owasp.helpers.utils import escape_for_html

def init(app):

	@app.route('/benchmark/pathtraver-00/BenchmarkTest00610', methods=['GET'])
	def BenchmarkTest00610_get():
		return BenchmarkTest00610_post()

	@app.route('/benchmark/pathtraver-00/BenchmarkTest00610', methods=['POST'])
	def BenchmarkTest00610_post():
		RESPONSE = """"

		import code.backend.data.raw.owasp.helpers.utils
		param = """"
		
		for name in request.headers.keys():
			if name.lower() in code.backend.data.raw.owasp.helpers.utils.commonHeaderNames:
				continue
		
			if request.headers.get_all(name):
				param = name
				break

		bar = ""This should never happen""
		if 'should' in bar:
			bar = param

		import codecs
		import code.backend.data.raw.owasp.helpers.utils

		try:
			fileTarget = codecs.open(f'{code.backend.data.raw.owasp.helpers.utils.TESTFILES_DIR}/{bar}','r','utf-8')

			RESPONSE += (
				f""Access to file: \'{escape_for_html(fileTarget.name)}\' created.""
			)

			RESPONSE += (
				"" And file already exists.""
			)

		except FileNotFoundError:
			RESPONSE += (
				"" But file doesn't exist yet.""
			)

		return RESPONSE",Insecure File Handling,CWE-22,OWASP
125,"'''
OWASP Benchmark for Python v0.1

This file is part of the Open Web Application Security Project (OWASP) Benchmark Project.
For details, please see https://owasp.org/www-project-benchmark.

The OWASP Benchmark is free software: you can redistribute it and/or modify it under the terms
of the GNU General Public License as published by the Free Software Foundation, version 3.

The OWASP Benchmark is distributed in the hope that it will be useful, but WITHOUT ANY
WARRANTY; without even the implied warranty of MERCHANTABILITY or FITNESS FOR A PARTICULAR
PURPOSE. See the GNU General Public License for more details.

  Author: Theo Cartsonis
  Created: 2025
'''

from flask import redirect, url_for, request, make_response, render_template
from code.backend.data.raw.owasp.helpers.utils import escape_for_html

def init(app):

	@app.route('/benchmark/pathtraver-01/BenchmarkTest00611', methods=['GET'])
	def BenchmarkTest00611_get():
		return BenchmarkTest00611_post()

	@app.route('/benchmark/pathtraver-01/BenchmarkTest00611', methods=['POST'])
	def BenchmarkTest00611_post():
		RESPONSE = """"

		import code.backend.data.raw.owasp.helpers.utils
		param = """"
		
		for name in request.headers.keys():
			if name.lower() in code.backend.data.raw.owasp.helpers.utils.commonHeaderNames:
				continue
		
			if request.headers.get_all(name):
				param = name
				break

		num = 86
		
		if 7 * 42 - num > 200:
			bar = 'This_should_always_happen'
		else:
			bar = param

		import codecs
		import code.backend.data.raw.owasp.helpers.utils

		try:
			fileTarget = codecs.open(f'{code.backend.data.raw.owasp.helpers.utils.TESTFILES_DIR}/{bar}','r','utf-8')

			RESPONSE += (
				f""Access to file: \'{escape_for_html(fileTarget.name)}\' created.""
			)

			RESPONSE += (
				"" And file already exists.""
			)

		except FileNotFoundError:
			RESPONSE += (
				"" But file doesn't exist yet.""
			)

		return RESPONSE",SAFE,CWE-22,OWASP
126,"'''
OWASP Benchmark for Python v0.1

This file is part of the Open Web Application Security Project (OWASP) Benchmark Project.
For details, please see https://owasp.org/www-project-benchmark.

The OWASP Benchmark is free software: you can redistribute it and/or modify it under the terms
of the GNU General Public License as published by the Free Software Foundation, version 3.

The OWASP Benchmark is distributed in the hope that it will be useful, but WITHOUT ANY
WARRANTY; without even the implied warranty of MERCHANTABILITY or FITNESS FOR A PARTICULAR
PURPOSE. See the GNU General Public License for more details.

  Author: Theo Cartsonis
  Created: 2025
'''

from flask import redirect, url_for, request, make_response, render_template
from code.backend.data.raw.owasp.helpers.utils import escape_for_html

def init(app):

	@app.route('/benchmark/pathtraver-01/BenchmarkTest00612', methods=['GET'])
	def BenchmarkTest00612_get():
		return BenchmarkTest00612_post()

	@app.route('/benchmark/pathtraver-01/BenchmarkTest00612', methods=['POST'])
	def BenchmarkTest00612_post():
		RESPONSE = """"

		import code.backend.data.raw.owasp.helpers.utils
		param = """"
		
		for name in request.headers.keys():
			if name.lower() in code.backend.data.raw.owasp.helpers.utils.commonHeaderNames:
				continue
		
			if request.headers.get_all(name):
				param = name
				break

		import code.backend.data.raw.owasp.helpers.ThingFactory
		
		thing = code.backend.data.raw.owasp.helpers.ThingFactory.createThing()
		bar = thing.doSomething(param)

		import codecs
		import code.backend.data.raw.owasp.helpers.utils

		try:
			fileTarget = codecs.open(f'{code.backend.data.raw.owasp.helpers.utils.TESTFILES_DIR}/{bar}','r','utf-8')

			RESPONSE += (
				f""Access to file: \'{escape_for_html(fileTarget.name)}\' created.""
			)

			RESPONSE += (
				"" And file already exists.""
			)

		except FileNotFoundError:
			RESPONSE += (
				"" But file doesn't exist yet.""
			)

		return RESPONSE",Insecure File Handling,CWE-22,OWASP
127,"'''
OWASP Benchmark for Python v0.1

This file is part of the Open Web Application Security Project (OWASP) Benchmark Project.
For details, please see https://owasp.org/www-project-benchmark.

The OWASP Benchmark is free software: you can redistribute it and/or modify it under the terms
of the GNU General Public License as published by the Free Software Foundation, version 3.

The OWASP Benchmark is distributed in the hope that it will be useful, but WITHOUT ANY
WARRANTY; without even the implied warranty of MERCHANTABILITY or FITNESS FOR A PARTICULAR
PURPOSE. See the GNU General Public License for more details.

  Author: Theo Cartsonis
  Created: 2025
'''

from flask import redirect, url_for, request, make_response, render_template
from code.backend.data.raw.owasp.helpers.utils import escape_for_html

def init(app):

	@app.route('/benchmark/pathtraver-01/BenchmarkTest00616', methods=['GET'])
	def BenchmarkTest00616_get():
		return BenchmarkTest00616_post()

	@app.route('/benchmark/pathtraver-01/BenchmarkTest00616', methods=['POST'])
	def BenchmarkTest00616_post():
		RESPONSE = """"

		import code.backend.data.raw.owasp.helpers.utils
		param = """"
		
		for name in request.headers.keys():
			if name.lower() in code.backend.data.raw.owasp.helpers.utils.commonHeaderNames:
				continue
		
			if request.headers.get_all(name):
				param = name
				break

		import configparser
		
		bar = 'safe!'
		conf41016 = configparser.ConfigParser()
		conf41016.add_section('section41016')
		conf41016.set('section41016', 'keyA-41016', 'a_Value')
		conf41016.set('section41016', 'keyB-41016', param)
		bar = conf41016.get('section41016', 'keyA-41016')

		import pathlib
		import code.backend.data.raw.owasp.helpers.utils

		try:
			testfiles = pathlib.Path(code.backend.data.raw.owasp.helpers.utils.TESTFILES_DIR)
			p = (testfiles / bar).resolve()

			if not str(p).startswith(str(testfiles)):
				RESPONSE += (
					""Invalid Path.""
				)
				return RESPONSE

			RESPONSE += (
				f'The beginning of file: \'{escape_for_html(str(p))}\' is:\n\n'
				f'{escape_for_html(p.read_text()[:1000])}'
			)
		except OSError:
			RESPONSE += (
				f'Problem reading from file \'{{escape_for_html(fileName)}}\': '
				f'{escape_for_html(e.strerror)}'
			)

		return RESPONSE",SAFE,CWE-22,OWASP
128,"'''
OWASP Benchmark for Python v0.1

This file is part of the Open Web Application Security Project (OWASP) Benchmark Project.
For details, please see https://owasp.org/www-project-benchmark.

The OWASP Benchmark is free software: you can redistribute it and/or modify it under the terms
of the GNU General Public License as published by the Free Software Foundation, version 3.

The OWASP Benchmark is distributed in the hope that it will be useful, but WITHOUT ANY
WARRANTY; without even the implied warranty of MERCHANTABILITY or FITNESS FOR A PARTICULAR
PURPOSE. See the GNU General Public License for more details.

  Author: Theo Cartsonis
  Created: 2025
'''

from flask import redirect, url_for, request, make_response, render_template
from code.backend.data.raw.owasp.helpers.utils import escape_for_html

def init(app):

	@app.route('/benchmark/pathtraver-01/BenchmarkTest00617', methods=['GET'])
	def BenchmarkTest00617_get():
		return BenchmarkTest00617_post()

	@app.route('/benchmark/pathtraver-01/BenchmarkTest00617', methods=['POST'])
	def BenchmarkTest00617_post():
		RESPONSE = """"

		import code.backend.data.raw.owasp.helpers.utils
		param = """"
		
		for name in request.headers.keys():
			if name.lower() in code.backend.data.raw.owasp.helpers.utils.commonHeaderNames:
				continue
		
			if request.headers.get_all(name):
				param = name
				break

		string61762 = 'help'
		string61762 += param
		string61762 += 'snapes on a plane'
		bar = string61762[4:-17]

		import pathlib
		import code.backend.data.raw.owasp.helpers.utils

		try:
			testfiles = pathlib.Path(code.backend.data.raw.owasp.helpers.utils.TESTFILES_DIR)
			p = (testfiles / bar).resolve()

			if not str(p).startswith(str(testfiles)):
				RESPONSE += (
					""Invalid Path.""
				)
				return RESPONSE

			RESPONSE += (
				f'The beginning of file: \'{escape_for_html(str(p))}\' is:\n\n'
				f'{escape_for_html(p.read_text()[:1000])}'
			)
		except OSError:
			RESPONSE += (
				f'Problem reading from file \'{{escape_for_html(fileName)}}\': '
				f'{escape_for_html(e.strerror)}'
			)

		return RESPONSE",SAFE,CWE-22,OWASP
129,"'''
OWASP Benchmark for Python v0.1

This file is part of the Open Web Application Security Project (OWASP) Benchmark Project.
For details, please see https://owasp.org/www-project-benchmark.

The OWASP Benchmark is free software: you can redistribute it and/or modify it under the terms
of the GNU General Public License as published by the Free Software Foundation, version 3.

The OWASP Benchmark is distributed in the hope that it will be useful, but WITHOUT ANY
WARRANTY; without even the implied warranty of MERCHANTABILITY or FITNESS FOR A PARTICULAR
PURPOSE. See the GNU General Public License for more details.

  Author: Theo Cartsonis
  Created: 2025
'''

from flask import redirect, url_for, request, make_response, render_template
from code.backend.data.raw.owasp.helpers.utils import escape_for_html

def init(app):

	@app.route('/benchmark/pathtraver-01/BenchmarkTest00620', methods=['GET'])
	def BenchmarkTest00620_get():
		return BenchmarkTest00620_post()

	@app.route('/benchmark/pathtraver-01/BenchmarkTest00620', methods=['POST'])
	def BenchmarkTest00620_post():
		RESPONSE = """"

		import code.backend.data.raw.owasp.helpers.utils
		param = """"
		
		for name in request.headers.keys():
			if name.lower() in code.backend.data.raw.owasp.helpers.utils.commonHeaderNames:
				continue
		
			if request.headers.get_all(name):
				param = name
				break

		import base64
		tmp = base64.b64encode(param.encode('utf-8'))
		bar = base64.b64decode(tmp).decode('utf-8')

		import code.backend.data.raw.owasp.helpers.utils

		try:
			fileName = f'{code.backend.data.raw.owasp.helpers.utils.TESTFILES_DIR}/{bar}'
			with open(fileName, 'wb') as fd:
				RESPONSE += (
					f'Now ready to write to file: {escape_for_html(fileName)}'
				)
		except IOError as e:
			RESPONSE += (
				f'Problem reading from file \'{escape_for_html(fileName)}\': '
				f'{escape_for_html(e.strerror)}'
			)

		return RESPONSE",Insecure File Handling,CWE-22,OWASP
130,"'''
OWASP Benchmark for Python v0.1

This file is part of the Open Web Application Security Project (OWASP) Benchmark Project.
For details, please see https://owasp.org/www-project-benchmark.

The OWASP Benchmark is free software: you can redistribute it and/or modify it under the terms
of the GNU General Public License as published by the Free Software Foundation, version 3.

The OWASP Benchmark is distributed in the hope that it will be useful, but WITHOUT ANY
WARRANTY; without even the implied warranty of MERCHANTABILITY or FITNESS FOR A PARTICULAR
PURPOSE. See the GNU General Public License for more details.

  Author: Theo Cartsonis
  Created: 2025
'''

from flask import redirect, url_for, request, make_response, render_template
from code.backend.data.raw.owasp.helpers.utils import escape_for_html

def init(app):

	@app.route('/benchmark/pathtraver-01/BenchmarkTest00664', methods=['GET'])
	def BenchmarkTest00664_get():
		return BenchmarkTest00664_post()

	@app.route('/benchmark/pathtraver-01/BenchmarkTest00664', methods=['POST'])
	def BenchmarkTest00664_post():
		RESPONSE = """"

		param = request.args.get(""BenchmarkTest00664"")
		if not param:
			param = """"

		import configparser
		
		bar = 'safe!'
		conf55264 = configparser.ConfigParser()
		conf55264.add_section('section55264')
		conf55264.set('section55264', 'keyA-55264', 'a_Value')
		conf55264.set('section55264', 'keyB-55264', param)
		bar = conf55264.get('section55264', 'keyA-55264')

		import pathlib
		import code.backend.data.raw.owasp.helpers.utils

		try:
			testfiles = pathlib.Path(code.backend.data.raw.owasp.helpers.utils.TESTFILES_DIR)
			p = (testfiles / bar).resolve()

			if not str(p).startswith(str(testfiles)):
				RESPONSE += (
					""Invalid Path.""
				)
				return RESPONSE

			RESPONSE += (
				f'The beginning of file: \'{escape_for_html(str(p))}\' is:\n\n'
				f'{escape_for_html(p.read_text()[:1000])}'
			)
		except OSError:
			RESPONSE += (
				f'Problem reading from file \'{{escape_for_html(fileName)}}\': '
				f'{escape_for_html(e.strerror)}'
			)

		return RESPONSE",SAFE,CWE-22,OWASP
131,"'''
OWASP Benchmark for Python v0.1

This file is part of the Open Web Application Security Project (OWASP) Benchmark Project.
For details, please see https://owasp.org/www-project-benchmark.

The OWASP Benchmark is free software: you can redistribute it and/or modify it under the terms
of the GNU General Public License as published by the Free Software Foundation, version 3.

The OWASP Benchmark is distributed in the hope that it will be useful, but WITHOUT ANY
WARRANTY; without even the implied warranty of MERCHANTABILITY or FITNESS FOR A PARTICULAR
PURPOSE. See the GNU General Public License for more details.

  Author: Theo Cartsonis
  Created: 2025
'''

from flask import redirect, url_for, request, make_response, render_template
from code.backend.data.raw.owasp.helpers.utils import escape_for_html

def init(app):

	@app.route('/benchmark/pathtraver-01/BenchmarkTest00667', methods=['GET'])
	def BenchmarkTest00667_get():
		return BenchmarkTest00667_post()

	@app.route('/benchmark/pathtraver-01/BenchmarkTest00667', methods=['POST'])
	def BenchmarkTest00667_post():
		RESPONSE = """"

		param = request.args.get(""BenchmarkTest00667"")
		if not param:
			param = """"

		import configparser
		
		bar = 'safe!'
		conf88272 = configparser.ConfigParser()
		conf88272.add_section('section88272')
		conf88272.set('section88272', 'keyA-88272', 'a-Value')
		conf88272.set('section88272', 'keyB-88272', param)
		bar = conf88272.get('section88272', 'keyB-88272')

		import code.backend.data.raw.owasp.helpers.utils

		try:
			fileName = f'{code.backend.data.raw.owasp.helpers.utils.TESTFILES_DIR}/{bar}'
			with open(fileName, 'wb') as fd:
				RESPONSE += (
					f'Now ready to write to file: {escape_for_html(fileName)}'
				)
		except IOError as e:
			RESPONSE += (
				f'Problem reading from file \'{escape_for_html(fileName)}\': '
				f'{escape_for_html(e.strerror)}'
			)

		return RESPONSE",Insecure File Handling,CWE-22,OWASP
132,"'''
OWASP Benchmark for Python v0.1

This file is part of the Open Web Application Security Project (OWASP) Benchmark Project.
For details, please see https://owasp.org/www-project-benchmark.

The OWASP Benchmark is free software: you can redistribute it and/or modify it under the terms
of the GNU General Public License as published by the Free Software Foundation, version 3.

The OWASP Benchmark is distributed in the hope that it will be useful, but WITHOUT ANY
WARRANTY; without even the implied warranty of MERCHANTABILITY or FITNESS FOR A PARTICULAR
PURPOSE. See the GNU General Public License for more details.

  Author: Theo Cartsonis
  Created: 2025
'''

from flask import redirect, url_for, request, make_response, render_template
from code.backend.data.raw.owasp.helpers.utils import escape_for_html

def init(app):

	@app.route('/benchmark/xss-00/BenchmarkTest00668', methods=['GET'])
	def BenchmarkTest00668_get():
		return BenchmarkTest00668_post()

	@app.route('/benchmark/xss-00/BenchmarkTest00668', methods=['POST'])
	def BenchmarkTest00668_post():
		RESPONSE = """"

		param = request.args.get(""BenchmarkTest00668"")
		if not param:
			param = """"

		num = 106
		
		bar = ""This_should_always_happen"" if 7 * 18 + num > 200 else param


		otherarg = ""static text""
		RESPONSE += (
			f'bar is \'{bar}\' and otherarg is \'{otherarg}\''
		)

		return RESPONSE",SAFE,CWE-79,OWASP
133,"'''
OWASP Benchmark for Python v0.1

This file is part of the Open Web Application Security Project (OWASP) Benchmark Project.
For details, please see https://owasp.org/www-project-benchmark.

The OWASP Benchmark is free software: you can redistribute it and/or modify it under the terms
of the GNU General Public License as published by the Free Software Foundation, version 3.

The OWASP Benchmark is distributed in the hope that it will be useful, but WITHOUT ANY
WARRANTY; without even the implied warranty of MERCHANTABILITY or FITNESS FOR A PARTICULAR
PURPOSE. See the GNU General Public License for more details.

  Author: Theo Cartsonis
  Created: 2025
'''

from flask import redirect, url_for, request, make_response, render_template
from code.backend.data.raw.owasp.helpers.utils import escape_for_html

def init(app):

	@app.route('/benchmark/xss-00/BenchmarkTest00669', methods=['GET'])
	def BenchmarkTest00669_get():
		return BenchmarkTest00669_post()

	@app.route('/benchmark/xss-00/BenchmarkTest00669', methods=['POST'])
	def BenchmarkTest00669_post():
		RESPONSE = """"

		param = request.args.get(""BenchmarkTest00669"")
		if not param:
			param = """"

		string40799 = 'help'
		string40799 += param
		string40799 += 'snapes on a plane'
		bar = string40799[4:-17]


		otherarg = ""static text""
		RESPONSE += (
			'bar is \'{0}\' and otherarg is \'{1}\''.format(bar, otherarg)
		)

		return RESPONSE",Cross-Site Scripting,CWE-79,OWASP
134,"'''
OWASP Benchmark for Python v0.1

This file is part of the Open Web Application Security Project (OWASP) Benchmark Project.
For details, please see https://owasp.org/www-project-benchmark.

The OWASP Benchmark is free software: you can redistribute it and/or modify it under the terms
of the GNU General Public License as published by the Free Software Foundation, version 3.

The OWASP Benchmark is distributed in the hope that it will be useful, but WITHOUT ANY
WARRANTY; without even the implied warranty of MERCHANTABILITY or FITNESS FOR A PARTICULAR
PURPOSE. See the GNU General Public License for more details.

  Author: Theo Cartsonis
  Created: 2025
'''

from flask import redirect, url_for, request, make_response, render_template
from code.backend.data.raw.owasp.helpers.utils import escape_for_html

def init(app):

	@app.route('/benchmark/xss-00/BenchmarkTest00670', methods=['GET'])
	def BenchmarkTest00670_get():
		return BenchmarkTest00670_post()

	@app.route('/benchmark/xss-00/BenchmarkTest00670', methods=['POST'])
	def BenchmarkTest00670_post():
		RESPONSE = """"

		param = request.args.get(""BenchmarkTest00670"")
		if not param:
			param = """"

		string49442 = ''
		data12 = ''
		copy = string49442
		string49442 = ''
		string49442 += param
		copy += 'SomeOKString'
		bar = copy


		otherarg = ""static text""
		RESPONSE += (
			'bar is \'{0}\' and otherarg is \'{1}\''.format(bar, otherarg)
		)

		return RESPONSE",SAFE,CWE-79,OWASP
135,"'''
OWASP Benchmark for Python v0.1

This file is part of the Open Web Application Security Project (OWASP) Benchmark Project.
For details, please see https://owasp.org/www-project-benchmark.

The OWASP Benchmark is free software: you can redistribute it and/or modify it under the terms
of the GNU General Public License as published by the Free Software Foundation, version 3.

The OWASP Benchmark is distributed in the hope that it will be useful, but WITHOUT ANY
WARRANTY; without even the implied warranty of MERCHANTABILITY or FITNESS FOR A PARTICULAR
PURPOSE. See the GNU General Public License for more details.

  Author: Theo Cartsonis
  Created: 2025
'''

from flask import redirect, url_for, request, make_response, render_template
from code.backend.data.raw.owasp.helpers.utils import escape_for_html

def init(app):

	@app.route('/benchmark/xss-00/BenchmarkTest00671', methods=['GET'])
	def BenchmarkTest00671_get():
		return BenchmarkTest00671_post()

	@app.route('/benchmark/xss-00/BenchmarkTest00671', methods=['POST'])
	def BenchmarkTest00671_post():
		RESPONSE = """"

		param = request.args.get(""BenchmarkTest00671"")
		if not param:
			param = """"

		import configparser
		
		bar = 'safe!'
		conf39424 = configparser.ConfigParser()
		conf39424.add_section('section39424')
		conf39424.set('section39424', 'keyA-39424', 'a_Value')
		conf39424.set('section39424', 'keyB-39424', param)
		bar = conf39424.get('section39424', 'keyA-39424')


		otherarg = ""static text""
		RESPONSE += (
			'bar is \'%s\' and otherarg is \'%s\'' % (bar, otherarg)
		)

		return RESPONSE",SAFE,CWE-79,OWASP
136,"'''
OWASP Benchmark for Python v0.1

This file is part of the Open Web Application Security Project (OWASP) Benchmark Project.
For details, please see https://owasp.org/www-project-benchmark.

The OWASP Benchmark is free software: you can redistribute it and/or modify it under the terms
of the GNU General Public License as published by the Free Software Foundation, version 3.

The OWASP Benchmark is distributed in the hope that it will be useful, but WITHOUT ANY
WARRANTY; without even the implied warranty of MERCHANTABILITY or FITNESS FOR A PARTICULAR
PURPOSE. See the GNU General Public License for more details.

  Author: Theo Cartsonis
  Created: 2025
'''

from flask import redirect, url_for, request, make_response, render_template
from code.backend.data.raw.owasp.helpers.utils import escape_for_html

def init(app):

	@app.route('/benchmark/xss-00/BenchmarkTest00673', methods=['GET'])
	def BenchmarkTest00673_get():
		return BenchmarkTest00673_post()

	@app.route('/benchmark/xss-00/BenchmarkTest00673', methods=['POST'])
	def BenchmarkTest00673_post():
		RESPONSE = """"

		param = request.args.get(""BenchmarkTest00673"")
		if not param:
			param = """"

		superstring = f'49441{param}abcd'
		bar = superstring[len('49441'):len(superstring)-5]


		otherarg = ""static text""
		RESPONSE += (
			'bar is \'%s\' and otherarg is \'%s\'' % (bar, otherarg)
		)

		return RESPONSE",Cross-Site Scripting,CWE-79,OWASP
137,"'''
OWASP Benchmark for Python v0.1

This file is part of the Open Web Application Security Project (OWASP) Benchmark Project.
For details, please see https://owasp.org/www-project-benchmark.

The OWASP Benchmark is free software: you can redistribute it and/or modify it under the terms
of the GNU General Public License as published by the Free Software Foundation, version 3.

The OWASP Benchmark is distributed in the hope that it will be useful, but WITHOUT ANY
WARRANTY; without even the implied warranty of MERCHANTABILITY or FITNESS FOR A PARTICULAR
PURPOSE. See the GNU General Public License for more details.

  Author: Theo Cartsonis
  Created: 2025
'''

from flask import redirect, url_for, request, make_response, render_template
from code.backend.data.raw.owasp.helpers.utils import escape_for_html

def init(app):

	@app.route('/benchmark/cmdi-00/BenchmarkTest00736', methods=['GET'])
	def BenchmarkTest00736_get():
		return BenchmarkTest00736_post()

	@app.route('/benchmark/cmdi-00/BenchmarkTest00736', methods=['POST'])
	def BenchmarkTest00736_post():
		RESPONSE = """"

		param = request.args.get(""BenchmarkTest00736"")
		if not param:
			param = """"

		map81232 = {}
		map81232['keyA-81232'] = 'a-Value'
		map81232['keyB-81232'] = param
		map81232['keyC'] = 'another-Value'
		bar = ""safe!""
		bar = map81232['keyB-81232']
		bar = map81232['keyA-81232']

		import platform
		import subprocess
		import code.backend.data.raw.owasp.helpers.utils

		argStr = """"
		if platform.system() == ""Windows"":
			argStr = ""cmd.exe /c ""
		else:
			argStr = ""sh -c ""
		argStr += f""echo {bar}""

		try:
			proc = subprocess.run(argStr, shell=True, capture_output=True, encoding=""utf-8"")

			RESPONSE += (
				code.backend.data.raw.owasp.helpers.utils.commandOutput(proc)
			)
		except IOError:
			RESPONSE += (
				""Problem executing cmdi - subprocess.run(list) Test Case""
			)

		return RESPONSE",SAFE,CWE-78,OWASP
138,"'''
OWASP Benchmark for Python v0.1

This file is part of the Open Web Application Security Project (OWASP) Benchmark Project.
For details, please see https://owasp.org/www-project-benchmark.

The OWASP Benchmark is free software: you can redistribute it and/or modify it under the terms
of the GNU General Public License as published by the Free Software Foundation, version 3.

The OWASP Benchmark is distributed in the hope that it will be useful, but WITHOUT ANY
WARRANTY; without even the implied warranty of MERCHANTABILITY or FITNESS FOR A PARTICULAR
PURPOSE. See the GNU General Public License for more details.

  Author: Theo Cartsonis
  Created: 2025
'''

from flask import redirect, url_for, request, make_response, render_template
from code.backend.data.raw.owasp.helpers.utils import escape_for_html

def init(app):

	@app.route('/benchmark/pathtraver-01/BenchmarkTest00739', methods=['GET'])
	def BenchmarkTest00739_get():
		return BenchmarkTest00739_post()

	@app.route('/benchmark/pathtraver-01/BenchmarkTest00739', methods=['POST'])
	def BenchmarkTest00739_post():
		RESPONSE = """"

		values = request.args.getlist(""BenchmarkTest00739"")
		param = """"
		if values:
			param = values[0]

		num = 106
		
		bar = ""This should never happen"" if (7*42) - num > 200 else param

		import platform
		import codecs
		import code.backend.data.raw.owasp.helpers.utils
		from urllib.parse import urlparse
		from urllib.request import url2pathname

		startURIslashes = """"

		if platform.system() == ""Windows"":
			startURIslashes = ""/""
		else:
			startURIslashes = ""//""

		try:
			fileURI = urlparse(""file:"" + startURIslashes + code.backend.data.raw.owasp.helpers.utils.TESTFILES_DIR.replace('\\', '/').replace(' ', '_') + bar)
			fileTarget = codecs.open(f'{code.backend.data.raw.owasp.helpers.utils.TESTFILES_DIR}/{bar}','r','utf-8')

			RESPONSE += (
				f""Access to file: \'{escape_for_html(fileTarget.name)}\' created.""
			)

			RESPONSE += (
				"" And file already exists.""
			)
		except FileNotFoundError:
			RESPONSE += (
				"" But file doesn't exist yet.""
			)
		except IOError:
			pass

		return RESPONSE",Insecure File Handling,CWE-22,OWASP
139,"'''
OWASP Benchmark for Python v0.1

This file is part of the Open Web Application Security Project (OWASP) Benchmark Project.
For details, please see https://owasp.org/www-project-benchmark.

The OWASP Benchmark is free software: you can redistribute it and/or modify it under the terms
of the GNU General Public License as published by the Free Software Foundation, version 3.

The OWASP Benchmark is distributed in the hope that it will be useful, but WITHOUT ANY
WARRANTY; without even the implied warranty of MERCHANTABILITY or FITNESS FOR A PARTICULAR
PURPOSE. See the GNU General Public License for more details.

  Author: Theo Cartsonis
  Created: 2025
'''

from flask import redirect, url_for, request, make_response, render_template
from code.backend.data.raw.owasp.helpers.utils import escape_for_html

def init(app):

	@app.route('/benchmark/pathtraver-01/BenchmarkTest00741', methods=['GET'])
	def BenchmarkTest00741_get():
		return BenchmarkTest00741_post()

	@app.route('/benchmark/pathtraver-01/BenchmarkTest00741', methods=['POST'])
	def BenchmarkTest00741_post():
		RESPONSE = """"

		values = request.args.getlist(""BenchmarkTest00741"")
		param = """"
		if values:
			param = values[0]

		num = 106
		
		bar = ""This should never happen"" if (7*42) - num > 200 else param

		import code.backend.data.raw.owasp.helpers.utils

		try:
			fileName = f'{code.backend.data.raw.owasp.helpers.utils.TESTFILES_DIR}/{bar}'
			fd = open(fileName, 'wb')
			RESPONSE += (
				f'Now ready to write to file: {escape_for_html(fileName)}'
			)
		except IOError as e:
			RESPONSE += (
				f'Problem reading from file \'{escape_for_html(fileName)}\': '
				f'{escape_for_html(e.strerror)}'
			)
		finally:
			try:
				if fd is not None:
					fd.close()
			except IOError:
				pass # ""// we tried...""

		return RESPONSE",Insecure File Handling,CWE-22,OWASP
140,"'''
OWASP Benchmark for Python v0.1

This file is part of the Open Web Application Security Project (OWASP) Benchmark Project.
For details, please see https://owasp.org/www-project-benchmark.

The OWASP Benchmark is free software: you can redistribute it and/or modify it under the terms
of the GNU General Public License as published by the Free Software Foundation, version 3.

The OWASP Benchmark is distributed in the hope that it will be useful, but WITHOUT ANY
WARRANTY; without even the implied warranty of MERCHANTABILITY or FITNESS FOR A PARTICULAR
PURPOSE. See the GNU General Public License for more details.

  Author: Theo Cartsonis
  Created: 2025
'''

from flask import redirect, url_for, request, make_response, render_template
from code.backend.data.raw.owasp.helpers.utils import escape_for_html

def init(app):

	@app.route('/benchmark/pathtraver-01/BenchmarkTest00742', methods=['GET'])
	def BenchmarkTest00742_get():
		return BenchmarkTest00742_post()

	@app.route('/benchmark/pathtraver-01/BenchmarkTest00742', methods=['POST'])
	def BenchmarkTest00742_post():
		RESPONSE = """"

		values = request.args.getlist(""BenchmarkTest00742"")
		param = """"
		if values:
			param = values[0]

		bar = """"
		if param:
			lst = []
			lst.append('safe')
			lst.append(param)
			lst.append('moresafe')
			lst.pop(0)
			bar = lst[0]

		import pathlib
		import code.backend.data.raw.owasp.helpers.utils

		testfiles = pathlib.Path(code.backend.data.raw.owasp.helpers.utils.TESTFILES_DIR)
		p = testfiles / bar
		if p.exists():
			RESPONSE += ( f""File \'{escape_for_html(str(p))}\' exists."" )
		else:
			RESPONSE += ( f""File \'{escape_for_html(str(p))}\' does not exist."" )

		return RESPONSE",Insecure File Handling,CWE-22,OWASP
141,"'''
OWASP Benchmark for Python v0.1

This file is part of the Open Web Application Security Project (OWASP) Benchmark Project.
For details, please see https://owasp.org/www-project-benchmark.

The OWASP Benchmark is free software: you can redistribute it and/or modify it under the terms
of the GNU General Public License as published by the Free Software Foundation, version 3.

The OWASP Benchmark is distributed in the hope that it will be useful, but WITHOUT ANY
WARRANTY; without even the implied warranty of MERCHANTABILITY or FITNESS FOR A PARTICULAR
PURPOSE. See the GNU General Public License for more details.

  Author: Theo Cartsonis
  Created: 2025
'''

from flask import redirect, url_for, request, make_response, render_template
from code.backend.data.raw.owasp.helpers.utils import escape_for_html

def init(app):

	@app.route('/benchmark/pathtraver-01/BenchmarkTest00743', methods=['GET'])
	def BenchmarkTest00743_get():
		return BenchmarkTest00743_post()

	@app.route('/benchmark/pathtraver-01/BenchmarkTest00743', methods=['POST'])
	def BenchmarkTest00743_post():
		RESPONSE = """"

		values = request.args.getlist(""BenchmarkTest00743"")
		param = """"
		if values:
			param = values[0]

		bar = ""alsosafe""
		if param:
			lst = []
			lst.append('safe')
			lst.append(param)
			lst.append('moresafe')
			lst.pop(0)
			bar = lst[1]

		import pathlib
		import code.backend.data.raw.owasp.helpers.utils

		testfiles = pathlib.Path(code.backend.data.raw.owasp.helpers.utils.TESTFILES_DIR)
		p = testfiles / bar
		if p.exists():
			RESPONSE += ( f""File \'{escape_for_html(str(p))}\' exists."" )
		else:
			RESPONSE += ( f""File \'{escape_for_html(str(p))}\' does not exist."" )

		return RESPONSE",SAFE,CWE-22,OWASP
142,"'''
OWASP Benchmark for Python v0.1

This file is part of the Open Web Application Security Project (OWASP) Benchmark Project.
For details, please see https://owasp.org/www-project-benchmark.

The OWASP Benchmark is free software: you can redistribute it and/or modify it under the terms
of the GNU General Public License as published by the Free Software Foundation, version 3.

The OWASP Benchmark is distributed in the hope that it will be useful, but WITHOUT ANY
WARRANTY; without even the implied warranty of MERCHANTABILITY or FITNESS FOR A PARTICULAR
PURPOSE. See the GNU General Public License for more details.

  Author: Theo Cartsonis
  Created: 2025
'''

from flask import redirect, url_for, request, make_response, render_template
from code.backend.data.raw.owasp.helpers.utils import escape_for_html

def init(app):

	@app.route('/benchmark/pathtraver-01/BenchmarkTest00744', methods=['GET'])
	def BenchmarkTest00744_get():
		return BenchmarkTest00744_post()

	@app.route('/benchmark/pathtraver-01/BenchmarkTest00744', methods=['POST'])
	def BenchmarkTest00744_post():
		RESPONSE = """"

		values = request.args.getlist(""BenchmarkTest00744"")
		param = """"
		if values:
			param = values[0]

		num = 106
		
		bar = ""This should never happen"" if (7*42) - num > 200 else param

		import pathlib
		import code.backend.data.raw.owasp.helpers.utils

		testfiles = pathlib.Path(code.backend.data.raw.owasp.helpers.utils.TESTFILES_DIR)
		p = (testfiles / bar).resolve()

		if not str(p).startswith(str(testfiles)):
			RESPONSE += (
				""Invalid Path.""
			)
			return RESPONSE
		
		if p.exists():
			RESPONSE += ( f""File \'{escape_for_html(str(p))}\' exists."" )
		else:
			RESPONSE += ( f""File \'{escape_for_html(str(p))}\' does not exist."" )

		return RESPONSE",SAFE,CWE-22,OWASP
143,"'''
OWASP Benchmark for Python v0.1

This file is part of the Open Web Application Security Project (OWASP) Benchmark Project.
For details, please see https://owasp.org/www-project-benchmark.

The OWASP Benchmark is free software: you can redistribute it and/or modify it under the terms
of the GNU General Public License as published by the Free Software Foundation, version 3.

The OWASP Benchmark is distributed in the hope that it will be useful, but WITHOUT ANY
WARRANTY; without even the implied warranty of MERCHANTABILITY or FITNESS FOR A PARTICULAR
PURPOSE. See the GNU General Public License for more details.

  Author: Theo Cartsonis
  Created: 2025
'''

from flask import redirect, url_for, request, make_response, render_template
from code.backend.data.raw.owasp.helpers.utils import escape_for_html

def init(app):

	@app.route('/benchmark/pathtraver-01/BenchmarkTest00745', methods=['GET'])
	def BenchmarkTest00745_get():
		return BenchmarkTest00745_post()

	@app.route('/benchmark/pathtraver-01/BenchmarkTest00745', methods=['POST'])
	def BenchmarkTest00745_post():
		RESPONSE = """"

		values = request.args.getlist(""BenchmarkTest00745"")
		param = """"
		if values:
			param = values[0]

		import configparser
		
		bar = 'safe!'
		conf97281 = configparser.ConfigParser()
		conf97281.add_section('section97281')
		conf97281.set('section97281', 'keyA-97281', 'a_Value')
		conf97281.set('section97281', 'keyB-97281', param)
		bar = conf97281.get('section97281', 'keyA-97281')

		import pathlib
		import code.backend.data.raw.owasp.helpers.utils

		try:
			testfiles = pathlib.Path(code.backend.data.raw.owasp.helpers.utils.TESTFILES_DIR)
			p = testfiles / bar
			RESPONSE += (
				f'The beginning of file: \'{escape_for_html(str(p))}\' is:\n\n'
				f'{escape_for_html(p.read_text()[:1000])}'
			)
		except OSError:
			RESPONSE += (
				f'Problem reading from file \'{{escape_for_html(fileName)}}\': '
				f'{escape_for_html(e.strerror)}'
			)

		return RESPONSE",SAFE,CWE-22,OWASP
144,"'''
OWASP Benchmark for Python v0.1

This file is part of the Open Web Application Security Project (OWASP) Benchmark Project.
For details, please see https://owasp.org/www-project-benchmark.

The OWASP Benchmark is free software: you can redistribute it and/or modify it under the terms
of the GNU General Public License as published by the Free Software Foundation, version 3.

The OWASP Benchmark is distributed in the hope that it will be useful, but WITHOUT ANY
WARRANTY; without even the implied warranty of MERCHANTABILITY or FITNESS FOR A PARTICULAR
PURPOSE. See the GNU General Public License for more details.

  Author: Theo Cartsonis
  Created: 2025
'''

from flask import redirect, url_for, request, make_response, render_template
from code.backend.data.raw.owasp.helpers.utils import escape_for_html

def init(app):

	@app.route('/benchmark/pathtraver-01/BenchmarkTest00746', methods=['GET'])
	def BenchmarkTest00746_get():
		return BenchmarkTest00746_post()

	@app.route('/benchmark/pathtraver-01/BenchmarkTest00746', methods=['POST'])
	def BenchmarkTest00746_post():
		RESPONSE = """"

		values = request.args.getlist(""BenchmarkTest00746"")
		param = """"
		if values:
			param = values[0]

		map25489 = {}
		map25489['keyA-25489'] = 'a-Value'
		map25489['keyB-25489'] = param
		map25489['keyC'] = 'another-Value'
		bar = ""safe!""
		bar = map25489['keyB-25489']
		bar = map25489['keyA-25489']

		import pathlib
		import code.backend.data.raw.owasp.helpers.utils

		try:
			testfiles = pathlib.Path(code.backend.data.raw.owasp.helpers.utils.TESTFILES_DIR)
			p = (testfiles / bar).resolve()

			if not str(p).startswith(str(testfiles)):
				RESPONSE += (
					""Invalid Path.""
				)
				return RESPONSE

			RESPONSE += (
				f'The beginning of file: \'{escape_for_html(str(p))}\' is:\n\n'
				f'{escape_for_html(p.read_text()[:1000])}'
			)
		except OSError:
			RESPONSE += (
				f'Problem reading from file \'{{escape_for_html(fileName)}}\': '
				f'{escape_for_html(e.strerror)}'
			)

		return RESPONSE",SAFE,CWE-22,OWASP
145,"'''
OWASP Benchmark for Python v0.1

This file is part of the Open Web Application Security Project (OWASP) Benchmark Project.
For details, please see https://owasp.org/www-project-benchmark.

The OWASP Benchmark is free software: you can redistribute it and/or modify it under the terms
of the GNU General Public License as published by the Free Software Foundation, version 3.

The OWASP Benchmark is distributed in the hope that it will be useful, but WITHOUT ANY
WARRANTY; without even the implied warranty of MERCHANTABILITY or FITNESS FOR A PARTICULAR
PURPOSE. See the GNU General Public License for more details.

  Author: Theo Cartsonis
  Created: 2025
'''

from flask import redirect, url_for, request, make_response, render_template
from code.backend.data.raw.owasp.helpers.utils import escape_for_html

def init(app):

	@app.route('/benchmark/pathtraver-01/BenchmarkTest00748', methods=['GET'])
	def BenchmarkTest00748_get():
		return BenchmarkTest00748_post()

	@app.route('/benchmark/pathtraver-01/BenchmarkTest00748', methods=['POST'])
	def BenchmarkTest00748_post():
		RESPONSE = """"

		values = request.args.getlist(""BenchmarkTest00748"")
		param = """"
		if values:
			param = values[0]

		num = 106
		
		bar = ""This should never happen"" if (7*42) - num > 200 else param

		import pathlib
		import code.backend.data.raw.owasp.helpers.utils

		try:
			testfiles = pathlib.Path(code.backend.data.raw.owasp.helpers.utils.TESTFILES_DIR)
			p = (testfiles / bar).resolve()

			if not str(p).startswith(str(testfiles)):
				RESPONSE += (
					""Invalid Path.""
				)
				return RESPONSE

			RESPONSE += (
				f'The beginning of file: \'{escape_for_html(str(p))}\' is:\n\n'
				f'{escape_for_html(p.read_text()[:1000])}'
			)
		except OSError:
			RESPONSE += (
				f'Problem reading from file \'{{escape_for_html(fileName)}}\': '
				f'{escape_for_html(e.strerror)}'
			)

		return RESPONSE",SAFE,CWE-22,OWASP
146,"'''
OWASP Benchmark for Python v0.1

This file is part of the Open Web Application Security Project (OWASP) Benchmark Project.
For details, please see https://owasp.org/www-project-benchmark.

The OWASP Benchmark is free software: you can redistribute it and/or modify it under the terms
of the GNU General Public License as published by the Free Software Foundation, version 3.

The OWASP Benchmark is distributed in the hope that it will be useful, but WITHOUT ANY
WARRANTY; without even the implied warranty of MERCHANTABILITY or FITNESS FOR A PARTICULAR
PURPOSE. See the GNU General Public License for more details.

  Author: Theo Cartsonis
  Created: 2025
'''

from flask import redirect, url_for, request, make_response, render_template
from code.backend.data.raw.owasp.helpers.utils import escape_for_html

def init(app):

	@app.route('/benchmark/pathtraver-01/BenchmarkTest00750', methods=['GET'])
	def BenchmarkTest00750_get():
		return BenchmarkTest00750_post()

	@app.route('/benchmark/pathtraver-01/BenchmarkTest00750', methods=['POST'])
	def BenchmarkTest00750_post():
		RESPONSE = """"

		values = request.args.getlist(""BenchmarkTest00750"")
		param = """"
		if values:
			param = values[0]

		map8238 = {}
		map8238['keyA-8238'] = 'a-Value'
		map8238['keyB-8238'] = param
		map8238['keyC'] = 'another-Value'
		bar = map8238['keyB-8238']

		import code.backend.data.raw.owasp.helpers.utils

		try:
			fileName = f'{code.backend.data.raw.owasp.helpers.utils.TESTFILES_DIR}/{bar}'
			with open(fileName, 'wb') as fd:
				RESPONSE += (
					f'Now ready to write to file: {escape_for_html(fileName)}'
				)
		except IOError as e:
			RESPONSE += (
				f'Problem reading from file \'{escape_for_html(fileName)}\': '
				f'{escape_for_html(e.strerror)}'
			)

		return RESPONSE",Insecure File Handling,CWE-22,OWASP
147,"'''
OWASP Benchmark for Python v0.1

This file is part of the Open Web Application Security Project (OWASP) Benchmark Project.
For details, please see https://owasp.org/www-project-benchmark.

The OWASP Benchmark is free software: you can redistribute it and/or modify it under the terms
of the GNU General Public License as published by the Free Software Foundation, version 3.

The OWASP Benchmark is distributed in the hope that it will be useful, but WITHOUT ANY
WARRANTY; without even the implied warranty of MERCHANTABILITY or FITNESS FOR A PARTICULAR
PURPOSE. See the GNU General Public License for more details.

  Author: Theo Cartsonis
  Created: 2025
'''

from flask import redirect, url_for, request, make_response, render_template
from code.backend.data.raw.owasp.helpers.utils import escape_for_html

def init(app):

	@app.route('/benchmark/pathtraver-01/BenchmarkTest00751', methods=['GET'])
	def BenchmarkTest00751_get():
		return BenchmarkTest00751_post()

	@app.route('/benchmark/pathtraver-01/BenchmarkTest00751', methods=['POST'])
	def BenchmarkTest00751_post():
		RESPONSE = """"

		values = request.args.getlist(""BenchmarkTest00751"")
		param = """"
		if values:
			param = values[0]

		bar = """"
		if param:
			lst = []
			lst.append('safe')
			lst.append(param)
			lst.append('moresafe')
			lst.pop(0)
			bar = lst[0]

		import code.backend.data.raw.owasp.helpers.utils

		try:
			fileName = f'{code.backend.data.raw.owasp.helpers.utils.TESTFILES_DIR}/{bar}'
			with open(fileName, 'wb') as fd:
				RESPONSE += (
					f'Now ready to write to file: {escape_for_html(fileName)}'
				)
		except IOError as e:
			RESPONSE += (
				f'Problem reading from file \'{escape_for_html(fileName)}\': '
				f'{escape_for_html(e.strerror)}'
			)

		return RESPONSE",Insecure File Handling,CWE-22,OWASP
148,"'''
OWASP Benchmark for Python v0.1

This file is part of the Open Web Application Security Project (OWASP) Benchmark Project.
For details, please see https://owasp.org/www-project-benchmark.

The OWASP Benchmark is free software: you can redistribute it and/or modify it under the terms
of the GNU General Public License as published by the Free Software Foundation, version 3.

The OWASP Benchmark is distributed in the hope that it will be useful, but WITHOUT ANY
WARRANTY; without even the implied warranty of MERCHANTABILITY or FITNESS FOR A PARTICULAR
PURPOSE. See the GNU General Public License for more details.

  Author: Theo Cartsonis
  Created: 2025
'''

from flask import redirect, url_for, request, make_response, render_template
from code.backend.data.raw.owasp.helpers.utils import escape_for_html

def init(app):

	@app.route('/benchmark/xss-00/BenchmarkTest00753', methods=['GET'])
	def BenchmarkTest00753_get():
		return BenchmarkTest00753_post()

	@app.route('/benchmark/xss-00/BenchmarkTest00753', methods=['POST'])
	def BenchmarkTest00753_post():
		RESPONSE = """"

		values = request.args.getlist(""BenchmarkTest00753"")
		param = """"
		if values:
			param = values[0]

		bar = """"
		if param:
			lst = []
			lst.append('safe')
			lst.append(param)
			lst.append('moresafe')
			lst.pop(0)
			bar = lst[0]


		otherarg = ""static text""
		RESPONSE += (
			'bar is \'{0}\' and otherarg is \'{1}\''.format(bar, otherarg)
		)

		return RESPONSE",Cross-Site Scripting,CWE-79,OWASP
149,"'''
OWASP Benchmark for Python v0.1

This file is part of the Open Web Application Security Project (OWASP) Benchmark Project.
For details, please see https://owasp.org/www-project-benchmark.

The OWASP Benchmark is free software: you can redistribute it and/or modify it under the terms
of the GNU General Public License as published by the Free Software Foundation, version 3.

The OWASP Benchmark is distributed in the hope that it will be useful, but WITHOUT ANY
WARRANTY; without even the implied warranty of MERCHANTABILITY or FITNESS FOR A PARTICULAR
PURPOSE. See the GNU General Public License for more details.

  Author: Theo Cartsonis
  Created: 2025
'''

from flask import redirect, url_for, request, make_response, render_template
from code.backend.data.raw.owasp.helpers.utils import escape_for_html

def init(app):

	@app.route('/benchmark/xss-00/BenchmarkTest00754', methods=['GET'])
	def BenchmarkTest00754_get():
		return BenchmarkTest00754_post()

	@app.route('/benchmark/xss-00/BenchmarkTest00754', methods=['POST'])
	def BenchmarkTest00754_post():
		RESPONSE = """"

		values = request.args.getlist(""BenchmarkTest00754"")
		param = """"
		if values:
			param = values[0]

		bar = ''
		if param:
			bar = param.split(' ')[0]


		dict = {}
		dict['bar'] = bar
		dict['otherarg'] = 'this is it'
		RESPONSE += (
			'bar is \'{0[bar]}\' and otherarg is \'{0[otherarg]}\''.format(dict)
		)

		return RESPONSE",Cross-Site Scripting,CWE-79,OWASP
150,"'''
OWASP Benchmark for Python v0.1

This file is part of the Open Web Application Security Project (OWASP) Benchmark Project.
For details, please see https://owasp.org/www-project-benchmark.

The OWASP Benchmark is free software: you can redistribute it and/or modify it under the terms
of the GNU General Public License as published by the Free Software Foundation, version 3.

The OWASP Benchmark is distributed in the hope that it will be useful, but WITHOUT ANY
WARRANTY; without even the implied warranty of MERCHANTABILITY or FITNESS FOR A PARTICULAR
PURPOSE. See the GNU General Public License for more details.

  Author: Theo Cartsonis
  Created: 2025
'''

from flask import redirect, url_for, request, make_response, render_template
from code.backend.data.raw.owasp.helpers.utils import escape_for_html

def init(app):

	@app.route('/benchmark/sqli-00/BenchmarkTest00755', methods=['GET'])
	def BenchmarkTest00755_get():
		return BenchmarkTest00755_post()

	@app.route('/benchmark/sqli-00/BenchmarkTest00755', methods=['POST'])
	def BenchmarkTest00755_post():
		RESPONSE = """"

		values = request.args.getlist(""BenchmarkTest00755"")
		param = """"
		if values:
			param = values[0]

		import base64
		tmp = base64.b64encode(param.encode('utf-8'))
		bar = base64.b64decode(tmp).decode('utf-8')

		import code.backend.data.raw.owasp.helpers.db_sqlite

		sql = f'SELECT username from USERS where password = ?'
		con = code.backend.data.raw.owasp.helpers.db_sqlite.get_connection()
		cur = con.cursor()
		cur.execute(sql, (bar,))
		RESPONSE += (
			code.backend.data.raw.owasp.helpers.db_sqlite.results(cur, sql)
		)
		con.close()

		return RESPONSE",SAFE,CWE-89,OWASP
151,"'''
OWASP Benchmark for Python v0.1

This file is part of the Open Web Application Security Project (OWASP) Benchmark Project.
For details, please see https://owasp.org/www-project-benchmark.

The OWASP Benchmark is free software: you can redistribute it and/or modify it under the terms
of the GNU General Public License as published by the Free Software Foundation, version 3.

The OWASP Benchmark is distributed in the hope that it will be useful, but WITHOUT ANY
WARRANTY; without even the implied warranty of MERCHANTABILITY or FITNESS FOR A PARTICULAR
PURPOSE. See the GNU General Public License for more details.

  Author: Theo Cartsonis
  Created: 2025
'''

from flask import redirect, url_for, request, make_response, render_template
from code.backend.data.raw.owasp.helpers.utils import escape_for_html

def init(app):

	@app.route('/benchmark/xss-00/BenchmarkTest00829', methods=['GET'])
	def BenchmarkTest00829_get():
		return BenchmarkTest00829_post()

	@app.route('/benchmark/xss-00/BenchmarkTest00829', methods=['POST'])
	def BenchmarkTest00829_post():
		RESPONSE = """"

		import code.backend.data.raw.owasp.helpers.separate_request
		
		wrapped = code.backend.data.raw.owasp.helpers.separate_request.request_wrapper(request)
		param = wrapped.get_query_parameter(""BenchmarkTest00829"")
		if not param:
			param = """"

		import markupsafe
		
		bar = markupsafe.escape(param)


		RESPONSE += (
			f'Parameter value: {bar}'
		)

		return RESPONSE",SAFE,CWE-79,OWASP
152,"'''
OWASP Benchmark for Python v0.1

This file is part of the Open Web Application Security Project (OWASP) Benchmark Project.
For details, please see https://owasp.org/www-project-benchmark.

The OWASP Benchmark is free software: you can redistribute it and/or modify it under the terms
of the GNU General Public License as published by the Free Software Foundation, version 3.

The OWASP Benchmark is distributed in the hope that it will be useful, but WITHOUT ANY
WARRANTY; without even the implied warranty of MERCHANTABILITY or FITNESS FOR A PARTICULAR
PURPOSE. See the GNU General Public License for more details.

  Author: Theo Cartsonis
  Created: 2025
'''

from flask import redirect, url_for, request, make_response, render_template
from code.backend.data.raw.owasp.helpers.utils import escape_for_html

def init(app):

	@app.route('/benchmark/xss-00/BenchmarkTest00830', methods=['GET'])
	def BenchmarkTest00830_get():
		return BenchmarkTest00830_post()

	@app.route('/benchmark/xss-00/BenchmarkTest00830', methods=['POST'])
	def BenchmarkTest00830_post():
		RESPONSE = """"

		import code.backend.data.raw.owasp.helpers.separate_request
		
		wrapped = code.backend.data.raw.owasp.helpers.separate_request.request_wrapper(request)
		param = wrapped.get_query_parameter(""BenchmarkTest00830"")
		if not param:
			param = """"

		num = 106
		
		bar = ""This_should_always_happen"" if 7 * 18 + num > 200 else param


		RESPONSE += (
			f'Parameter value: {bar}'
		)

		return RESPONSE",SAFE,CWE-79,OWASP
153,"'''
OWASP Benchmark for Python v0.1

This file is part of the Open Web Application Security Project (OWASP) Benchmark Project.
For details, please see https://owasp.org/www-project-benchmark.

The OWASP Benchmark is free software: you can redistribute it and/or modify it under the terms
of the GNU General Public License as published by the Free Software Foundation, version 3.

The OWASP Benchmark is distributed in the hope that it will be useful, but WITHOUT ANY
WARRANTY; without even the implied warranty of MERCHANTABILITY or FITNESS FOR A PARTICULAR
PURPOSE. See the GNU General Public License for more details.

  Author: Theo Cartsonis
  Created: 2025
'''

from flask import redirect, url_for, request, make_response, render_template
from code.backend.data.raw.owasp.helpers.utils import escape_for_html

def init(app):

	@app.route('/benchmark/pathtraver-01/BenchmarkTest00831', methods=['GET'])
	def BenchmarkTest00831_get():
		return BenchmarkTest00831_post()

	@app.route('/benchmark/pathtraver-01/BenchmarkTest00831', methods=['POST'])
	def BenchmarkTest00831_post():
		RESPONSE = """"

		import code.backend.data.raw.owasp.helpers.separate_request
		
		wrapped = code.backend.data.raw.owasp.helpers.separate_request.request_wrapper(request)
		param = wrapped.get_query_parameter(""BenchmarkTest00831"")
		if not param:
			param = """"

		map69063 = {}
		map69063['keyA-69063'] = 'a-Value'
		map69063['keyB-69063'] = param
		map69063['keyC'] = 'another-Value'
		bar = map69063['keyB-69063']

		import code.backend.data.raw.owasp.helpers.utils

		try:
			fileName = f'{code.backend.data.raw.owasp.helpers.utils.TESTFILES_DIR}/{bar}'
			fd = open(fileName, 'wb')
			RESPONSE += (
				f'Now ready to write to file: {escape_for_html(fileName)}'
			)
		except IOError as e:
			RESPONSE += (
				f'Problem reading from file \'{escape_for_html(fileName)}\': '
				f'{escape_for_html(e.strerror)}'
			)
		finally:
			try:
				if fd is not None:
					fd.close()
			except IOError:
				pass # ""// we tried...""

		return RESPONSE",Insecure File Handling,CWE-22,OWASP
154,"'''
OWASP Benchmark for Python v0.1

This file is part of the Open Web Application Security Project (OWASP) Benchmark Project.
For details, please see https://owasp.org/www-project-benchmark.

The OWASP Benchmark is free software: you can redistribute it and/or modify it under the terms
of the GNU General Public License as published by the Free Software Foundation, version 3.

The OWASP Benchmark is distributed in the hope that it will be useful, but WITHOUT ANY
WARRANTY; without even the implied warranty of MERCHANTABILITY or FITNESS FOR A PARTICULAR
PURPOSE. See the GNU General Public License for more details.

  Author: Theo Cartsonis
  Created: 2025
'''

from flask import redirect, url_for, request, make_response, render_template
from code.backend.data.raw.owasp.helpers.utils import escape_for_html

def init(app):

	@app.route('/benchmark/pathtraver-01/BenchmarkTest00833', methods=['GET'])
	def BenchmarkTest00833_get():
		return BenchmarkTest00833_post()

	@app.route('/benchmark/pathtraver-01/BenchmarkTest00833', methods=['POST'])
	def BenchmarkTest00833_post():
		RESPONSE = """"

		import code.backend.data.raw.owasp.helpers.separate_request
		
		wrapped = code.backend.data.raw.owasp.helpers.separate_request.request_wrapper(request)
		param = wrapped.get_query_parameter(""BenchmarkTest00833"")
		if not param:
			param = """"

		import code.backend.data.raw.owasp.helpers.ThingFactory
		
		thing = code.backend.data.raw.owasp.helpers.ThingFactory.createThing()
		bar = thing.doSomething(param)

		import code.backend.data.raw.owasp.helpers.utils

		if '../' in bar:
			RESPONSE += (
				'File name must not contain \'../\''
			)
			return RESPONSE

		try:
			fileName = f'{code.backend.data.raw.owasp.helpers.utils.TESTFILES_DIR}/{bar}'
			fd = open(fileName, 'wb')
			RESPONSE += (
				f'Now ready to write to file: {escape_for_html(fileName)}'
			)
		except IOError as e:
			RESPONSE += (
				f'Problem reading from file \'{escape_for_html(fileName)}\': '
				f'{escape_for_html(e.strerror)}'
			)
		finally:
			try:
				if fd is not None:
					fd.close()
			except IOError:
				pass # ""// we tried...""

		return RESPONSE",SAFE,CWE-22,OWASP
155,"'''
OWASP Benchmark for Python v0.1

This file is part of the Open Web Application Security Project (OWASP) Benchmark Project.
For details, please see https://owasp.org/www-project-benchmark.

The OWASP Benchmark is free software: you can redistribute it and/or modify it under the terms
of the GNU General Public License as published by the Free Software Foundation, version 3.

The OWASP Benchmark is distributed in the hope that it will be useful, but WITHOUT ANY
WARRANTY; without even the implied warranty of MERCHANTABILITY or FITNESS FOR A PARTICULAR
PURPOSE. See the GNU General Public License for more details.

  Author: Theo Cartsonis
  Created: 2025
'''

from flask import redirect, url_for, request, make_response, render_template
from code.backend.data.raw.owasp.helpers.utils import escape_for_html

def init(app):

	@app.route('/benchmark/pathtraver-01/BenchmarkTest00834', methods=['GET'])
	def BenchmarkTest00834_get():
		return BenchmarkTest00834_post()

	@app.route('/benchmark/pathtraver-01/BenchmarkTest00834', methods=['POST'])
	def BenchmarkTest00834_post():
		RESPONSE = """"

		import code.backend.data.raw.owasp.helpers.separate_request
		
		wrapped = code.backend.data.raw.owasp.helpers.separate_request.request_wrapper(request)
		param = wrapped.get_query_parameter(""BenchmarkTest00834"")
		if not param:
			param = """"

		import code.backend.data.raw.owasp.helpers.ThingFactory
		
		thing = code.backend.data.raw.owasp.helpers.ThingFactory.createThing()
		bar = thing.doSomething(param)

		import os
		import code.backend.data.raw.owasp.helpers.utils

		fileName = f'{code.backend.data.raw.owasp.helpers.utils.TESTFILES_DIR}/{bar}'
		if os.path.exists(fileName):
			RESPONSE += ( f""File \'{escape_for_html(fileName)}\' exists."" )
		else:
			RESPONSE += ( f""File \'{escape_for_html(fileName)}\' does not exist."" )

		return RESPONSE",Insecure File Handling,CWE-22,OWASP
156,"'''
OWASP Benchmark for Python v0.1

This file is part of the Open Web Application Security Project (OWASP) Benchmark Project.
For details, please see https://owasp.org/www-project-benchmark.

The OWASP Benchmark is free software: you can redistribute it and/or modify it under the terms
of the GNU General Public License as published by the Free Software Foundation, version 3.

The OWASP Benchmark is distributed in the hope that it will be useful, but WITHOUT ANY
WARRANTY; without even the implied warranty of MERCHANTABILITY or FITNESS FOR A PARTICULAR
PURPOSE. See the GNU General Public License for more details.

  Author: Theo Cartsonis
  Created: 2025
'''

from flask import redirect, url_for, request, make_response, render_template
from code.backend.data.raw.owasp.helpers.utils import escape_for_html

def init(app):

	@app.route('/benchmark/pathtraver-01/BenchmarkTest00835', methods=['GET'])
	def BenchmarkTest00835_get():
		return BenchmarkTest00835_post()

	@app.route('/benchmark/pathtraver-01/BenchmarkTest00835', methods=['POST'])
	def BenchmarkTest00835_post():
		RESPONSE = """"

		import code.backend.data.raw.owasp.helpers.separate_request
		
		wrapped = code.backend.data.raw.owasp.helpers.separate_request.request_wrapper(request)
		param = wrapped.get_query_parameter(""BenchmarkTest00835"")
		if not param:
			param = """"

		import configparser
		
		bar = 'safe!'
		conf39726 = configparser.ConfigParser()
		conf39726.add_section('section39726')
		conf39726.set('section39726', 'keyA-39726', 'a-Value')
		conf39726.set('section39726', 'keyB-39726', param)
		bar = conf39726.get('section39726', 'keyB-39726')

		import pathlib
		import code.backend.data.raw.owasp.helpers.utils

		testfiles = pathlib.Path(code.backend.data.raw.owasp.helpers.utils.TESTFILES_DIR)
		p = testfiles / bar
		if p.exists():
			RESPONSE += ( f""File \'{escape_for_html(str(p))}\' exists."" )
		else:
			RESPONSE += ( f""File \'{escape_for_html(str(p))}\' does not exist."" )

		return RESPONSE",Insecure File Handling,CWE-22,OWASP
157,"'''
OWASP Benchmark for Python v0.1

This file is part of the Open Web Application Security Project (OWASP) Benchmark Project.
For details, please see https://owasp.org/www-project-benchmark.

The OWASP Benchmark is free software: you can redistribute it and/or modify it under the terms
of the GNU General Public License as published by the Free Software Foundation, version 3.

The OWASP Benchmark is distributed in the hope that it will be useful, but WITHOUT ANY
WARRANTY; without even the implied warranty of MERCHANTABILITY or FITNESS FOR A PARTICULAR
PURPOSE. See the GNU General Public License for more details.

  Author: Theo Cartsonis
  Created: 2025
'''

from flask import redirect, url_for, request, make_response, render_template
from code.backend.data.raw.owasp.helpers.utils import escape_for_html

def init(app):

	@app.route('/benchmark/xss-00/BenchmarkTest00839', methods=['GET'])
	def BenchmarkTest00839_get():
		return BenchmarkTest00839_post()

	@app.route('/benchmark/xss-00/BenchmarkTest00839', methods=['POST'])
	def BenchmarkTest00839_post():
		RESPONSE = """"

		import code.backend.data.raw.owasp.helpers.separate_request
		
		wrapped = code.backend.data.raw.owasp.helpers.separate_request.request_wrapper(request)
		param = wrapped.get_query_parameter(""BenchmarkTest00839"")
		if not param:
			param = """"

		import configparser
		
		bar = 'safe!'
		conf3721 = configparser.ConfigParser()
		conf3721.add_section('section3721')
		conf3721.set('section3721', 'keyA-3721', 'a-Value')
		conf3721.set('section3721', 'keyB-3721', param)
		bar = conf3721.get('section3721', 'keyB-3721')


		otherarg = ""static text""
		RESPONSE += (
			f'bar is \'{bar}\' and otherarg is \'{otherarg}\''
		)

		return RESPONSE",Cross-Site Scripting,CWE-79,OWASP
158,"'''
OWASP Benchmark for Python v0.1

This file is part of the Open Web Application Security Project (OWASP) Benchmark Project.
For details, please see https://owasp.org/www-project-benchmark.

The OWASP Benchmark is free software: you can redistribute it and/or modify it under the terms
of the GNU General Public License as published by the Free Software Foundation, version 3.

The OWASP Benchmark is distributed in the hope that it will be useful, but WITHOUT ANY
WARRANTY; without even the implied warranty of MERCHANTABILITY or FITNESS FOR A PARTICULAR
PURPOSE. See the GNU General Public License for more details.

  Author: Theo Cartsonis
  Created: 2025
'''

from flask import redirect, url_for, request, make_response, render_template
from code.backend.data.raw.owasp.helpers.utils import escape_for_html

def init(app):

	@app.route('/benchmark/xss-00/BenchmarkTest00840', methods=['GET'])
	def BenchmarkTest00840_get():
		return BenchmarkTest00840_post()

	@app.route('/benchmark/xss-00/BenchmarkTest00840', methods=['POST'])
	def BenchmarkTest00840_post():
		RESPONSE = """"

		import code.backend.data.raw.owasp.helpers.separate_request
		
		wrapped = code.backend.data.raw.owasp.helpers.separate_request.request_wrapper(request)
		param = wrapped.get_query_parameter(""BenchmarkTest00840"")
		if not param:
			param = """"

		map52374 = {}
		map52374['keyA-52374'] = 'a-Value'
		map52374['keyB-52374'] = param
		map52374['keyC'] = 'another-Value'
		bar = ""safe!""
		bar = map52374['keyB-52374']
		bar = map52374['keyA-52374']


		otherarg = ""static text""
		RESPONSE += (
			'bar is \'{0}\' and otherarg is \'{1}\''.format(bar, otherarg)
		)

		return RESPONSE",SAFE,CWE-79,OWASP
159,"'''
OWASP Benchmark for Python v0.1

This file is part of the Open Web Application Security Project (OWASP) Benchmark Project.
For details, please see https://owasp.org/www-project-benchmark.

The OWASP Benchmark is free software: you can redistribute it and/or modify it under the terms
of the GNU General Public License as published by the Free Software Foundation, version 3.

The OWASP Benchmark is distributed in the hope that it will be useful, but WITHOUT ANY
WARRANTY; without even the implied warranty of MERCHANTABILITY or FITNESS FOR A PARTICULAR
PURPOSE. See the GNU General Public License for more details.

  Author: Theo Cartsonis
  Created: 2025
'''

from flask import redirect, url_for, request, make_response, render_template
from code.backend.data.raw.owasp.helpers.utils import escape_for_html

def init(app):

	@app.route('/benchmark/xss-00/BenchmarkTest00841', methods=['GET'])
	def BenchmarkTest00841_get():
		return BenchmarkTest00841_post()

	@app.route('/benchmark/xss-00/BenchmarkTest00841', methods=['POST'])
	def BenchmarkTest00841_post():
		RESPONSE = """"

		import code.backend.data.raw.owasp.helpers.separate_request
		
		wrapped = code.backend.data.raw.owasp.helpers.separate_request.request_wrapper(request)
		param = wrapped.get_query_parameter(""BenchmarkTest00841"")
		if not param:
			param = """"

		bar = """"
		if param:
			lst = []
			lst.append('safe')
			lst.append(param)
			lst.append('moresafe')
			lst.pop(0)
			bar = lst[0]


		otherarg = ""static text""
		RESPONSE += (
			'bar is \'{0}\' and otherarg is \'{1}\''.format(bar, otherarg)
		)

		return RESPONSE",Cross-Site Scripting,CWE-79,OWASP
160,"'''
OWASP Benchmark for Python v0.1

This file is part of the Open Web Application Security Project (OWASP) Benchmark Project.
For details, please see https://owasp.org/www-project-benchmark.

The OWASP Benchmark is free software: you can redistribute it and/or modify it under the terms
of the GNU General Public License as published by the Free Software Foundation, version 3.

The OWASP Benchmark is distributed in the hope that it will be useful, but WITHOUT ANY
WARRANTY; without even the implied warranty of MERCHANTABILITY or FITNESS FOR A PARTICULAR
PURPOSE. See the GNU General Public License for more details.

  Author: Theo Cartsonis
  Created: 2025
'''

from flask import redirect, url_for, request, make_response, render_template
from code.backend.data.raw.owasp.helpers.utils import escape_for_html

def init(app):

	@app.route('/benchmark/xss-00/BenchmarkTest00842', methods=['GET'])
	def BenchmarkTest00842_get():
		return BenchmarkTest00842_post()

	@app.route('/benchmark/xss-00/BenchmarkTest00842', methods=['POST'])
	def BenchmarkTest00842_post():
		RESPONSE = """"

		import code.backend.data.raw.owasp.helpers.separate_request
		
		wrapped = code.backend.data.raw.owasp.helpers.separate_request.request_wrapper(request)
		param = wrapped.get_query_parameter(""BenchmarkTest00842"")
		if not param:
			param = """"

		num = 106
		
		bar = ""This should never happen"" if (7*42) - num > 200 else param


		otherarg = ""static text""
		RESPONSE += (
			'bar is \'{0}\' and otherarg is \'{1}\''.format(bar, otherarg)
		)

		return RESPONSE",Cross-Site Scripting,CWE-79,OWASP
161,"'''
OWASP Benchmark for Python v0.1

This file is part of the Open Web Application Security Project (OWASP) Benchmark Project.
For details, please see https://owasp.org/www-project-benchmark.

The OWASP Benchmark is free software: you can redistribute it and/or modify it under the terms
of the GNU General Public License as published by the Free Software Foundation, version 3.

The OWASP Benchmark is distributed in the hope that it will be useful, but WITHOUT ANY
WARRANTY; without even the implied warranty of MERCHANTABILITY or FITNESS FOR A PARTICULAR
PURPOSE. See the GNU General Public License for more details.

  Author: Theo Cartsonis
  Created: 2025
'''

from flask import redirect, url_for, request, make_response, render_template
from code.backend.data.raw.owasp.helpers.utils import escape_for_html

def init(app):

	@app.route('/benchmark/xss-00/BenchmarkTest00883', methods=['GET'])
	def BenchmarkTest00883_get():
		return BenchmarkTest00883_post()

	@app.route('/benchmark/xss-00/BenchmarkTest00883', methods=['POST'])
	def BenchmarkTest00883_post():
		RESPONSE = """"

		import code.backend.data.raw.owasp.helpers.separate_request
		
		wrapped = code.backend.data.raw.owasp.helpers.separate_request.request_wrapper(request)
		param = wrapped.get_query_parameter(""BenchmarkTest00883"")
		if not param:
			param = """"

		bar = ""alsosafe""
		if param:
			lst = []
			lst.append('safe')
			lst.append(param)
			lst.append('moresafe')
			lst.pop(0)
			bar = lst[1]


		RESPONSE += (
			'The value of the bar parameter is now in a custom header.'
		)

		RESPONSE = make_response((RESPONSE, {'yourBenchmarkTest00883': bar}))
		

		return RESPONSE",SAFE,CWE-79,OWASP
162,"'''
OWASP Benchmark for Python v0.1

This file is part of the Open Web Application Security Project (OWASP) Benchmark Project.
For details, please see https://owasp.org/www-project-benchmark.

The OWASP Benchmark is free software: you can redistribute it and/or modify it under the terms
of the GNU General Public License as published by the Free Software Foundation, version 3.

The OWASP Benchmark is distributed in the hope that it will be useful, but WITHOUT ANY
WARRANTY; without even the implied warranty of MERCHANTABILITY or FITNESS FOR A PARTICULAR
PURPOSE. See the GNU General Public License for more details.

  Author: Theo Cartsonis
  Created: 2025
'''

from flask import redirect, url_for, request, make_response, render_template
from code.backend.data.raw.owasp.helpers.utils import escape_for_html

def init(app):

	@app.route('/benchmark/xss-00/BenchmarkTest00884', methods=['GET'])
	def BenchmarkTest00884_get():
		return BenchmarkTest00884_post()

	@app.route('/benchmark/xss-00/BenchmarkTest00884', methods=['POST'])
	def BenchmarkTest00884_post():
		RESPONSE = """"

		import code.backend.data.raw.owasp.helpers.separate_request
		
		wrapped = code.backend.data.raw.owasp.helpers.separate_request.request_wrapper(request)
		param = wrapped.get_query_parameter(""BenchmarkTest00884"")
		if not param:
			param = """"

		import markupsafe
		
		bar = markupsafe.escape(param)


		RESPONSE += (
			'The value of the bar parameter is now in a custom header.'
		)

		RESPONSE = make_response((RESPONSE, {'yourBenchmarkTest00884': bar}))
		

		return RESPONSE",SAFE,CWE-79,OWASP
163,"'''
OWASP Benchmark for Python v0.1

This file is part of the Open Web Application Security Project (OWASP) Benchmark Project.
For details, please see https://owasp.org/www-project-benchmark.

The OWASP Benchmark is free software: you can redistribute it and/or modify it under the terms
of the GNU General Public License as published by the Free Software Foundation, version 3.

The OWASP Benchmark is distributed in the hope that it will be useful, but WITHOUT ANY
WARRANTY; without even the implied warranty of MERCHANTABILITY or FITNESS FOR A PARTICULAR
PURPOSE. See the GNU General Public License for more details.

  Author: Theo Cartsonis
  Created: 2025
'''

from flask import redirect, url_for, request, make_response, render_template
from code.backend.data.raw.owasp.helpers.utils import escape_for_html

def init(app):

	@app.route('/benchmark/cmdi-00/BenchmarkTest00900', methods=['GET'])
	def BenchmarkTest00900_get():
		return BenchmarkTest00900_post()

	@app.route('/benchmark/cmdi-00/BenchmarkTest00900', methods=['POST'])
	def BenchmarkTest00900_post():
		RESPONSE = """"

		import code.backend.data.raw.owasp.helpers.separate_request
		
		wrapped = code.backend.data.raw.owasp.helpers.separate_request.request_wrapper(request)
		param = wrapped.get_query_parameter(""BenchmarkTest00900"")
		if not param:
			param = """"

		import configparser
		
		bar = 'safe!'
		conf10363 = configparser.ConfigParser()
		conf10363.add_section('section10363')
		conf10363.set('section10363', 'keyA-10363', 'a_Value')
		conf10363.set('section10363', 'keyB-10363', param)
		bar = conf10363.get('section10363', 'keyA-10363')

		import platform
		import subprocess
		import code.backend.data.raw.owasp.helpers.utils

		argStr = """"
		if platform.system() == ""Windows"":
			argStr = ""cmd.exe /c ""
		else:
			argStr = ""sh -c ""
		argStr += f""echo {bar}""

		try:
			proc = subprocess.run(argStr, shell=True, capture_output=True, encoding=""utf-8"")

			RESPONSE += (
				code.backend.data.raw.owasp.helpers.utils.commandOutput(proc)
			)
		except IOError:
			RESPONSE += (
				""Problem executing cmdi - subprocess.run(list) Test Case""
			)

		return RESPONSE",SAFE,CWE-78,OWASP
164,"'''
OWASP Benchmark for Python v0.1

This file is part of the Open Web Application Security Project (OWASP) Benchmark Project.
For details, please see https://owasp.org/www-project-benchmark.

The OWASP Benchmark is free software: you can redistribute it and/or modify it under the terms
of the GNU General Public License as published by the Free Software Foundation, version 3.

The OWASP Benchmark is distributed in the hope that it will be useful, but WITHOUT ANY
WARRANTY; without even the implied warranty of MERCHANTABILITY or FITNESS FOR A PARTICULAR
PURPOSE. See the GNU General Public License for more details.

  Author: Theo Cartsonis
  Created: 2025
'''

from flask import redirect, url_for, request, make_response, render_template
from code.backend.data.raw.owasp.helpers.utils import escape_for_html

def init(app):

	@app.route('/benchmark/xss-00/BenchmarkTest01000', methods=['GET'])
	def BenchmarkTest01000_get():
		return BenchmarkTest01000_post()

	@app.route('/benchmark/xss-00/BenchmarkTest01000', methods=['POST'])
	def BenchmarkTest01000_post():
		RESPONSE = """"

		parts = request.path.split(""/"")
		param = parts[1]
		if not param:
			param = """"

		import base64
		tmp = base64.b64encode(param.encode('utf-8'))
		bar = base64.b64decode(tmp).decode('utf-8')


		RESPONSE += (
			f'Parameter value: {bar}'
		)

		return RESPONSE",SAFE,CWE-79,OWASP
165,"'''
OWASP Benchmark for Python v0.1

This file is part of the Open Web Application Security Project (OWASP) Benchmark Project.
For details, please see https://owasp.org/www-project-benchmark.

The OWASP Benchmark is free software: you can redistribute it and/or modify it under the terms
of the GNU General Public License as published by the Free Software Foundation, version 3.

The OWASP Benchmark is distributed in the hope that it will be useful, but WITHOUT ANY
WARRANTY; without even the implied warranty of MERCHANTABILITY or FITNESS FOR A PARTICULAR
PURPOSE. See the GNU General Public License for more details.

  Author: Theo Cartsonis
  Created: 2025
'''

from flask import redirect, url_for, request, make_response, render_template
from code.backend.data.raw.owasp.helpers.utils import escape_for_html

def init(app):

	@app.route('/benchmark/xss-00/BenchmarkTest01001', methods=['GET'])
	def BenchmarkTest01001_get():
		return BenchmarkTest01001_post()

	@app.route('/benchmark/xss-00/BenchmarkTest01001', methods=['POST'])
	def BenchmarkTest01001_post():
		RESPONSE = """"

		parts = request.path.split(""/"")
		param = parts[1]
		if not param:
			param = """"

		bar = """"
		if param:
			lst = []
			lst.append('safe')
			lst.append(param)
			lst.append('moresafe')
			lst.pop(0)
			bar = lst[0]


		RESPONSE += (
			f'Parameter value: {bar}'
		)

		return RESPONSE",SAFE,CWE-79,OWASP
166,"'''
OWASP Benchmark for Python v0.1

This file is part of the Open Web Application Security Project (OWASP) Benchmark Project.
For details, please see https://owasp.org/www-project-benchmark.

The OWASP Benchmark is free software: you can redistribute it and/or modify it under the terms
of the GNU General Public License as published by the Free Software Foundation, version 3.

The OWASP Benchmark is distributed in the hope that it will be useful, but WITHOUT ANY
WARRANTY; without even the implied warranty of MERCHANTABILITY or FITNESS FOR A PARTICULAR
PURPOSE. See the GNU General Public License for more details.

  Author: Theo Cartsonis
  Created: 2025
'''

from flask import redirect, url_for, request, make_response, render_template
from code.backend.data.raw.owasp.helpers.utils import escape_for_html

def init(app):

	@app.route('/benchmark/xss-00/BenchmarkTest01002', methods=['GET'])
	def BenchmarkTest01002_get():
		return BenchmarkTest01002_post()

	@app.route('/benchmark/xss-00/BenchmarkTest01002', methods=['POST'])
	def BenchmarkTest01002_post():
		RESPONSE = """"

		parts = request.path.split(""/"")
		param = parts[1]
		if not param:
			param = """"

		import markupsafe
		
		bar = markupsafe.escape(param)


		RESPONSE += (
			f'Parameter value: {bar}'
		)

		return RESPONSE",SAFE,CWE-79,OWASP
167,"'''
OWASP Benchmark for Python v0.1

This file is part of the Open Web Application Security Project (OWASP) Benchmark Project.
For details, please see https://owasp.org/www-project-benchmark.

The OWASP Benchmark is free software: you can redistribute it and/or modify it under the terms
of the GNU General Public License as published by the Free Software Foundation, version 3.

The OWASP Benchmark is distributed in the hope that it will be useful, but WITHOUT ANY
WARRANTY; without even the implied warranty of MERCHANTABILITY or FITNESS FOR A PARTICULAR
PURPOSE. See the GNU General Public License for more details.

  Author: Theo Cartsonis
  Created: 2025
'''

from flask import redirect, url_for, request, make_response, render_template
from code.backend.data.raw.owasp.helpers.utils import escape_for_html

def init(app):

	@app.route('/benchmark/xss-00/BenchmarkTest01003', methods=['GET'])
	def BenchmarkTest01003_get():
		return BenchmarkTest01003_post()

	@app.route('/benchmark/xss-00/BenchmarkTest01003', methods=['POST'])
	def BenchmarkTest01003_post():
		RESPONSE = """"

		parts = request.path.split(""/"")
		param = parts[1]
		if not param:
			param = """"

		bar = ''
		if param:
			bar = param.split(' ')[0]


		RESPONSE += (
			f'Parameter value: {bar}'
		)

		return RESPONSE",SAFE,CWE-79,OWASP
168,"'''
OWASP Benchmark for Python v0.1

This file is part of the Open Web Application Security Project (OWASP) Benchmark Project.
For details, please see https://owasp.org/www-project-benchmark.

The OWASP Benchmark is free software: you can redistribute it and/or modify it under the terms
of the GNU General Public License as published by the Free Software Foundation, version 3.

The OWASP Benchmark is distributed in the hope that it will be useful, but WITHOUT ANY
WARRANTY; without even the implied warranty of MERCHANTABILITY or FITNESS FOR A PARTICULAR
PURPOSE. See the GNU General Public License for more details.

  Author: Theo Cartsonis
  Created: 2025
'''

from flask import redirect, url_for, request, make_response, render_template
from code.backend.data.raw.owasp.helpers.utils import escape_for_html

def init(app):

	@app.route('/benchmark/pathtraver-01/BenchmarkTest01004', methods=['GET'])
	def BenchmarkTest01004_get():
		return BenchmarkTest01004_post()

	@app.route('/benchmark/pathtraver-01/BenchmarkTest01004', methods=['POST'])
	def BenchmarkTest01004_post():
		RESPONSE = """"

		parts = request.path.split(""/"")
		param = parts[1]
		if not param:
			param = """"

		import base64
		tmp = base64.b64encode(param.encode('utf-8'))
		bar = base64.b64decode(tmp).decode('utf-8')

		import codecs
		import code.backend.data.raw.owasp.helpers.utils

		try:
			fileTarget = codecs.open(f'{code.backend.data.raw.owasp.helpers.utils.TESTFILES_DIR}/{bar}','r','utf-8')

			RESPONSE += (
				f""Access to file: \'{escape_for_html(fileTarget.name)}\' created.""
			)

			RESPONSE += (
				"" And file already exists.""
			)

		except FileNotFoundError:
			RESPONSE += (
				"" But file doesn't exist yet.""
			)

		return RESPONSE",SAFE,CWE-22,OWASP
169,"'''
OWASP Benchmark for Python v0.1

This file is part of the Open Web Application Security Project (OWASP) Benchmark Project.
For details, please see https://owasp.org/www-project-benchmark.

The OWASP Benchmark is free software: you can redistribute it and/or modify it under the terms
of the GNU General Public License as published by the Free Software Foundation, version 3.

The OWASP Benchmark is distributed in the hope that it will be useful, but WITHOUT ANY
WARRANTY; without even the implied warranty of MERCHANTABILITY or FITNESS FOR A PARTICULAR
PURPOSE. See the GNU General Public License for more details.

  Author: Theo Cartsonis
  Created: 2025
'''

from flask import redirect, url_for, request, make_response, render_template
from code.backend.data.raw.owasp.helpers.utils import escape_for_html

def init(app):

	@app.route('/benchmark/pathtraver-01/BenchmarkTest01005', methods=['GET'])
	def BenchmarkTest01005_get():
		return BenchmarkTest01005_post()

	@app.route('/benchmark/pathtraver-01/BenchmarkTest01005', methods=['POST'])
	def BenchmarkTest01005_post():
		RESPONSE = """"

		parts = request.path.split(""/"")
		param = parts[1]
		if not param:
			param = """"

		map96560 = {}
		map96560['keyA-96560'] = 'a-Value'
		map96560['keyB-96560'] = param
		map96560['keyC'] = 'another-Value'
		bar = map96560['keyB-96560']

		import platform
		import codecs
		import code.backend.data.raw.owasp.helpers.utils
		from urllib.parse import urlparse
		from urllib.request import url2pathname

		startURIslashes = """"

		if platform.system() == ""Windows"":
			startURIslashes = ""/""
		else:
			startURIslashes = ""//""

		try:
			fileURI = urlparse(""file:"" + startURIslashes + code.backend.data.raw.owasp.helpers.utils.TESTFILES_DIR.replace('\\', '/').replace(' ', '_') + bar)
			fileTarget = codecs.open(f'{code.backend.data.raw.owasp.helpers.utils.TESTFILES_DIR}/{bar}','r','utf-8')

			RESPONSE += (
				f""Access to file: \'{escape_for_html(fileTarget.name)}\' created.""
			)

			RESPONSE += (
				"" And file already exists.""
			)
		except FileNotFoundError:
			RESPONSE += (
				"" But file doesn't exist yet.""
			)
		except IOError:
			pass

		return RESPONSE",SAFE,CWE-22,OWASP
170,"'''
OWASP Benchmark for Python v0.1

This file is part of the Open Web Application Security Project (OWASP) Benchmark Project.
For details, please see https://owasp.org/www-project-benchmark.

The OWASP Benchmark is free software: you can redistribute it and/or modify it under the terms
of the GNU General Public License as published by the Free Software Foundation, version 3.

The OWASP Benchmark is distributed in the hope that it will be useful, but WITHOUT ANY
WARRANTY; without even the implied warranty of MERCHANTABILITY or FITNESS FOR A PARTICULAR
PURPOSE. See the GNU General Public License for more details.

  Author: Theo Cartsonis
  Created: 2025
'''

from flask import redirect, url_for, request, make_response, render_template
from code.backend.data.raw.owasp.helpers.utils import escape_for_html

def init(app):

	@app.route('/benchmark/pathtraver-01/BenchmarkTest01008', methods=['GET'])
	def BenchmarkTest01008_get():
		return BenchmarkTest01008_post()

	@app.route('/benchmark/pathtraver-01/BenchmarkTest01008', methods=['POST'])
	def BenchmarkTest01008_post():
		RESPONSE = """"

		parts = request.path.split(""/"")
		param = parts[1]
		if not param:
			param = """"

		import configparser
		
		bar = 'safe!'
		conf92283 = configparser.ConfigParser()
		conf92283.add_section('section92283')
		conf92283.set('section92283', 'keyA-92283', 'a-Value')
		conf92283.set('section92283', 'keyB-92283', param)
		bar = conf92283.get('section92283', 'keyB-92283')

		import code.backend.data.raw.owasp.helpers.utils

		try:
			fileName = f'{code.backend.data.raw.owasp.helpers.utils.TESTFILES_DIR}/{bar}'
			fd = open(fileName, 'wb')
			RESPONSE += (
				f'Now ready to write to file: {escape_for_html(fileName)}'
			)
		except IOError as e:
			RESPONSE += (
				f'Problem reading from file \'{escape_for_html(fileName)}\': '
				f'{escape_for_html(e.strerror)}'
			)
		finally:
			try:
				if fd is not None:
					fd.close()
			except IOError:
				pass # ""// we tried...""

		return RESPONSE",SAFE,CWE-22,OWASP
171,"'''
OWASP Benchmark for Python v0.1

This file is part of the Open Web Application Security Project (OWASP) Benchmark Project.
For details, please see https://owasp.org/www-project-benchmark.

The OWASP Benchmark is free software: you can redistribute it and/or modify it under the terms
of the GNU General Public License as published by the Free Software Foundation, version 3.

The OWASP Benchmark is distributed in the hope that it will be useful, but WITHOUT ANY
WARRANTY; without even the implied warranty of MERCHANTABILITY or FITNESS FOR A PARTICULAR
PURPOSE. See the GNU General Public License for more details.

  Author: Theo Cartsonis
  Created: 2025
'''

from flask import redirect, url_for, request, make_response, render_template
from code.backend.data.raw.owasp.helpers.utils import escape_for_html

def init(app):

	@app.route('/benchmark/pathtraver-01/BenchmarkTest01009', methods=['GET'])
	def BenchmarkTest01009_get():
		return BenchmarkTest01009_post()

	@app.route('/benchmark/pathtraver-01/BenchmarkTest01009', methods=['POST'])
	def BenchmarkTest01009_post():
		RESPONSE = """"

		parts = request.path.split(""/"")
		param = parts[1]
		if not param:
			param = """"

		string37461 = 'help'
		string37461 += param
		string37461 += 'snapes on a plane'
		bar = string37461[4:-17]

		import os
		import code.backend.data.raw.owasp.helpers.utils

		fileName = f'{code.backend.data.raw.owasp.helpers.utils.TESTFILES_DIR}/{bar}'
		if os.path.exists(fileName):
			RESPONSE += ( f""File \'{escape_for_html(fileName)}\' exists."" )
		else:
			RESPONSE += ( f""File \'{escape_for_html(fileName)}\' does not exist."" )

		return RESPONSE",SAFE,CWE-22,OWASP
172,"'''
OWASP Benchmark for Python v0.1

This file is part of the Open Web Application Security Project (OWASP) Benchmark Project.
For details, please see https://owasp.org/www-project-benchmark.

The OWASP Benchmark is free software: you can redistribute it and/or modify it under the terms
of the GNU General Public License as published by the Free Software Foundation, version 3.

The OWASP Benchmark is distributed in the hope that it will be useful, but WITHOUT ANY
WARRANTY; without even the implied warranty of MERCHANTABILITY or FITNESS FOR A PARTICULAR
PURPOSE. See the GNU General Public License for more details.

  Author: Theo Cartsonis
  Created: 2025
'''

from flask import redirect, url_for, request, make_response, render_template
from code.backend.data.raw.owasp.helpers.utils import escape_for_html

def init(app):

	@app.route('/benchmark/pathtraver-01/BenchmarkTest01010', methods=['GET'])
	def BenchmarkTest01010_get():
		return BenchmarkTest01010_post()

	@app.route('/benchmark/pathtraver-01/BenchmarkTest01010', methods=['POST'])
	def BenchmarkTest01010_post():
		RESPONSE = """"

		parts = request.path.split(""/"")
		param = parts[1]
		if not param:
			param = """"

		import configparser
		
		bar = 'safe!'
		conf4176 = configparser.ConfigParser()
		conf4176.add_section('section4176')
		conf4176.set('section4176', 'keyA-4176', 'a_Value')
		conf4176.set('section4176', 'keyB-4176', param)
		bar = conf4176.get('section4176', 'keyA-4176')

		import pathlib
		import code.backend.data.raw.owasp.helpers.utils

		testfiles = pathlib.Path(code.backend.data.raw.owasp.helpers.utils.TESTFILES_DIR)
		p = (testfiles / bar).resolve()

		if not str(p).startswith(str(testfiles)):
			RESPONSE += (
				""Invalid Path.""
			)
			return RESPONSE
		
		if p.exists():
			RESPONSE += ( f""File \'{escape_for_html(str(p))}\' exists."" )
		else:
			RESPONSE += ( f""File \'{escape_for_html(str(p))}\' does not exist."" )

		return RESPONSE",SAFE,CWE-22,OWASP
173,"'''
OWASP Benchmark for Python v0.1

This file is part of the Open Web Application Security Project (OWASP) Benchmark Project.
For details, please see https://owasp.org/www-project-benchmark.

The OWASP Benchmark is free software: you can redistribute it and/or modify it under the terms
of the GNU General Public License as published by the Free Software Foundation, version 3.

The OWASP Benchmark is distributed in the hope that it will be useful, but WITHOUT ANY
WARRANTY; without even the implied warranty of MERCHANTABILITY or FITNESS FOR A PARTICULAR
PURPOSE. See the GNU General Public License for more details.

  Author: Theo Cartsonis
  Created: 2025
'''

from flask import redirect, url_for, request, make_response, render_template
from code.backend.data.raw.owasp.helpers.utils import escape_for_html

def init(app):

	@app.route('/benchmark/pathtraver-01/BenchmarkTest01011', methods=['GET'])
	def BenchmarkTest01011_get():
		return BenchmarkTest01011_post()

	@app.route('/benchmark/pathtraver-01/BenchmarkTest01011', methods=['POST'])
	def BenchmarkTest01011_post():
		RESPONSE = """"

		parts = request.path.split(""/"")
		param = parts[1]
		if not param:
			param = """"

		import configparser
		
		bar = 'safe!'
		conf92400 = configparser.ConfigParser()
		conf92400.add_section('section92400')
		conf92400.set('section92400', 'keyA-92400', 'a_Value')
		conf92400.set('section92400', 'keyB-92400', param)
		bar = conf92400.get('section92400', 'keyA-92400')

		import pathlib
		import code.backend.data.raw.owasp.helpers.utils

		try:
			testfiles = pathlib.Path(code.backend.data.raw.owasp.helpers.utils.TESTFILES_DIR)
			p = (testfiles / bar).resolve()

			if not str(p).startswith(str(testfiles)):
				RESPONSE += (
					""Invalid Path.""
				)
				return RESPONSE

			RESPONSE += (
				f'The beginning of file: \'{escape_for_html(str(p))}\' is:\n\n'
				f'{escape_for_html(p.read_text()[:1000])}'
			)
		except OSError:
			RESPONSE += (
				f'Problem reading from file \'{{escape_for_html(fileName)}}\': '
				f'{escape_for_html(e.strerror)}'
			)

		return RESPONSE",SAFE,CWE-22,OWASP
174,"'''
OWASP Benchmark for Python v0.1

This file is part of the Open Web Application Security Project (OWASP) Benchmark Project.
For details, please see https://owasp.org/www-project-benchmark.

The OWASP Benchmark is free software: you can redistribute it and/or modify it under the terms
of the GNU General Public License as published by the Free Software Foundation, version 3.

The OWASP Benchmark is distributed in the hope that it will be useful, but WITHOUT ANY
WARRANTY; without even the implied warranty of MERCHANTABILITY or FITNESS FOR A PARTICULAR
PURPOSE. See the GNU General Public License for more details.

  Author: Theo Cartsonis
  Created: 2025
'''

from flask import redirect, url_for, request, make_response, render_template
from code.backend.data.raw.owasp.helpers.utils import escape_for_html

def init(app):

	@app.route('/benchmark/pathtraver-01/BenchmarkTest01012', methods=['GET'])
	def BenchmarkTest01012_get():
		return BenchmarkTest01012_post()

	@app.route('/benchmark/pathtraver-01/BenchmarkTest01012', methods=['POST'])
	def BenchmarkTest01012_post():
		RESPONSE = """"

		parts = request.path.split(""/"")
		param = parts[1]
		if not param:
			param = """"

		map72463 = {}
		map72463['keyA-72463'] = 'a-Value'
		map72463['keyB-72463'] = param
		map72463['keyC'] = 'another-Value'
		bar = ""safe!""
		bar = map72463['keyB-72463']
		bar = map72463['keyA-72463']

		import pathlib
		import code.backend.data.raw.owasp.helpers.utils

		try:
			testfiles = pathlib.Path(code.backend.data.raw.owasp.helpers.utils.TESTFILES_DIR)
			p = (testfiles / bar).resolve()

			if not str(p).startswith(str(testfiles)):
				RESPONSE += (
					""Invalid Path.""
				)
				return RESPONSE

			RESPONSE += (
				f'The beginning of file: \'{escape_for_html(str(p))}\' is:\n\n'
				f'{escape_for_html(p.read_text()[:1000])}'
			)
		except OSError:
			RESPONSE += (
				f'Problem reading from file \'{{escape_for_html(fileName)}}\': '
				f'{escape_for_html(e.strerror)}'
			)

		return RESPONSE",SAFE,CWE-22,OWASP
175,"'''
OWASP Benchmark for Python v0.1

This file is part of the Open Web Application Security Project (OWASP) Benchmark Project.
For details, please see https://owasp.org/www-project-benchmark.

The OWASP Benchmark is free software: you can redistribute it and/or modify it under the terms
of the GNU General Public License as published by the Free Software Foundation, version 3.

The OWASP Benchmark is distributed in the hope that it will be useful, but WITHOUT ANY
WARRANTY; without even the implied warranty of MERCHANTABILITY or FITNESS FOR A PARTICULAR
PURPOSE. See the GNU General Public License for more details.

  Author: Theo Cartsonis
  Created: 2025
'''

from flask import redirect, url_for, request, make_response, render_template
from code.backend.data.raw.owasp.helpers.utils import escape_for_html

def init(app):

	@app.route('/benchmark/pathtraver-01/BenchmarkTest01013', methods=['GET'])
	def BenchmarkTest01013_get():
		return BenchmarkTest01013_post()

	@app.route('/benchmark/pathtraver-01/BenchmarkTest01013', methods=['POST'])
	def BenchmarkTest01013_post():
		RESPONSE = """"

		parts = request.path.split(""/"")
		param = parts[1]
		if not param:
			param = """"

		import code.backend.data.raw.owasp.helpers.ThingFactory
		
		thing = code.backend.data.raw.owasp.helpers.ThingFactory.createThing()
		bar = thing.doSomething(param)

		import pathlib
		import code.backend.data.raw.owasp.helpers.utils

		try:
			testfiles = pathlib.Path(code.backend.data.raw.owasp.helpers.utils.TESTFILES_DIR)
			p = (testfiles / bar).resolve()

			if not str(p).startswith(str(testfiles)):
				RESPONSE += (
					""Invalid Path.""
				)
				return RESPONSE

			RESPONSE += (
				f'The beginning of file: \'{escape_for_html(str(p))}\' is:\n\n'
				f'{escape_for_html(p.read_text()[:1000])}'
			)
		except OSError:
			RESPONSE += (
				f'Problem reading from file \'{{escape_for_html(fileName)}}\': '
				f'{escape_for_html(e.strerror)}'
			)

		return RESPONSE",SAFE,CWE-22,OWASP
176,"'''
OWASP Benchmark for Python v0.1

This file is part of the Open Web Application Security Project (OWASP) Benchmark Project.
For details, please see https://owasp.org/www-project-benchmark.

The OWASP Benchmark is free software: you can redistribute it and/or modify it under the terms
of the GNU General Public License as published by the Free Software Foundation, version 3.

The OWASP Benchmark is distributed in the hope that it will be useful, but WITHOUT ANY
WARRANTY; without even the implied warranty of MERCHANTABILITY or FITNESS FOR A PARTICULAR
PURPOSE. See the GNU General Public License for more details.

  Author: Theo Cartsonis
  Created: 2025
'''

from flask import redirect, url_for, request, make_response, render_template
from code.backend.data.raw.owasp.helpers.utils import escape_for_html

def init(app):

	@app.route('/benchmark/xss-00/BenchmarkTest01014', methods=['GET'])
	def BenchmarkTest01014_get():
		return BenchmarkTest01014_post()

	@app.route('/benchmark/xss-00/BenchmarkTest01014', methods=['POST'])
	def BenchmarkTest01014_post():
		RESPONSE = """"

		parts = request.path.split(""/"")
		param = parts[1]
		if not param:
			param = """"

		string47305 = 'help'
		string47305 += param
		string47305 += 'snapes on a plane'
		bar = string47305[4:-17]


		otherarg = ""static text""
		RESPONSE += (
			f'bar is \'{bar}\' and otherarg is \'{otherarg}\''
		)

		return RESPONSE",SAFE,CWE-79,OWASP
177,"'''
OWASP Benchmark for Python v0.1

This file is part of the Open Web Application Security Project (OWASP) Benchmark Project.
For details, please see https://owasp.org/www-project-benchmark.

The OWASP Benchmark is free software: you can redistribute it and/or modify it under the terms
of the GNU General Public License as published by the Free Software Foundation, version 3.

The OWASP Benchmark is distributed in the hope that it will be useful, but WITHOUT ANY
WARRANTY; without even the implied warranty of MERCHANTABILITY or FITNESS FOR A PARTICULAR
PURPOSE. See the GNU General Public License for more details.

  Author: Theo Cartsonis
  Created: 2025
'''

from flask import redirect, url_for, request, make_response, render_template
from code.backend.data.raw.owasp.helpers.utils import escape_for_html

def init(app):

	@app.route('/benchmark/xss-00/BenchmarkTest01015', methods=['GET'])
	def BenchmarkTest01015_get():
		return BenchmarkTest01015_post()

	@app.route('/benchmark/xss-00/BenchmarkTest01015', methods=['POST'])
	def BenchmarkTest01015_post():
		RESPONSE = """"

		parts = request.path.split(""/"")
		param = parts[1]
		if not param:
			param = """"

		import base64
		tmp = base64.b64encode(param.encode('utf-8'))
		bar = base64.b64decode(tmp).decode('utf-8')


		otherarg = ""static text""
		RESPONSE += (
			'bar is \'{0}\' and otherarg is \'{1}\''.format(bar, otherarg)
		)

		return RESPONSE",SAFE,CWE-79,OWASP
178,"'''
OWASP Benchmark for Python v0.1

This file is part of the Open Web Application Security Project (OWASP) Benchmark Project.
For details, please see https://owasp.org/www-project-benchmark.

The OWASP Benchmark is free software: you can redistribute it and/or modify it under the terms
of the GNU General Public License as published by the Free Software Foundation, version 3.

The OWASP Benchmark is distributed in the hope that it will be useful, but WITHOUT ANY
WARRANTY; without even the implied warranty of MERCHANTABILITY or FITNESS FOR A PARTICULAR
PURPOSE. See the GNU General Public License for more details.

  Author: Theo Cartsonis
  Created: 2025
'''

from flask import redirect, url_for, request, make_response, render_template
from code.backend.data.raw.owasp.helpers.utils import escape_for_html

def init(app):

	@app.route('/benchmark/xss-00/BenchmarkTest01016', methods=['GET'])
	def BenchmarkTest01016_get():
		return BenchmarkTest01016_post()

	@app.route('/benchmark/xss-00/BenchmarkTest01016', methods=['POST'])
	def BenchmarkTest01016_post():
		RESPONSE = """"

		parts = request.path.split(""/"")
		param = parts[1]
		if not param:
			param = """"

		import configparser
		
		bar = 'safe!'
		conf78259 = configparser.ConfigParser()
		conf78259.add_section('section78259')
		conf78259.set('section78259', 'keyA-78259', 'a-Value')
		conf78259.set('section78259', 'keyB-78259', param)
		bar = conf78259.get('section78259', 'keyB-78259')


		otherarg = ""static text""
		RESPONSE += (
			'bar is \'{0}\' and otherarg is \'{1}\''.format(bar, otherarg)
		)

		return RESPONSE",SAFE,CWE-79,OWASP
179,"'''
OWASP Benchmark for Python v0.1

This file is part of the Open Web Application Security Project (OWASP) Benchmark Project.
For details, please see https://owasp.org/www-project-benchmark.

The OWASP Benchmark is free software: you can redistribute it and/or modify it under the terms
of the GNU General Public License as published by the Free Software Foundation, version 3.

The OWASP Benchmark is distributed in the hope that it will be useful, but WITHOUT ANY
WARRANTY; without even the implied warranty of MERCHANTABILITY or FITNESS FOR A PARTICULAR
PURPOSE. See the GNU General Public License for more details.

  Author: Theo Cartsonis
  Created: 2025
'''

from flask import redirect, url_for, request, make_response, render_template
from code.backend.data.raw.owasp.helpers.utils import escape_for_html

def init(app):

	@app.route('/benchmark/xss-00/BenchmarkTest01017', methods=['GET'])
	def BenchmarkTest01017_get():
		return BenchmarkTest01017_post()

	@app.route('/benchmark/xss-00/BenchmarkTest01017', methods=['POST'])
	def BenchmarkTest01017_post():
		RESPONSE = """"

		parts = request.path.split(""/"")
		param = parts[1]
		if not param:
			param = """"

		map25383 = {}
		map25383['keyA-25383'] = 'a-Value'
		map25383['keyB-25383'] = param
		map25383['keyC'] = 'another-Value'
		bar = ""safe!""
		bar = map25383['keyB-25383']
		bar = map25383['keyA-25383']


		otherarg = ""static text""
		RESPONSE += (
			'bar is \'{0}\' and otherarg is \'{1}\''.format(bar, otherarg)
		)

		return RESPONSE",SAFE,CWE-79,OWASP
180,"'''
OWASP Benchmark for Python v0.1

This file is part of the Open Web Application Security Project (OWASP) Benchmark Project.
For details, please see https://owasp.org/www-project-benchmark.

The OWASP Benchmark is free software: you can redistribute it and/or modify it under the terms
of the GNU General Public License as published by the Free Software Foundation, version 3.

The OWASP Benchmark is distributed in the hope that it will be useful, but WITHOUT ANY
WARRANTY; without even the implied warranty of MERCHANTABILITY or FITNESS FOR A PARTICULAR
PURPOSE. See the GNU General Public License for more details.

  Author: Theo Cartsonis
  Created: 2025
'''

from flask import redirect, url_for, request, make_response, render_template
from code.backend.data.raw.owasp.helpers.utils import escape_for_html

def init(app):

	@app.route('/benchmark/xss-00/BenchmarkTest01018', methods=['GET'])
	def BenchmarkTest01018_get():
		return BenchmarkTest01018_post()

	@app.route('/benchmark/xss-00/BenchmarkTest01018', methods=['POST'])
	def BenchmarkTest01018_post():
		RESPONSE = """"

		parts = request.path.split(""/"")
		param = parts[1]
		if not param:
			param = """"

		superstring = f'85812{param}abcd'
		bar = superstring[len('85812'):len(superstring)-5]


		dict = {}
		dict['bar'] = bar
		dict['otherarg'] = 'this is it'
		RESPONSE += (
			'bar is \'{0[bar]}\' and otherarg is \'{0[otherarg]}\''.format(dict)
		)

		return RESPONSE",SAFE,CWE-79,OWASP
181,"'''
OWASP Benchmark for Python v0.1

This file is part of the Open Web Application Security Project (OWASP) Benchmark Project.
For details, please see https://owasp.org/www-project-benchmark.

The OWASP Benchmark is free software: you can redistribute it and/or modify it under the terms
of the GNU General Public License as published by the Free Software Foundation, version 3.

The OWASP Benchmark is distributed in the hope that it will be useful, but WITHOUT ANY
WARRANTY; without even the implied warranty of MERCHANTABILITY or FITNESS FOR A PARTICULAR
PURPOSE. See the GNU General Public License for more details.

  Author: Theo Cartsonis
  Created: 2025
'''

from flask import redirect, url_for, request, make_response, render_template
from code.backend.data.raw.owasp.helpers.utils import escape_for_html

def init(app):

	@app.route('/benchmark/xss-00/BenchmarkTest01019', methods=['GET'])
	def BenchmarkTest01019_get():
		return BenchmarkTest01019_post()

	@app.route('/benchmark/xss-00/BenchmarkTest01019', methods=['POST'])
	def BenchmarkTest01019_post():
		RESPONSE = """"

		parts = request.path.split(""/"")
		param = parts[1]
		if not param:
			param = """"

		import code.backend.data.raw.owasp.helpers.utils
		bar = code.backend.data.raw.owasp.helpers.utils.escape_for_html(param)


		otherarg = ""static text""
		RESPONSE += (
			'bar is \'%s\' and otherarg is \'%s\'' % (bar, otherarg)
		)

		return RESPONSE",SAFE,CWE-79,OWASP
182,"'''
OWASP Benchmark for Python v0.1

This file is part of the Open Web Application Security Project (OWASP) Benchmark Project.
For details, please see https://owasp.org/www-project-benchmark.

The OWASP Benchmark is free software: you can redistribute it and/or modify it under the terms
of the GNU General Public License as published by the Free Software Foundation, version 3.

The OWASP Benchmark is distributed in the hope that it will be useful, but WITHOUT ANY
WARRANTY; without even the implied warranty of MERCHANTABILITY or FITNESS FOR A PARTICULAR
PURPOSE. See the GNU General Public License for more details.

  Author: Theo Cartsonis
  Created: 2025
'''

from flask import redirect, url_for, request, make_response, render_template
from code.backend.data.raw.owasp.helpers.utils import escape_for_html

def init(app):

	@app.route('/benchmark/xss-00/BenchmarkTest01020', methods=['GET'])
	def BenchmarkTest01020_get():
		return BenchmarkTest01020_post()

	@app.route('/benchmark/xss-00/BenchmarkTest01020', methods=['POST'])
	def BenchmarkTest01020_post():
		RESPONSE = """"

		parts = request.path.split(""/"")
		param = parts[1]
		if not param:
			param = """"

		import html
		
		bar = html.escape(param)


		otherarg = ""static text""
		RESPONSE += (
			'bar is \'%s\' and otherarg is \'%s\'' % (bar, otherarg)
		)

		return RESPONSE",SAFE,CWE-79,OWASP
183,"'''
OWASP Benchmark for Python v0.1

This file is part of the Open Web Application Security Project (OWASP) Benchmark Project.
For details, please see https://owasp.org/www-project-benchmark.

The OWASP Benchmark is free software: you can redistribute it and/or modify it under the terms
of the GNU General Public License as published by the Free Software Foundation, version 3.

The OWASP Benchmark is distributed in the hope that it will be useful, but WITHOUT ANY
WARRANTY; without even the implied warranty of MERCHANTABILITY or FITNESS FOR A PARTICULAR
PURPOSE. See the GNU General Public License for more details.

  Author: Theo Cartsonis
  Created: 2025
'''

from flask import redirect, url_for, request, make_response, render_template
from code.backend.data.raw.owasp.helpers.utils import escape_for_html

def init(app):

	@app.route('/benchmark/sqli-00/BenchmarkTest01021', methods=['GET'])
	def BenchmarkTest01021_get():
		return BenchmarkTest01021_post()

	@app.route('/benchmark/sqli-00/BenchmarkTest01021', methods=['POST'])
	def BenchmarkTest01021_post():
		RESPONSE = """"

		parts = request.path.split(""/"")
		param = parts[1]
		if not param:
			param = """"

		bar = ""alsosafe""
		if param:
			lst = []
			lst.append('safe')
			lst.append(param)
			lst.append('moresafe')
			lst.pop(0)
			bar = lst[1]

		import code.backend.data.raw.owasp.helpers.db_sqlite

		sql = f'SELECT username from USERS where password = ?'
		con = code.backend.data.raw.owasp.helpers.db_sqlite.get_connection()
		cur = con.cursor()
		cur.execute(sql, (bar,))
		RESPONSE += (
			code.backend.data.raw.owasp.helpers.db_sqlite.results(cur, sql)
		)
		con.close()

		return RESPONSE",SAFE,CWE-89,OWASP
184,"'''
OWASP Benchmark for Python v0.1

This file is part of the Open Web Application Security Project (OWASP) Benchmark Project.
For details, please see https://owasp.org/www-project-benchmark.

The OWASP Benchmark is free software: you can redistribute it and/or modify it under the terms
of the GNU General Public License as published by the Free Software Foundation, version 3.

The OWASP Benchmark is distributed in the hope that it will be useful, but WITHOUT ANY
WARRANTY; without even the implied warranty of MERCHANTABILITY or FITNESS FOR A PARTICULAR
PURPOSE. See the GNU General Public License for more details.

  Author: Theo Cartsonis
  Created: 2025
'''

from flask import redirect, url_for, request, make_response, render_template
from code.backend.data.raw.owasp.helpers.utils import escape_for_html

def init(app):

	@app.route('/benchmark/xss-00/BenchmarkTest01082', methods=['GET'])
	def BenchmarkTest01082_get():
		return BenchmarkTest01082_post()

	@app.route('/benchmark/xss-00/BenchmarkTest01082', methods=['POST'])
	def BenchmarkTest01082_post():
		RESPONSE = """"

		parts = request.path.split(""/"")
		param = parts[1]
		if not param:
			param = """"

		import code.backend.data.raw.owasp.helpers.ThingFactory
		
		thing = code.backend.data.raw.owasp.helpers.ThingFactory.createThing()
		bar = thing.doSomething(param)


		RESPONSE += (
			'The value of the bar parameter is now in a custom header.'
		)

		RESPONSE = make_response((RESPONSE, {'yourBenchmarkTest01082': bar}))
		

		return RESPONSE",SAFE,CWE-79,OWASP
185,"'''
OWASP Benchmark for Python v0.1

This file is part of the Open Web Application Security Project (OWASP) Benchmark Project.
For details, please see https://owasp.org/www-project-benchmark.

The OWASP Benchmark is free software: you can redistribute it and/or modify it under the terms
of the GNU General Public License as published by the Free Software Foundation, version 3.

The OWASP Benchmark is distributed in the hope that it will be useful, but WITHOUT ANY
WARRANTY; without even the implied warranty of MERCHANTABILITY or FITNESS FOR A PARTICULAR
PURPOSE. See the GNU General Public License for more details.

  Author: Theo Cartsonis
  Created: 2025
'''

from flask import redirect, url_for, request, make_response, render_template
from code.backend.data.raw.owasp.helpers.utils import escape_for_html

def init(app):

	@app.route('/benchmark/xss-00/BenchmarkTest01083', methods=['GET'])
	def BenchmarkTest01083_get():
		return BenchmarkTest01083_post()

	@app.route('/benchmark/xss-00/BenchmarkTest01083', methods=['POST'])
	def BenchmarkTest01083_post():
		RESPONSE = """"

		parts = request.path.split(""/"")
		param = parts[1]
		if not param:
			param = """"

		bar = ''
		if param:
			bar = param.split(' ')[0]


		RESPONSE += (
			'The value of the bar parameter is now in a custom header.'
		)

		RESPONSE = make_response((RESPONSE, {'yourBenchmarkTest01083': bar}))
		

		return RESPONSE",SAFE,CWE-79,OWASP
186,"'''
OWASP Benchmark for Python v0.1

This file is part of the Open Web Application Security Project (OWASP) Benchmark Project.
For details, please see https://owasp.org/www-project-benchmark.

The OWASP Benchmark is free software: you can redistribute it and/or modify it under the terms
of the GNU General Public License as published by the Free Software Foundation, version 3.

The OWASP Benchmark is distributed in the hope that it will be useful, but WITHOUT ANY
WARRANTY; without even the implied warranty of MERCHANTABILITY or FITNESS FOR A PARTICULAR
PURPOSE. See the GNU General Public License for more details.

  Author: Theo Cartsonis
  Created: 2025
'''

from flask import redirect, url_for, request, make_response, render_template
from code.backend.data.raw.owasp.helpers.utils import escape_for_html

def init(app):

	@app.route('/benchmark/xss-01/BenchmarkTest01084', methods=['GET'])
	def BenchmarkTest01084_get():
		return BenchmarkTest01084_post()

	@app.route('/benchmark/xss-01/BenchmarkTest01084', methods=['POST'])
	def BenchmarkTest01084_post():
		RESPONSE = """"

		parts = request.path.split(""/"")
		param = parts[1]
		if not param:
			param = """"

		superstring = f'58606{param}abcd'
		bar = superstring[len('58606'):len(superstring)-5]


		RESPONSE += (
			'The value of the bar parameter is now in a custom header.'
		)

		RESPONSE = make_response((RESPONSE, {'yourBenchmarkTest01084': bar}))
		

		return RESPONSE",SAFE,CWE-79,OWASP
187,"'''
OWASP Benchmark for Python v0.1

This file is part of the Open Web Application Security Project (OWASP) Benchmark Project.
For details, please see https://owasp.org/www-project-benchmark.

The OWASP Benchmark is free software: you can redistribute it and/or modify it under the terms
of the GNU General Public License as published by the Free Software Foundation, version 3.

The OWASP Benchmark is distributed in the hope that it will be useful, but WITHOUT ANY
WARRANTY; without even the implied warranty of MERCHANTABILITY or FITNESS FOR A PARTICULAR
PURPOSE. See the GNU General Public License for more details.

  Author: Theo Cartsonis
  Created: 2025
'''

from flask import redirect, url_for, request, make_response, render_template
from code.backend.data.raw.owasp.helpers.utils import escape_for_html

def init(app):

	@app.route('/benchmark/cmdi-00/BenchmarkTest01097', methods=['GET'])
	def BenchmarkTest01097_get():
		return BenchmarkTest01097_post()

	@app.route('/benchmark/cmdi-00/BenchmarkTest01097', methods=['POST'])
	def BenchmarkTest01097_post():
		RESPONSE = """"

		parts = request.path.split(""/"")
		param = parts[1]
		if not param:
			param = """"

		num = 86
		
		if 7 * 42 - num > 200:
			bar = 'This_should_always_happen'
		else:
			bar = param

		import platform
		import subprocess
		import code.backend.data.raw.owasp.helpers.utils

		argStr = """"
		if platform.system() == ""Windows"":
			argStr = ""cmd.exe /c ""
		else:
			argStr = ""sh -c ""
		argStr += f""echo {bar}""

		try:
			proc = subprocess.run(argStr, shell=True, capture_output=True, encoding=""utf-8"")

			RESPONSE += (
				code.backend.data.raw.owasp.helpers.utils.commandOutput(proc)
			)
		except IOError:
			RESPONSE += (
				""Problem executing cmdi - subprocess.run(list) Test Case""
			)

		return RESPONSE",SAFE,CWE-78,OWASP
188,"'''
OWASP Benchmark for Python v0.1

This file is part of the Open Web Application Security Project (OWASP) Benchmark Project.
For details, please see https://owasp.org/www-project-benchmark.

The OWASP Benchmark is free software: you can redistribute it and/or modify it under the terms
of the GNU General Public License as published by the Free Software Foundation, version 3.

The OWASP Benchmark is distributed in the hope that it will be useful, but WITHOUT ANY
WARRANTY; without even the implied warranty of MERCHANTABILITY or FITNESS FOR A PARTICULAR
PURPOSE. See the GNU General Public License for more details.

  Author: Theo Cartsonis
  Created: 2025
'''

from flask import redirect, url_for, request, make_response, render_template
from code.backend.data.raw.owasp.helpers.utils import escape_for_html

def init(app):

	@app.route('/benchmark/cmdi-00/BenchmarkTest01098', methods=['GET'])
	def BenchmarkTest01098_get():
		return BenchmarkTest01098_post()

	@app.route('/benchmark/cmdi-00/BenchmarkTest01098', methods=['POST'])
	def BenchmarkTest01098_post():
		RESPONSE = """"

		parts = request.path.split(""/"")
		param = parts[1]
		if not param:
			param = """"

		string29419 = 'help'
		string29419 += param
		string29419 += 'snapes on a plane'
		bar = string29419[4:-17]

		import platform
		import subprocess
		import code.backend.data.raw.owasp.helpers.utils

		argStr = """"
		if platform.system() == ""Windows"":
			argStr = ""cmd.exe /c ""
		else:
			argStr = ""sh -c ""
		argStr += f""echo {bar}""

		try:
			proc = subprocess.run(argStr, shell=True, capture_output=True, encoding=""utf-8"")

			RESPONSE += (
				code.backend.data.raw.owasp.helpers.utils.commandOutput(proc)
			)
		except IOError:
			RESPONSE += (
				""Problem executing cmdi - subprocess.run(list) Test Case""
			)

		return RESPONSE",SAFE,CWE-78,OWASP
189,"'''
OWASP Benchmark for Python v0.1

This file is part of the Open Web Application Security Project (OWASP) Benchmark Project.
For details, please see https://owasp.org/www-project-benchmark.

The OWASP Benchmark is free software: you can redistribute it and/or modify it under the terms
of the GNU General Public License as published by the Free Software Foundation, version 3.

The OWASP Benchmark is distributed in the hope that it will be useful, but WITHOUT ANY
WARRANTY; without even the implied warranty of MERCHANTABILITY or FITNESS FOR A PARTICULAR
PURPOSE. See the GNU General Public License for more details.

  Author: Theo Cartsonis
  Created: 2025
'''

from flask import redirect, url_for, request, make_response, render_template
from code.backend.data.raw.owasp.helpers.utils import escape_for_html

def init(app):

	@app.route('/benchmark/xss-01/BenchmarkTest01103', methods=['GET'])
	def BenchmarkTest01103_get():
		return BenchmarkTest01103_post()

	@app.route('/benchmark/xss-01/BenchmarkTest01103', methods=['POST'])
	def BenchmarkTest01103_post():
		RESPONSE = """"

		import code.backend.data.raw.owasp.helpers.separate_request
		scr = code.backend.data.raw.owasp.helpers.separate_request.request_wrapper(request)
		param = scr.get_safe_value(""BenchmarkTest01103"")

		map63777 = {}
		map63777['keyA-63777'] = 'a-Value'
		map63777['keyB-63777'] = param
		map63777['keyC'] = 'another-Value'
		bar = map63777['keyB-63777']


		RESPONSE += (
			f'Parameter value: {bar}'
		)

		return RESPONSE",SAFE,CWE-79,OWASP
190,"'''
OWASP Benchmark for Python v0.1

This file is part of the Open Web Application Security Project (OWASP) Benchmark Project.
For details, please see https://owasp.org/www-project-benchmark.

The OWASP Benchmark is free software: you can redistribute it and/or modify it under the terms
of the GNU General Public License as published by the Free Software Foundation, version 3.

The OWASP Benchmark is distributed in the hope that it will be useful, but WITHOUT ANY
WARRANTY; without even the implied warranty of MERCHANTABILITY or FITNESS FOR A PARTICULAR
PURPOSE. See the GNU General Public License for more details.

  Author: Theo Cartsonis
  Created: 2025
'''

from flask import redirect, url_for, request, make_response, render_template
from code.backend.data.raw.owasp.helpers.utils import escape_for_html

def init(app):

	@app.route('/benchmark/xss-01/BenchmarkTest01104', methods=['GET'])
	def BenchmarkTest01104_get():
		return BenchmarkTest01104_post()

	@app.route('/benchmark/xss-01/BenchmarkTest01104', methods=['POST'])
	def BenchmarkTest01104_post():
		RESPONSE = """"

		import code.backend.data.raw.owasp.helpers.separate_request
		scr = code.backend.data.raw.owasp.helpers.separate_request.request_wrapper(request)
		param = scr.get_safe_value(""BenchmarkTest01104"")

		import code.backend.data.raw.owasp.helpers.ThingFactory
		
		thing = code.backend.data.raw.owasp.helpers.ThingFactory.createThing()
		bar = thing.doSomething(param)


		RESPONSE += (
			f'Parameter value: {bar}'
		)

		return RESPONSE",SAFE,CWE-79,OWASP
191,"'''
OWASP Benchmark for Python v0.1

This file is part of the Open Web Application Security Project (OWASP) Benchmark Project.
For details, please see https://owasp.org/www-project-benchmark.

The OWASP Benchmark is free software: you can redistribute it and/or modify it under the terms
of the GNU General Public License as published by the Free Software Foundation, version 3.

The OWASP Benchmark is distributed in the hope that it will be useful, but WITHOUT ANY
WARRANTY; without even the implied warranty of MERCHANTABILITY or FITNESS FOR A PARTICULAR
PURPOSE. See the GNU General Public License for more details.

  Author: Theo Cartsonis
  Created: 2025
'''

from flask import redirect, url_for, request, make_response, render_template
from code.backend.data.raw.owasp.helpers.utils import escape_for_html

def init(app):

	@app.route('/benchmark/pathtraver-01/BenchmarkTest01108', methods=['GET'])
	def BenchmarkTest01108_get():
		return BenchmarkTest01108_post()

	@app.route('/benchmark/pathtraver-01/BenchmarkTest01108', methods=['POST'])
	def BenchmarkTest01108_post():
		RESPONSE = """"

		import code.backend.data.raw.owasp.helpers.separate_request
		scr = code.backend.data.raw.owasp.helpers.separate_request.request_wrapper(request)
		param = scr.get_safe_value(""BenchmarkTest01108"")

		import base64
		tmp = base64.b64encode(param.encode('utf-8'))
		bar = base64.b64decode(tmp).decode('utf-8')

		import code.backend.data.raw.owasp.helpers.utils

		try:
			fileName = f'{code.backend.data.raw.owasp.helpers.utils.TESTFILES_DIR}/{bar}'
			fd = open(fileName, 'wb')
			RESPONSE += (
				f'Now ready to write to file: {escape_for_html(fileName)}'
			)
		except IOError as e:
			RESPONSE += (
				f'Problem reading from file \'{escape_for_html(fileName)}\': '
				f'{escape_for_html(e.strerror)}'
			)
		finally:
			try:
				if fd is not None:
					fd.close()
			except IOError:
				pass # ""// we tried...""

		return RESPONSE",SAFE,CWE-22,OWASP
192,"'''
OWASP Benchmark for Python v0.1

This file is part of the Open Web Application Security Project (OWASP) Benchmark Project.
For details, please see https://owasp.org/www-project-benchmark.

The OWASP Benchmark is free software: you can redistribute it and/or modify it under the terms
of the GNU General Public License as published by the Free Software Foundation, version 3.

The OWASP Benchmark is distributed in the hope that it will be useful, but WITHOUT ANY
WARRANTY; without even the implied warranty of MERCHANTABILITY or FITNESS FOR A PARTICULAR
PURPOSE. See the GNU General Public License for more details.

  Author: Theo Cartsonis
  Created: 2025
'''

from flask import redirect, url_for, request, make_response, render_template
from code.backend.data.raw.owasp.helpers.utils import escape_for_html

def init(app):

	@app.route('/benchmark/pathtraver-01/BenchmarkTest01109', methods=['GET'])
	def BenchmarkTest01109_get():
		return BenchmarkTest01109_post()

	@app.route('/benchmark/pathtraver-01/BenchmarkTest01109', methods=['POST'])
	def BenchmarkTest01109_post():
		RESPONSE = """"

		import code.backend.data.raw.owasp.helpers.separate_request
		scr = code.backend.data.raw.owasp.helpers.separate_request.request_wrapper(request)
		param = scr.get_safe_value(""BenchmarkTest01109"")

		bar = """"
		if param:
			lst = []
			lst.append('safe')
			lst.append(param)
			lst.append('moresafe')
			lst.pop(0)
			bar = lst[0]

		import os
		import code.backend.data.raw.owasp.helpers.utils

		fileName = f'{code.backend.data.raw.owasp.helpers.utils.TESTFILES_DIR}/{bar}'
		if os.path.exists(fileName):
			RESPONSE += ( f""File \'{escape_for_html(fileName)}\' exists."" )
		else:
			RESPONSE += ( f""File \'{escape_for_html(fileName)}\' does not exist."" )

		return RESPONSE",SAFE,CWE-22,OWASP
193,"'''
OWASP Benchmark for Python v0.1

This file is part of the Open Web Application Security Project (OWASP) Benchmark Project.
For details, please see https://owasp.org/www-project-benchmark.

The OWASP Benchmark is free software: you can redistribute it and/or modify it under the terms
of the GNU General Public License as published by the Free Software Foundation, version 3.

The OWASP Benchmark is distributed in the hope that it will be useful, but WITHOUT ANY
WARRANTY; without even the implied warranty of MERCHANTABILITY or FITNESS FOR A PARTICULAR
PURPOSE. See the GNU General Public License for more details.

  Author: Theo Cartsonis
  Created: 2025
'''

from flask import redirect, url_for, request, make_response, render_template
from code.backend.data.raw.owasp.helpers.utils import escape_for_html

def init(app):

	@app.route('/benchmark/pathtraver-01/BenchmarkTest01110', methods=['GET'])
	def BenchmarkTest01110_get():
		return BenchmarkTest01110_post()

	@app.route('/benchmark/pathtraver-01/BenchmarkTest01110', methods=['POST'])
	def BenchmarkTest01110_post():
		RESPONSE = """"

		import code.backend.data.raw.owasp.helpers.separate_request
		scr = code.backend.data.raw.owasp.helpers.separate_request.request_wrapper(request)
		param = scr.get_safe_value(""BenchmarkTest01110"")

		bar = """"
		if param:
			lst = []
			lst.append('safe')
			lst.append(param)
			lst.append('moresafe')
			lst.pop(0)
			bar = lst[0]

		import pathlib
		import code.backend.data.raw.owasp.helpers.utils

		testfiles = pathlib.Path(code.backend.data.raw.owasp.helpers.utils.TESTFILES_DIR)
		p = testfiles / bar
		if p.exists():
			RESPONSE += ( f""File \'{escape_for_html(str(p))}\' exists."" )
		else:
			RESPONSE += ( f""File \'{escape_for_html(str(p))}\' does not exist."" )

		return RESPONSE",SAFE,CWE-22,OWASP
194,"'''
OWASP Benchmark for Python v0.1

This file is part of the Open Web Application Security Project (OWASP) Benchmark Project.
For details, please see https://owasp.org/www-project-benchmark.

The OWASP Benchmark is free software: you can redistribute it and/or modify it under the terms
of the GNU General Public License as published by the Free Software Foundation, version 3.

The OWASP Benchmark is distributed in the hope that it will be useful, but WITHOUT ANY
WARRANTY; without even the implied warranty of MERCHANTABILITY or FITNESS FOR A PARTICULAR
PURPOSE. See the GNU General Public License for more details.

  Author: Theo Cartsonis
  Created: 2025
'''

from flask import redirect, url_for, request, make_response, render_template
from code.backend.data.raw.owasp.helpers.utils import escape_for_html

def init(app):

	@app.route('/benchmark/pathtraver-01/BenchmarkTest01111', methods=['GET'])
	def BenchmarkTest01111_get():
		return BenchmarkTest01111_post()

	@app.route('/benchmark/pathtraver-01/BenchmarkTest01111', methods=['POST'])
	def BenchmarkTest01111_post():
		RESPONSE = """"

		import code.backend.data.raw.owasp.helpers.separate_request
		scr = code.backend.data.raw.owasp.helpers.separate_request.request_wrapper(request)
		param = scr.get_safe_value(""BenchmarkTest01111"")

		num = 106
		
		bar = ""This should never happen"" if (7*42) - num > 200 else param

		import pathlib
		import code.backend.data.raw.owasp.helpers.utils

		testfiles = pathlib.Path(code.backend.data.raw.owasp.helpers.utils.TESTFILES_DIR)
		p = testfiles / bar
		if p.exists():
			RESPONSE += ( f""File \'{escape_for_html(str(p))}\' exists."" )
		else:
			RESPONSE += ( f""File \'{escape_for_html(str(p))}\' does not exist."" )

		return RESPONSE",SAFE,CWE-22,OWASP
195,"'''
OWASP Benchmark for Python v0.1

This file is part of the Open Web Application Security Project (OWASP) Benchmark Project.
For details, please see https://owasp.org/www-project-benchmark.

The OWASP Benchmark is free software: you can redistribute it and/or modify it under the terms
of the GNU General Public License as published by the Free Software Foundation, version 3.

The OWASP Benchmark is distributed in the hope that it will be useful, but WITHOUT ANY
WARRANTY; without even the implied warranty of MERCHANTABILITY or FITNESS FOR A PARTICULAR
PURPOSE. See the GNU General Public License for more details.

  Author: Theo Cartsonis
  Created: 2025
'''

from flask import redirect, url_for, request, make_response, render_template
from code.backend.data.raw.owasp.helpers.utils import escape_for_html

def init(app):

	@app.route('/benchmark/pathtraver-01/BenchmarkTest01112', methods=['GET'])
	def BenchmarkTest01112_get():
		return BenchmarkTest01112_post()

	@app.route('/benchmark/pathtraver-01/BenchmarkTest01112', methods=['POST'])
	def BenchmarkTest01112_post():
		RESPONSE = """"

		import code.backend.data.raw.owasp.helpers.separate_request
		scr = code.backend.data.raw.owasp.helpers.separate_request.request_wrapper(request)
		param = scr.get_safe_value(""BenchmarkTest01112"")

		num = 106
		
		bar = ""This should never happen"" if (7*42) - num > 200 else param

		import pathlib
		import code.backend.data.raw.owasp.helpers.utils

		testfiles = pathlib.Path(code.backend.data.raw.owasp.helpers.utils.TESTFILES_DIR)
		p = (testfiles / bar).resolve()

		if not str(p).startswith(str(testfiles)):
			RESPONSE += (
				""Invalid Path.""
			)
			return RESPONSE
		
		if p.exists():
			RESPONSE += ( f""File \'{escape_for_html(str(p))}\' exists."" )
		else:
			RESPONSE += ( f""File \'{escape_for_html(str(p))}\' does not exist."" )

		return RESPONSE",SAFE,CWE-22,OWASP
196,"'''
OWASP Benchmark for Python v0.1

This file is part of the Open Web Application Security Project (OWASP) Benchmark Project.
For details, please see https://owasp.org/www-project-benchmark.

The OWASP Benchmark is free software: you can redistribute it and/or modify it under the terms
of the GNU General Public License as published by the Free Software Foundation, version 3.

The OWASP Benchmark is distributed in the hope that it will be useful, but WITHOUT ANY
WARRANTY; without even the implied warranty of MERCHANTABILITY or FITNESS FOR A PARTICULAR
PURPOSE. See the GNU General Public License for more details.

  Author: Theo Cartsonis
  Created: 2025
'''

from flask import redirect, url_for, request, make_response, render_template
from code.backend.data.raw.owasp.helpers.utils import escape_for_html

def init(app):

	@app.route('/benchmark/pathtraver-01/BenchmarkTest01113', methods=['GET'])
	def BenchmarkTest01113_get():
		return BenchmarkTest01113_post()

	@app.route('/benchmark/pathtraver-01/BenchmarkTest01113', methods=['POST'])
	def BenchmarkTest01113_post():
		RESPONSE = """"

		import code.backend.data.raw.owasp.helpers.separate_request
		scr = code.backend.data.raw.owasp.helpers.separate_request.request_wrapper(request)
		param = scr.get_safe_value(""BenchmarkTest01113"")

		num = 106
		
		bar = ""This_should_always_happen"" if 7 * 18 + num > 200 else param

		import pathlib
		import code.backend.data.raw.owasp.helpers.utils

		try:
			testfiles = pathlib.Path(code.backend.data.raw.owasp.helpers.utils.TESTFILES_DIR)
			p = (testfiles / bar).resolve()

			if not str(p).startswith(str(testfiles)):
				RESPONSE += (
					""Invalid Path.""
				)
				return RESPONSE

			RESPONSE += (
				f'The beginning of file: \'{escape_for_html(str(p))}\' is:\n\n'
				f'{escape_for_html(p.read_text()[:1000])}'
			)
		except OSError:
			RESPONSE += (
				f'Problem reading from file \'{{escape_for_html(fileName)}}\': '
				f'{escape_for_html(e.strerror)}'
			)

		return RESPONSE",SAFE,CWE-22,OWASP
197,"'''
OWASP Benchmark for Python v0.1

This file is part of the Open Web Application Security Project (OWASP) Benchmark Project.
For details, please see https://owasp.org/www-project-benchmark.

The OWASP Benchmark is free software: you can redistribute it and/or modify it under the terms
of the GNU General Public License as published by the Free Software Foundation, version 3.

The OWASP Benchmark is distributed in the hope that it will be useful, but WITHOUT ANY
WARRANTY; without even the implied warranty of MERCHANTABILITY or FITNESS FOR A PARTICULAR
PURPOSE. See the GNU General Public License for more details.

  Author: Theo Cartsonis
  Created: 2025
'''

from flask import redirect, url_for, request, make_response, render_template
from code.backend.data.raw.owasp.helpers.utils import escape_for_html

def init(app):

	@app.route('/benchmark/pathtraver-01/BenchmarkTest01114', methods=['GET'])
	def BenchmarkTest01114_get():
		return BenchmarkTest01114_post()

	@app.route('/benchmark/pathtraver-01/BenchmarkTest01114', methods=['POST'])
	def BenchmarkTest01114_post():
		RESPONSE = """"

		import code.backend.data.raw.owasp.helpers.separate_request
		scr = code.backend.data.raw.owasp.helpers.separate_request.request_wrapper(request)
		param = scr.get_safe_value(""BenchmarkTest01114"")

		bar = ""alsosafe""
		if param:
			lst = []
			lst.append('safe')
			lst.append(param)
			lst.append('moresafe')
			lst.pop(0)
			bar = lst[1]

		import code.backend.data.raw.owasp.helpers.utils

		try:
			fileName = f'{code.backend.data.raw.owasp.helpers.utils.TESTFILES_DIR}/{bar}'
			with open(fileName, 'wb') as fd:
				RESPONSE += (
					f'Now ready to write to file: {escape_for_html(fileName)}'
				)
		except IOError as e:
			RESPONSE += (
				f'Problem reading from file \'{escape_for_html(fileName)}\': '
				f'{escape_for_html(e.strerror)}'
			)

		return RESPONSE",SAFE,CWE-22,OWASP
198,"'''
OWASP Benchmark for Python v0.1

This file is part of the Open Web Application Security Project (OWASP) Benchmark Project.
For details, please see https://owasp.org/www-project-benchmark.

The OWASP Benchmark is free software: you can redistribute it and/or modify it under the terms
of the GNU General Public License as published by the Free Software Foundation, version 3.

The OWASP Benchmark is distributed in the hope that it will be useful, but WITHOUT ANY
WARRANTY; without even the implied warranty of MERCHANTABILITY or FITNESS FOR A PARTICULAR
PURPOSE. See the GNU General Public License for more details.

  Author: Theo Cartsonis
  Created: 2025
'''

from flask import redirect, url_for, request, make_response, render_template
from code.backend.data.raw.owasp.helpers.utils import escape_for_html

def init(app):

	@app.route('/benchmark/xss-01/BenchmarkTest01115', methods=['GET'])
	def BenchmarkTest01115_get():
		return BenchmarkTest01115_post()

	@app.route('/benchmark/xss-01/BenchmarkTest01115', methods=['POST'])
	def BenchmarkTest01115_post():
		RESPONSE = """"

		import code.backend.data.raw.owasp.helpers.separate_request
		scr = code.backend.data.raw.owasp.helpers.separate_request.request_wrapper(request)
		param = scr.get_safe_value(""BenchmarkTest01115"")

		string70586 = 'help'
		string70586 += param
		string70586 += 'snapes on a plane'
		bar = string70586[4:-17]


		otherarg = ""static text""
		RESPONSE += (
			'bar is \'%s\' and otherarg is \'%s\'' % (bar, otherarg)
		)

		return RESPONSE",SAFE,CWE-79,OWASP
199,"'''
OWASP Benchmark for Python v0.1

This file is part of the Open Web Application Security Project (OWASP) Benchmark Project.
For details, please see https://owasp.org/www-project-benchmark.

The OWASP Benchmark is free software: you can redistribute it and/or modify it under the terms
of the GNU General Public License as published by the Free Software Foundation, version 3.

The OWASP Benchmark is distributed in the hope that it will be useful, but WITHOUT ANY
WARRANTY; without even the implied warranty of MERCHANTABILITY or FITNESS FOR A PARTICULAR
PURPOSE. See the GNU General Public License for more details.

  Author: Theo Cartsonis
  Created: 2025
'''

from flask import redirect, url_for, request, make_response, render_template
from code.backend.data.raw.owasp.helpers.utils import escape_for_html

def init(app):

	@app.route('/benchmark/xss-01/BenchmarkTest01155', methods=['GET'])
	def BenchmarkTest01155_get():
		return BenchmarkTest01155_post()

	@app.route('/benchmark/xss-01/BenchmarkTest01155', methods=['POST'])
	def BenchmarkTest01155_post():
		RESPONSE = """"

		import code.backend.data.raw.owasp.helpers.separate_request
		scr = code.backend.data.raw.owasp.helpers.separate_request.request_wrapper(request)
		param = scr.get_safe_value(""BenchmarkTest01155"")

		import configparser
		
		bar = 'safe!'
		conf95902 = configparser.ConfigParser()
		conf95902.add_section('section95902')
		conf95902.set('section95902', 'keyA-95902', 'a_Value')
		conf95902.set('section95902', 'keyB-95902', param)
		bar = conf95902.get('section95902', 'keyA-95902')


		RESPONSE += (
			'The value of the bar parameter is now in a custom header.'
		)

		RESPONSE = make_response((RESPONSE, {'yourBenchmarkTest01155': bar}))
		

		return RESPONSE",SAFE,CWE-79,OWASP
200,"'''
OWASP Benchmark for Python v0.1

This file is part of the Open Web Application Security Project (OWASP) Benchmark Project.
For details, please see https://owasp.org/www-project-benchmark.

The OWASP Benchmark is free software: you can redistribute it and/or modify it under the terms
of the GNU General Public License as published by the Free Software Foundation, version 3.

The OWASP Benchmark is distributed in the hope that it will be useful, but WITHOUT ANY
WARRANTY; without even the implied warranty of MERCHANTABILITY or FITNESS FOR A PARTICULAR
PURPOSE. See the GNU General Public License for more details.

  Author: Theo Cartsonis
  Created: 2025
'''

from flask import redirect, url_for, request, make_response, render_template
from code.backend.data.raw.owasp.helpers.utils import escape_for_html

def init(app):

	@app.route('/benchmark/cmdi-00/BenchmarkTest01173', methods=['GET'])
	def BenchmarkTest01173_get():
		return BenchmarkTest01173_post()

	@app.route('/benchmark/cmdi-00/BenchmarkTest01173', methods=['POST'])
	def BenchmarkTest01173_post():
		RESPONSE = """"

		import code.backend.data.raw.owasp.helpers.separate_request
		scr = code.backend.data.raw.owasp.helpers.separate_request.request_wrapper(request)
		param = scr.get_safe_value(""BenchmarkTest01173"")

		import base64
		tmp = base64.b64encode(param.encode('utf-8'))
		bar = base64.b64decode(tmp).decode('utf-8')

		import platform
		import subprocess
		import code.backend.data.raw.owasp.helpers.utils

		argStr = """"
		if platform.system() == ""Windows"":
			argStr = ""cmd.exe /c ""
		else:
			argStr = ""sh -c ""
		argStr += f""echo {bar}""

		try:
			proc = subprocess.run(argStr, shell=True, capture_output=True, encoding=""utf-8"")

			RESPONSE += (
				code.backend.data.raw.owasp.helpers.utils.commandOutput(proc)
			)
		except IOError:
			RESPONSE += (
				""Problem executing cmdi - subprocess.run(list) Test Case""
			)

		return RESPONSE",SAFE,CWE-78,OWASP
201,"'''
OWASP Benchmark for Python v0.1

This file is part of the Open Web Application Security Project (OWASP) Benchmark Project.
For details, please see https://owasp.org/www-project-benchmark.

The OWASP Benchmark is free software: you can redistribute it and/or modify it under the terms
of the GNU General Public License as published by the Free Software Foundation, version 3.

The OWASP Benchmark is distributed in the hope that it will be useful, but WITHOUT ANY
WARRANTY; without even the implied warranty of MERCHANTABILITY or FITNESS FOR A PARTICULAR
PURPOSE. See the GNU General Public License for more details.

  Author: Theo Cartsonis
  Created: 2025
'''

from flask import redirect, url_for, request, make_response, render_template
from code.backend.data.raw.owasp.helpers.utils import escape_for_html

def init(app):

	@app.route('/benchmark/pathtraver-01/BenchmarkTest01179', methods=['GET'])
	def BenchmarkTest01179_get():
		return BenchmarkTest01179_post()

	@app.route('/benchmark/pathtraver-01/BenchmarkTest01179', methods=['POST'])
	def BenchmarkTest01179_post():
		RESPONSE = """"

		param = request.form.get(""BenchmarkTest01179"")
		if not param:
			param = """"


		import code.backend.data.raw.owasp.helpers.utils

		try:
			fileName = f'{code.backend.data.raw.owasp.helpers.utils.TESTFILES_DIR}/{param}'
			fd = open(fileName, 'wb')
			RESPONSE += (
				f'Now ready to write to file: {escape_for_html(fileName)}'
			)
		except IOError as e:
			RESPONSE += (
				f'Problem reading from file \'{escape_for_html(fileName)}\': '
				f'{escape_for_html(e.strerror)}'
			)
		finally:
			try:
				if fd is not None:
					fd.close()
			except IOError:
				pass # ""// we tried...""

		return RESPONSE",Insecure File Handling,CWE-22,OWASP
202,"'''
OWASP Benchmark for Python v0.1

This file is part of the Open Web Application Security Project (OWASP) Benchmark Project.
For details, please see https://owasp.org/www-project-benchmark.

The OWASP Benchmark is free software: you can redistribute it and/or modify it under the terms
of the GNU General Public License as published by the Free Software Foundation, version 3.

The OWASP Benchmark is distributed in the hope that it will be useful, but WITHOUT ANY
WARRANTY; without even the implied warranty of MERCHANTABILITY or FITNESS FOR A PARTICULAR
PURPOSE. See the GNU General Public License for more details.

  Author: Theo Cartsonis
  Created: 2025
'''

from flask import redirect, url_for, request, make_response, render_template
from code.backend.data.raw.owasp.helpers.utils import escape_for_html

def init(app):

	@app.route('/benchmark/pathtraver-01/BenchmarkTest01180', methods=['GET'])
	def BenchmarkTest01180_get():
		return BenchmarkTest01180_post()

	@app.route('/benchmark/pathtraver-01/BenchmarkTest01180', methods=['POST'])
	def BenchmarkTest01180_post():
		RESPONSE = """"

		param = request.form.get(""BenchmarkTest01180"")
		if not param:
			param = """"


		import code.backend.data.raw.owasp.helpers.utils

		if '../' in param:
			RESPONSE += (
				'File name must not contain \'../\''
			)
			return RESPONSE

		try:
			fileName = f'{code.backend.data.raw.owasp.helpers.utils.TESTFILES_DIR}/{param}'
			fd = open(fileName, 'wb')
			RESPONSE += (
				f'Now ready to write to file: {escape_for_html(fileName)}'
			)
		except IOError as e:
			RESPONSE += (
				f'Problem reading from file \'{escape_for_html(fileName)}\': '
				f'{escape_for_html(e.strerror)}'
			)
		finally:
			try:
				if fd is not None:
					fd.close()
			except IOError:
				pass # ""// we tried...""

		return RESPONSE",SAFE,CWE-22,OWASP
203,"'''
OWASP Benchmark for Python v0.1

This file is part of the Open Web Application Security Project (OWASP) Benchmark Project.
For details, please see https://owasp.org/www-project-benchmark.

The OWASP Benchmark is free software: you can redistribute it and/or modify it under the terms
of the GNU General Public License as published by the Free Software Foundation, version 3.

The OWASP Benchmark is distributed in the hope that it will be useful, but WITHOUT ANY
WARRANTY; without even the implied warranty of MERCHANTABILITY or FITNESS FOR A PARTICULAR
PURPOSE. See the GNU General Public License for more details.

  Author: Theo Cartsonis
  Created: 2025
'''

from flask import redirect, url_for, request, make_response, render_template
from code.backend.data.raw.owasp.helpers.utils import escape_for_html

def init(app):

	@app.route('/benchmark/pathtraver-01/BenchmarkTest01181', methods=['GET'])
	def BenchmarkTest01181_get():
		return BenchmarkTest01181_post()

	@app.route('/benchmark/pathtraver-01/BenchmarkTest01181', methods=['POST'])
	def BenchmarkTest01181_post():
		RESPONSE = """"

		param = request.form.get(""BenchmarkTest01181"")
		if not param:
			param = """"


		import os
		import code.backend.data.raw.owasp.helpers.utils

		fileName = f'{code.backend.data.raw.owasp.helpers.utils.TESTFILES_DIR}/{param}'
		if os.path.exists(fileName):
			RESPONSE += ( f""File \'{escape_for_html(fileName)}\' exists."" )
		else:
			RESPONSE += ( f""File \'{escape_for_html(fileName)}\' does not exist."" )

		return RESPONSE",Insecure File Handling,CWE-22,OWASP
204,"'''
OWASP Benchmark for Python v0.1

This file is part of the Open Web Application Security Project (OWASP) Benchmark Project.
For details, please see https://owasp.org/www-project-benchmark.

The OWASP Benchmark is free software: you can redistribute it and/or modify it under the terms
of the GNU General Public License as published by the Free Software Foundation, version 3.

The OWASP Benchmark is distributed in the hope that it will be useful, but WITHOUT ANY
WARRANTY; without even the implied warranty of MERCHANTABILITY or FITNESS FOR A PARTICULAR
PURPOSE. See the GNU General Public License for more details.

  Author: Theo Cartsonis
  Created: 2025
'''

from flask import redirect, url_for, request, make_response, render_template
from code.backend.data.raw.owasp.helpers.utils import escape_for_html

def init(app):

	@app.route('/benchmark/cmdi-00/BenchmarkTest01191', methods=['GET'])
	def BenchmarkTest01191_get():
		return BenchmarkTest01191_post()

	@app.route('/benchmark/cmdi-00/BenchmarkTest01191', methods=['POST'])
	def BenchmarkTest01191_post():
		RESPONSE = """"

		import code.backend.data.raw.owasp.helpers.separate_request
		
		wrapped = code.backend.data.raw.owasp.helpers.separate_request.request_wrapper(request)
		param = wrapped.get_form_parameter(""BenchmarkTest01191"")
		if not param:
			param = """"


		import os
		import subprocess
		import code.backend.data.raw.owasp.helpers.utils

		argList = []
		if ""Windows"" in os.name:
			argList.append(""cmd.exe"")
			argList.append(""-c"")
		else:
			argList.append(""sh"")
			argList.append(""-c"")
		argList.append(f""echo {param}"")

		proc = subprocess.run(argList, capture_output=True, encoding=""utf-8"")
		RESPONSE += (
			code.backend.data.raw.owasp.helpers.utils.commandOutput(proc)
		)

		return RESPONSE",Command Injection,CWE-78,OWASP
205,"'''
OWASP Benchmark for Python v0.1

This file is part of the Open Web Application Security Project (OWASP) Benchmark Project.
For details, please see https://owasp.org/www-project-benchmark.

The OWASP Benchmark is free software: you can redistribute it and/or modify it under the terms
of the GNU General Public License as published by the Free Software Foundation, version 3.

The OWASP Benchmark is distributed in the hope that it will be useful, but WITHOUT ANY
WARRANTY; without even the implied warranty of MERCHANTABILITY or FITNESS FOR A PARTICULAR
PURPOSE. See the GNU General Public License for more details.

  Author: Theo Cartsonis
  Created: 2025
'''

from flask import redirect, url_for, request, make_response, render_template
from code.backend.data.raw.owasp.helpers.utils import escape_for_html

def init(app):

	@app.route('/benchmark/pathtraver-02/BenchmarkTest01192', methods=['GET'])
	def BenchmarkTest01192_get():
		return BenchmarkTest01192_post()

	@app.route('/benchmark/pathtraver-02/BenchmarkTest01192', methods=['POST'])
	def BenchmarkTest01192_post():
		RESPONSE = """"

		param = """"
		for name in request.form.keys():
			if ""BenchmarkTest01192"" in request.form.getlist(name):
				param = name
				break


		import pathlib
		import code.backend.data.raw.owasp.helpers.utils

		try:
			testfiles = pathlib.Path(code.backend.data.raw.owasp.helpers.utils.TESTFILES_DIR)
			p = testfiles / param
			RESPONSE += (
				f'The beginning of file: \'{escape_for_html(str(p))}\' is:\n\n'
				f'{escape_for_html(p.read_text()[:1000])}'
			)
		except OSError:
			RESPONSE += (
				f'Problem reading from file \'{{escape_for_html(fileName)}}\': '
				f'{escape_for_html(e.strerror)}'
			)

		return RESPONSE",Insecure File Handling,CWE-22,OWASP
206,"'''
OWASP Benchmark for Python v0.1

This file is part of the Open Web Application Security Project (OWASP) Benchmark Project.
For details, please see https://owasp.org/www-project-benchmark.

The OWASP Benchmark is free software: you can redistribute it and/or modify it under the terms
of the GNU General Public License as published by the Free Software Foundation, version 3.

The OWASP Benchmark is distributed in the hope that it will be useful, but WITHOUT ANY
WARRANTY; without even the implied warranty of MERCHANTABILITY or FITNESS FOR A PARTICULAR
PURPOSE. See the GNU General Public License for more details.

  Author: Theo Cartsonis
  Created: 2025
'''

from flask import redirect, url_for, request, make_response, render_template
from code.backend.data.raw.owasp.helpers.utils import escape_for_html

def init(app):

	@app.route('/benchmark/pathtraver-02/BenchmarkTest01196', methods=['GET'])
	def BenchmarkTest01196_get():
		return BenchmarkTest01196_post()

	@app.route('/benchmark/pathtraver-02/BenchmarkTest01196', methods=['POST'])
	def BenchmarkTest01196_post():
		RESPONSE = """"

		param = request.headers.get(""BenchmarkTest01196"")
		if not param:
		    param = """"


		import code.backend.data.raw.owasp.helpers.utils

		try:
			fileName = f'{code.backend.data.raw.owasp.helpers.utils.TESTFILES_DIR}/{param}'
			with open(fileName, 'wb') as fd:
				RESPONSE += (
					f'Now ready to write to file: {escape_for_html(fileName)}'
				)
		except IOError as e:
			RESPONSE += (
				f'Problem reading from file \'{escape_for_html(fileName)}\': '
				f'{escape_for_html(e.strerror)}'
			)

		return RESPONSE",Insecure File Handling,CWE-22,OWASP
207,"'''
OWASP Benchmark for Python v0.1

This file is part of the Open Web Application Security Project (OWASP) Benchmark Project.
For details, please see https://owasp.org/www-project-benchmark.

The OWASP Benchmark is free software: you can redistribute it and/or modify it under the terms
of the GNU General Public License as published by the Free Software Foundation, version 3.

The OWASP Benchmark is distributed in the hope that it will be useful, but WITHOUT ANY
WARRANTY; without even the implied warranty of MERCHANTABILITY or FITNESS FOR A PARTICULAR
PURPOSE. See the GNU General Public License for more details.

  Author: Theo Cartsonis
  Created: 2025
'''

from flask import redirect, url_for, request, make_response, render_template
from code.backend.data.raw.owasp.helpers.utils import escape_for_html

def init(app):

	@app.route('/benchmark/sqli-00/BenchmarkTest01203', methods=['GET'])
	def BenchmarkTest01203_get():
		return BenchmarkTest01203_post()

	@app.route('/benchmark/sqli-00/BenchmarkTest01203', methods=['POST'])
	def BenchmarkTest01203_post():
		RESPONSE = """"

		param = request.args.get(""BenchmarkTest01203"")
		if not param:
			param = """"


		import code.backend.data.raw.owasp.helpers.db_sqlite

		sql = f'SELECT username from USERS where password = ?'
		con = code.backend.data.raw.owasp.helpers.db_sqlite.get_connection()
		cur = con.cursor()
		cur.execute(sql, (param,))
		RESPONSE += (
			code.backend.data.raw.owasp.helpers.db_sqlite.results(cur, sql)
		)
		con.close()

		return RESPONSE",SAFE,CWE-89,OWASP
208,"'''
OWASP Benchmark for Python v0.1

This file is part of the Open Web Application Security Project (OWASP) Benchmark Project.
For details, please see https://owasp.org/www-project-benchmark.

The OWASP Benchmark is free software: you can redistribute it and/or modify it under the terms
of the GNU General Public License as published by the Free Software Foundation, version 3.

The OWASP Benchmark is distributed in the hope that it will be useful, but WITHOUT ANY
WARRANTY; without even the implied warranty of MERCHANTABILITY or FITNESS FOR A PARTICULAR
PURPOSE. See the GNU General Public License for more details.

  Author: Theo Cartsonis
  Created: 2025
'''

from flask import redirect, url_for, request, make_response, render_template
from code.backend.data.raw.owasp.helpers.utils import escape_for_html

def init(app):

	@app.route('/benchmark/xss-01/BenchmarkTest01210', methods=['GET'])
	def BenchmarkTest01210_get():
		return BenchmarkTest01210_post()

	@app.route('/benchmark/xss-01/BenchmarkTest01210', methods=['POST'])
	def BenchmarkTest01210_post():
		RESPONSE = """"

		values = request.args.getlist(""BenchmarkTest01210"")
		param = """"
		if values:
			param = values[0]



		otherarg = ""static text""
		RESPONSE += (
			f'param is \'{param}\' and otherarg is \'{otherarg}\''
		)

		return RESPONSE",Cross-Site Scripting,CWE-79,OWASP
209,"'''
OWASP Benchmark for Python v0.1

This file is part of the Open Web Application Security Project (OWASP) Benchmark Project.
For details, please see https://owasp.org/www-project-benchmark.

The OWASP Benchmark is free software: you can redistribute it and/or modify it under the terms
of the GNU General Public License as published by the Free Software Foundation, version 3.

The OWASP Benchmark is distributed in the hope that it will be useful, but WITHOUT ANY
WARRANTY; without even the implied warranty of MERCHANTABILITY or FITNESS FOR A PARTICULAR
PURPOSE. See the GNU General Public License for more details.

  Author: Theo Cartsonis
  Created: 2025
'''

from flask import redirect, url_for, request, make_response, render_template
from code.backend.data.raw.owasp.helpers.utils import escape_for_html

def init(app):

	@app.route('/benchmark/xss-01/BenchmarkTest01213', methods=['GET'])
	def BenchmarkTest01213_get():
		return BenchmarkTest01213_post()

	@app.route('/benchmark/xss-01/BenchmarkTest01213', methods=['POST'])
	def BenchmarkTest01213_post():
		RESPONSE = """"

		values = request.args.getlist(""BenchmarkTest01213"")
		param = """"
		if values:
			param = values[0]



		RESPONSE += (
			'The value of the param parameter is now in a custom header.'
		)

		RESPONSE = make_response((RESPONSE, {'yourBenchmarkTest01213': param}))
		

		return RESPONSE",SAFE,CWE-79,OWASP
210,"'''
OWASP Benchmark for Python v0.1

This file is part of the Open Web Application Security Project (OWASP) Benchmark Project.
For details, please see https://owasp.org/www-project-benchmark.

The OWASP Benchmark is free software: you can redistribute it and/or modify it under the terms
of the GNU General Public License as published by the Free Software Foundation, version 3.

The OWASP Benchmark is distributed in the hope that it will be useful, but WITHOUT ANY
WARRANTY; without even the implied warranty of MERCHANTABILITY or FITNESS FOR A PARTICULAR
PURPOSE. See the GNU General Public License for more details.

  Author: Theo Cartsonis
  Created: 2025
'''

from flask import redirect, url_for, request, make_response, render_template
from code.backend.data.raw.owasp.helpers.utils import escape_for_html

def init(app):

	@app.route('/benchmark/pathtraver-02/BenchmarkTest01214', methods=['GET'])
	def BenchmarkTest01214_get():
		return BenchmarkTest01214_post()

	@app.route('/benchmark/pathtraver-02/BenchmarkTest01214', methods=['POST'])
	def BenchmarkTest01214_post():
		RESPONSE = """"

		import code.backend.data.raw.owasp.helpers.separate_request
		
		wrapped = code.backend.data.raw.owasp.helpers.separate_request.request_wrapper(request)
		param = wrapped.get_query_parameter(""BenchmarkTest01214"")
		if not param:
			param = """"


		import pathlib
		import code.backend.data.raw.owasp.helpers.utils

		try:
			testfiles = pathlib.Path(code.backend.data.raw.owasp.helpers.utils.TESTFILES_DIR)
			p = testfiles / param
			RESPONSE += (
				f'The beginning of file: \'{escape_for_html(str(p))}\' is:\n\n'
				f'{escape_for_html(p.read_text()[:1000])}'
			)
		except OSError:
			RESPONSE += (
				f'Problem reading from file \'{{escape_for_html(fileName)}}\': '
				f'{escape_for_html(e.strerror)}'
			)

		return RESPONSE",Insecure File Handling,CWE-22,OWASP
211,"'''
OWASP Benchmark for Python v0.1

This file is part of the Open Web Application Security Project (OWASP) Benchmark Project.
For details, please see https://owasp.org/www-project-benchmark.

The OWASP Benchmark is free software: you can redistribute it and/or modify it under the terms
of the GNU General Public License as published by the Free Software Foundation, version 3.

The OWASP Benchmark is distributed in the hope that it will be useful, but WITHOUT ANY
WARRANTY; without even the implied warranty of MERCHANTABILITY or FITNESS FOR A PARTICULAR
PURPOSE. See the GNU General Public License for more details.

  Author: Theo Cartsonis
  Created: 2025
'''

from flask import redirect, url_for, request, make_response, render_template
from code.backend.data.raw.owasp.helpers.utils import escape_for_html

def init(app):

	@app.route('/benchmark/pathtraver-02/BenchmarkTest01220', methods=['GET'])
	def BenchmarkTest01220_get():
		return BenchmarkTest01220_post()

	@app.route('/benchmark/pathtraver-02/BenchmarkTest01220', methods=['POST'])
	def BenchmarkTest01220_post():
		RESPONSE = """"

		parts = request.path.split(""/"")
		param = parts[1]
		if not param:
			param = """"


		import platform
		import codecs
		import code.backend.data.raw.owasp.helpers.utils
		from urllib.parse import urlparse
		from urllib.request import url2pathname

		startURIslashes = """"

		if platform.system() == ""Windows"":
			startURIslashes = ""/""
		else:
			startURIslashes = ""//""

		try:
			fileURI = urlparse(""file:"" + startURIslashes + code.backend.data.raw.owasp.helpers.utils.TESTFILES_DIR.replace('\\', '/').replace(' ', '_') + param)
			fileTarget = codecs.open(f'{code.backend.data.raw.owasp.helpers.utils.TESTFILES_DIR}/{param}','r','utf-8')

			RESPONSE += (
				f""Access to file: \'{escape_for_html(fileTarget.name)}\' created.""
			)

			RESPONSE += (
				"" And file already exists.""
			)
		except FileNotFoundError:
			RESPONSE += (
				"" But file doesn't exist yet.""
			)
		except IOError:
			pass

		return RESPONSE",SAFE,CWE-22,OWASP
212,"'''
OWASP Benchmark for Python v0.1

This file is part of the Open Web Application Security Project (OWASP) Benchmark Project.
For details, please see https://owasp.org/www-project-benchmark.

The OWASP Benchmark is free software: you can redistribute it and/or modify it under the terms
of the GNU General Public License as published by the Free Software Foundation, version 3.

The OWASP Benchmark is distributed in the hope that it will be useful, but WITHOUT ANY
WARRANTY; without even the implied warranty of MERCHANTABILITY or FITNESS FOR A PARTICULAR
PURPOSE. See the GNU General Public License for more details.

  Author: Theo Cartsonis
  Created: 2025
'''

from flask import redirect, url_for, request, make_response, render_template
from code.backend.data.raw.owasp.helpers.utils import escape_for_html

def init(app):

	@app.route('/benchmark/pathtraver-02/BenchmarkTest01222', methods=['GET'])
	def BenchmarkTest01222_get():
		return BenchmarkTest01222_post()

	@app.route('/benchmark/pathtraver-02/BenchmarkTest01222', methods=['POST'])
	def BenchmarkTest01222_post():
		RESPONSE = """"

		parts = request.path.split(""/"")
		param = parts[1]
		if not param:
			param = """"


		import code.backend.data.raw.owasp.helpers.utils

		try:
			fileName = f'{code.backend.data.raw.owasp.helpers.utils.TESTFILES_DIR}/{param}'
			fd = open(fileName, 'wb')
			RESPONSE += (
				f'Now ready to write to file: {escape_for_html(fileName)}'
			)
		except IOError as e:
			RESPONSE += (
				f'Problem reading from file \'{escape_for_html(fileName)}\': '
				f'{escape_for_html(e.strerror)}'
			)
		finally:
			try:
				if fd is not None:
					fd.close()
			except IOError:
				pass # ""// we tried...""

		return RESPONSE",SAFE,CWE-22,OWASP
213,"'''
OWASP Benchmark for Python v0.1

This file is part of the Open Web Application Security Project (OWASP) Benchmark Project.
For details, please see https://owasp.org/www-project-benchmark.

The OWASP Benchmark is free software: you can redistribute it and/or modify it under the terms
of the GNU General Public License as published by the Free Software Foundation, version 3.

The OWASP Benchmark is distributed in the hope that it will be useful, but WITHOUT ANY
WARRANTY; without even the implied warranty of MERCHANTABILITY or FITNESS FOR A PARTICULAR
PURPOSE. See the GNU General Public License for more details.

  Author: Theo Cartsonis
  Created: 2025
'''

from flask import redirect, url_for, request, make_response, render_template
from code.backend.data.raw.owasp.helpers.utils import escape_for_html

def init(app):

	@app.route('/benchmark/xss-01/BenchmarkTest01223', methods=['GET'])
	def BenchmarkTest01223_get():
		return BenchmarkTest01223_post()

	@app.route('/benchmark/xss-01/BenchmarkTest01223', methods=['POST'])
	def BenchmarkTest01223_post():
		RESPONSE = """"

		parts = request.path.split(""/"")
		param = parts[1]
		if not param:
			param = """"



		otherarg = ""static text""
		RESPONSE += (
			f'param is \'{param}\' and otherarg is \'{otherarg}\''
		)

		return RESPONSE",SAFE,CWE-79,OWASP
214,"'''
OWASP Benchmark for Python v0.1

This file is part of the Open Web Application Security Project (OWASP) Benchmark Project.
For details, please see https://owasp.org/www-project-benchmark.

The OWASP Benchmark is free software: you can redistribute it and/or modify it under the terms
of the GNU General Public License as published by the Free Software Foundation, version 3.

The OWASP Benchmark is distributed in the hope that it will be useful, but WITHOUT ANY
WARRANTY; without even the implied warranty of MERCHANTABILITY or FITNESS FOR A PARTICULAR
PURPOSE. See the GNU General Public License for more details.

  Author: Theo Cartsonis
  Created: 2025
'''

from flask import redirect, url_for, request, make_response, render_template
from code.backend.data.raw.owasp.helpers.utils import escape_for_html

def init(app):

	@app.route('/benchmark/xss-01/BenchmarkTest01224', methods=['GET'])
	def BenchmarkTest01224_get():
		return BenchmarkTest01224_post()

	@app.route('/benchmark/xss-01/BenchmarkTest01224', methods=['POST'])
	def BenchmarkTest01224_post():
		RESPONSE = """"

		parts = request.path.split(""/"")
		param = parts[1]
		if not param:
			param = """"



		otherarg = ""static text""
		RESPONSE += (
			'param is \'%s\' and otherarg is \'%s\'' % (param, otherarg)
		)

		return RESPONSE",SAFE,CWE-79,OWASP
215,"'''
OWASP Benchmark for Python v0.1

This file is part of the Open Web Application Security Project (OWASP) Benchmark Project.
For details, please see https://owasp.org/www-project-benchmark.

The OWASP Benchmark is free software: you can redistribute it and/or modify it under the terms
of the GNU General Public License as published by the Free Software Foundation, version 3.

The OWASP Benchmark is distributed in the hope that it will be useful, but WITHOUT ANY
WARRANTY; without even the implied warranty of MERCHANTABILITY or FITNESS FOR A PARTICULAR
PURPOSE. See the GNU General Public License for more details.

  Author: Theo Cartsonis
  Created: 2025
'''

from flask import redirect, url_for, request, make_response, render_template
from code.backend.data.raw.owasp.helpers.utils import escape_for_html

def init(app):

	@app.route('/benchmark/sqli-00/BenchmarkTest01229', methods=['GET'])
	def BenchmarkTest01229_get():
		return BenchmarkTest01229_post()

	@app.route('/benchmark/sqli-00/BenchmarkTest01229', methods=['POST'])
	def BenchmarkTest01229_post():
		RESPONSE = """"

		import code.backend.data.raw.owasp.helpers.separate_request
		scr = code.backend.data.raw.owasp.helpers.separate_request.request_wrapper(request)
		param = scr.get_safe_value(""BenchmarkTest01229"")


		import code.backend.data.raw.owasp.helpers.db_sqlite

		sql = f'SELECT username from USERS where password = ?'
		con = code.backend.data.raw.owasp.helpers.db_sqlite.get_connection()
		cur = con.cursor()
		cur.execute(sql, (param,))
		RESPONSE += (
			code.backend.data.raw.owasp.helpers.db_sqlite.results(cur, sql)
		)
		con.close()

		return RESPONSE",SAFE,CWE-89,OWASP
216,"import subprocess
import shlex

def analyze_network():
    ip_range = input(""Enter IP range (e.g., 192.168.1.0/24): "")
    # Validate and sanitize IP range
    if '/' in ip_range and len(ip_range.split('/')) == 2:
        safe_range = shlex.quote(ip_range)
        subprocess.run(['nmap', '-sn', safe_range], check=True)
    else:
        print(""Invalid IP range format"")

analyze_network()",Command Injection,CWE-78,Python_Vulnerability_Remediation
217,"import os

def read_locale(lang):
    with open(os.path.join('/app/i18n', lang + '.json')) as f:
        return json.load(f)",Insecure File Handling,CWE-22,Python_Vulnerability_Remediation
218,"import subprocess

def execute_command(user_input):
    command = ""ls "" + user_input
    process = subprocess.Popen(command, stdout=subprocess.PIPE, shell=True)
    output = process.communicate()[0]
    return output

user_input = input(""Enter your command: "")
print(execute_command(user_input))",Command Injection,CWE-77,Python_Vulnerability_Remediation
219,"import subprocess

def execute_command(command):
    subprocess.run(command, shell=True)

cmd = input()
execute_command(cmd)",Command Injection,CWE-78,Python_Vulnerability_Remediation
220,"from fastapi import FastAPI, Query
import markdown

app = FastAPI()

@app.get('/note')
def note(content: str = Query(...)):
    html = markdown.markdown(content)
    return {'html': html}",Cross-Site Scripting,CWE-79,Python_Vulnerability_Remediation
221,"import sqlite3
from flask import Flask, request

app = Flask(__name__)

@app.route('/login', methods=['POST'])
def login():
    username = request.form['username']
    password = request.form['password']
    
    conn = sqlite3.connect('users.db')
    cursor = conn.cursor()
    
    query = ""SELECT * FROM users WHERE username='{}' AND password='{}'"".format(username, password)
    cursor.execute(query)
    
    if cursor.fetchone():
        return 'Login successful!'
    else:
        return 'Invalid credentials!'

if __name__ == '__main__':
    app.run(debug=True)",SQL Injection,CWE-89,Python_Vulnerability_Remediation
222,"import subprocess

user_input = input()
subprocess.run(['ping', user_input])",Command Injection,CWE-77,Python_Vulnerability_Remediation
223,"import subprocess
import re

def analyze_logs():
    log_file = input(""Enter log file path: "")
    pattern = input(""Enter search pattern: "")
    # Validate inputs to prevent injection
    if re.match(r'^[\w\-./]+$', log_file) and re.match(r'^[\w\-]+$', pattern):
        subprocess.run(['grep', pattern, log_file], check=True)
    else:
        print(""Invalid input format"")

analyze_logs()",Command Injection,CWE-78,Python_Vulnerability_Remediation
224,"from flask import Flask, jsonify

app = Flask(__name__)

@app.route('/api/data')
def api_data():
    api_key = ""YOUR_API_KEY_HERE""
    return jsonify({""data"": ""Some data"", ""api_key"": api_key})

if __name__ == '__main__':
    app.run(debug=True)",Hardcoded Credentials,CWE-798,Python_Vulnerability_Remediation
225,"import redis

class CacheManager:
    def __init__(self):
        self.redis_client = redis.Redis(
            host='cache.internal.net',
            port=6379,
            password='R3d1sC@che!Pass',
            decode_responses=True
        )
    
    def get_cached_data(self, key):
        return self.redis_client.get(key)
    
    def set_cached_data(self, key, value, expiry=3600):
        self.redis_client.setex(key, expiry, value)",Hardcoded Credentials,CWE-798,Python_Vulnerability_Remediation
226,"import subprocess

def ping_host(ip):
    return subprocess.check_output(f'ping -c 1 {ip}', shell=True)",Command Injection,CWE-77,Python_Vulnerability_Remediation
227,"import os

directory = input()
os.system(f""du -sh {directory}"")",Command Injection,CWE-77,Python_Vulnerability_Remediation
228,"import os

base_dir = ""safe_directory""
os.makedirs(base_dir, exist_ok=True)
with open(os.path.join(base_dir, ""safe_file.txt""), ""w"") as f:
    f.write(""This is a safe file."")

user_input = ""..\\..\\unsafe_file.txt""
file_path = os.path.join(base_dir, user_input)
try:
    with open(file_path, ""r"") as f:
        print(f.read())
except FileNotFoundError:
    print(""File not found."")",Insecure File Handling,CWE-22,Python_Vulnerability_Remediation
229,"import os

pattern = input()
os.system('grep ' + pattern + ' file.txt')",Command Injection,CWE-77,Python_Vulnerability_Remediation
230,"import sqlite3
from flask import Flask, request

app = Flask(__name__)

@app.route('/login', methods=['POST'])
def login():
    username = request.form['username']
    password = request.form['password']
    conn = sqlite3.connect('user_data.db')
    cursor = conn.cursor()
    query = ""SELECT * FROM users WHERE username='{}' AND password='{}'"".format(username, password)
    cursor.execute(query)
    data = cursor.fetchone()
    if data is None:
        return ""Login failed.""
    else:
        return ""Login successful.""

if __name__ == '__main__':
    app.run(debug=True)",SQL Injection,CWE-89,Python_Vulnerability_Remediation
231,"import sqlite3

def login(username, password):
    conn = sqlite3.connect('users.db')
    cursor = conn.cursor()
    query = ""SELECT * FROM users WHERE username = '"" + username + ""' AND password = '"" + password + ""'""
    cursor.execute(query)
    user = cursor.fetchone()
    conn.close()
    return user

username = input(""Enter username: "")
password = input(""Enter password: "")
user = login(username, password)
if user:
    print(""Login successful."")
else:
    print(""Login failed."")",SQL Injection,CWE-89,Python_Vulnerability_Remediation
232,"import os

filename = input()
os.system(""cat "" + filename)",Command Injection,CWE-78,Python_Vulnerability_Remediation
233,"from flask import Flask, request, render_template_string

app = Flask(__name__)

@app.errorhandler(404)
def page_not_found(e):
    path = request.path
    tmpl = f'''
    <html>
      <body>
        <h2>404 — Not Found</h2>
        <p>The path {path} could not be found.</p>
      </body>
    </html>'''
    return render_template_string(tmpl), 404",Cross-Site Scripting,CWE-79,Python_Vulnerability_Remediation
234,"import tarfile

def untar(tar_path, dest):
    with tarfile.open(tar_path) as t:
        t.extractall(dest)",Insecure File Handling,CWE-22,Python_Vulnerability_Remediation
235,"import sqlite3

def get_order_by(sort_column):
    conn = sqlite3.connect('orders.db')
    cursor = conn.cursor()
    query = ""SELECT * FROM orders ORDER BY "" + sort_column
    cursor.execute(query)
    results = cursor.fetchall()
    conn.close()
    return results

sort_column = input(""Enter column to sort by: "")
orders = get_order_by(sort_column)
for order in orders:
    print(order)",SQL Injection,CWE-89,Python_Vulnerability_Remediation
236,"import subprocess

url = input()
subprocess.run(['curl', url])",Command Injection,CWE-77,Python_Vulnerability_Remediation
237,"import subprocess

url = input()
subprocess.run(['wget', url])",Command Injection,CWE-77,Python_Vulnerability_Remediation
238,"from flask import Flask, request

app = Flask(__name__)

@app.route('/submit', methods=['POST'])
def submit_form():
    name = request.form['name']
    message = request.form['message']
    response = f'<html><body><h2>Thanks {name}!</h2><p>Your message: {message}</p></body></html>'
    return response",Cross-Site Scripting,CWE-79,Python_Vulnerability_Remediation
239,"import sqlite3

conn = sqlite3.connect(':memory:')
cursor = conn.cursor()
cursor.execute(""CREATE TABLE items (name TEXT)"")

item_name = input()
cursor.execute(""INSERT INTO items VALUES ('"" + item_name + ""')"")
conn.commit()

cursor.execute(""SELECT * FROM items"")
print(cursor.fetchall())
conn.close()",SQL Injection,CWE-89,Python_Vulnerability_Remediation
240,"import subprocess

file_to_process = input()
subprocess.call(f""grep 'error' {file_to_process}"", shell=True)",Command Injection,CWE-77,Python_Vulnerability_Remediation
241,"import os
from flask import Flask, request

app = Flask(__name__)

@app.route('/execute', methods=['POST'])
def execute_command():
    command = request.form.get('command')
    os.system(command)  # This line is vulnerable to command injection attacks
    return 'Command executed'

if __name__ == '__main__':
    app.run(debug=True)",Command Injection,CWE-78,Python_Vulnerability_Remediation
242,"import flask

app = flask.Flask(__name__)

ALLOWED_EXTENSIONS = {'txt', 'pdf', 'png', 'jpg', 'jpeg', 'gif'}

def allowed_file(filename):
    return '.' in filename and \
           filename.rsplit('.', 1)[1].lower() in ALLOWED_EXTENSIONS

@app.route('/upload_file', methods=['POST'])
def upload_file():
    if 'file' not in flask.request.files:
        return 'No file part'
    file = flask.request.files['file']
    if file.filename == '':
        return 'No selected file'
    if file and allowed_file(file.filename):
        filename = file.filename
        file.save(filename)
        return 'File uploaded successfully'
    return 'Allowed file types are txt, pdf, png, jpg, jpeg, gif'

if __name__ == '__main__':
    app.run(debug=True)",Insecure File Handling,CWE-22,Python_Vulnerability_Remediation
243,"import subprocess

def convert_image(file_name, width, height):
    subprocess.call(f'convert {file_name} -resize {width}x{height} out.jpg', shell=True)",Command Injection,CWE-77,Python_Vulnerability_Remediation
244,"import xml.etree.ElementTree as ET
from flask import Flask, request, Response

app = Flask(__name__)

@app.route('/data.xml')
def data_xml():
    user = request.args.get('user', 'guest')
    root = ET.Element('root')
    elem = ET.SubElement(root, 'user')
    elem.text = user           # attacker controls this value
    return Response(ET.tostring(root), mimetype='application/xml')",Cross-Site Scripting,CWE-79,Python_Vulnerability_Remediation
245,"import sqlite3
from flask import Flask, request

app = Flask(__name__)

@app.route('/login', methods=['POST'])
def login():
    username = request.form['username']
    password = request.form['password']
    
    conn = sqlite3.connect('users.db')
    cursor = conn.cursor()
    
    query = ""SELECT * FROM users WHERE username='{}' AND password='{}'"".format(username, password)
    cursor.execute(query)
    
    if cursor.fetchone() is not None:
        return 'Login successful!'
    else:
        return 'Invalid credentials!'

if __name__ == '__main__':
    app.run(debug=True)",SQL Injection,CWE-89,Python_Vulnerability_Remediation
246,"product_id = input()
query = ""SELECT name, price FROM products WHERE id = "" + product_id
cursor.execute(query)",SQL Injection,CWE-89,Python_Vulnerability_Remediation
247,"import sqlite3

def get_user_info(username):
    conn = sqlite3.connect('mydatabase.db')
    cursor = conn.cursor()
    
    query = ""SELECT * FROM users WHERE username='{}'"".format(username)
    cursor.execute(query)
    
    result = cursor.fetchone()
    return result

# Test
print(get_user_info(""admin""))",SQL Injection,CWE-89,Python_Vulnerability_Remediation
248,"import os
import sys

def handle_input(user_input):
    os.system('echo ' + user_input)

if __name__ == ""__main__"":
    user_input = sys.argv[1]
    handle_input(user_input)",Command Injection,CWE-78,Python_Vulnerability_Remediation
249,"import sqlite3
def get_user_info(username):
    conn = sqlite3.connect('mydatabase.db')
    cursor = conn.cursor()
    query = ""SELECT * FROM users WHERE username='{}'"".format(username)
    cursor.execute(query)
    user_info = cursor.fetchone()
    return user_info",SQL Injection,CWE-89,Python_Vulnerability_Remediation
250,"import os
import zipfile

base_dir = ""safe_directory""
os.makedirs(base_dir, exist_ok=True)
with open(os.path.join(base_dir, ""safe_file.txt""), ""w"") as f:
    f.write(""This is a safe file."")

user_input_zip = ""../unsafe.zip""

with zipfile.ZipFile(user_input_zip, 'w') as zf:
    zf.write(os.path.join(base_dir, ""safe_file.txt""), arcname=""../unsafe_extracted.txt"")

extract_dir = base_dir
try:
    with zipfile.ZipFile(user_input_zip, 'r') as zf:
        zf.extractall(path=extract_dir)
    print(f""Files extracted to: {extract_dir}"")
except Exception as e:
    print(f""Error: {e}"")",Insecure File Handling,CWE-22,Python_Vulnerability_Remediation
251,"import subprocess
import pickle

def load_config():
    serialized = input(""Enter serialized configuration: "")
    # Dangerous: unpickling user input
    config = pickle.loads(serialized.encode())
    subprocess.run(config['command'], shell=True)

load_config()",Command Injection,CWE-78,Python_Vulnerability_Remediation
252,"from flask import Flask, request

app = Flask(__name__)

@app.route('/login', methods=['POST'])
def login():
    username = request.form.get('username')
    password = request.form.get('password')
    
    if username == 'root' and password == 'toor':
        return {'status': 'success', 'role': 'superuser'}
    return {'status': 'failed'}, 401",Hardcoded Credentials,CWE-798,Python_Vulnerability_Remediation
253,"import sqlite3

def get_user_info(username):
    conn = sqlite3.connect('mydatabase.db')
    cursor = conn.cursor()
    query = ""SELECT * FROM users WHERE username='%s'"" % username
    cursor.execute(query)
    return cursor.fetchone()

# Example usage
print(get_user_info(""john""))",SQL Injection,CWE-89,Python_Vulnerability_Remediation
254,"import sqlite3

def get_user(username):
    conn = sqlite3.connect('mydatabase.db')
    cursor = conn.cursor()
    query = ""SELECT * FROM users WHERE username = '"" + username + ""'""
    cursor.execute(query)
    user = cursor.fetchone()
    return user

print(get_user(""admin' OR '1'='1'--""));",SQL Injection,CWE-89,Python_Vulnerability_Remediation
255,"import aiofiles

async def read_static(path):
    async with aiofiles.open('/static/' + path) as f:
        return await f.read()",Insecure File Handling,CWE-22,Python_Vulnerability_Remediation
256,"from flask import Flask, request

app = Flask(__name__)

@app.route('/api/auth')
def auth_api():
    api_token = ""SUPER_SECRET_TOKEN""
    response = jsonify({""message"": ""Authenticated""})
    response.headers['X-API-Token'] = api_token
    return response

if __name__ == '__main__':
    app.run(debug=True)",Hardcoded Credentials,CWE-798,Python_Vulnerability_Remediation
257,"import os

def execute_command(user_input):
    # No sanitization is done here
    os.system(user_input)

user_input = input(""Enter your command: "")
execute_command(user_input)",Command Injection,CWE-77,Python_Vulnerability_Remediation
258,"import os

def list_dir(dirname):
    os.system(f'ls {dirname}')",Command Injection,CWE-77,Python_Vulnerability_Remediation
259,"import sqlite3

def get_user_info(username):
    conn = sqlite3.connect('mydatabase.db')
    cursor = conn.cursor()
    
    query = ""SELECT * FROM users WHERE username='"" + username + ""'""
    cursor.execute(query)
    
    results = cursor.fetchall()
    
    return results

print(get_user_info(""test')) OR '1'='1""))",SQL Injection,CWE-89,Python_Vulnerability_Remediation
260,"from flask import Flask, request, render_template_string

app = Flask(__name__)

@app.route('/')
def index():
    name = request.args.get('name', '')
    template = f""<h1>Hello, {name}</h1>""
    return render_template_string(template)

if __name__ == '__main__':
    app.run(debug=False)",Cross-Site Scripting,CWE-79,Python_Vulnerability_Remediation
261,"from django.shortcuts import render
from django.utils.safestring import mark_safe

def user_bio(request, user_id):
    bio = get_user_bio(user_id)
    return render(request, 'bio.html', {'bio': mark_safe(bio)})",Cross-Site Scripting,CWE-79,Python_Vulnerability_Remediation
262,"import os

base_dir = ""safe_directory""
os.makedirs(base_dir, exist_ok=True)
with open(os.path.join(base_dir, ""safe_file.txt""), ""w"") as f:
    f.write(""This is a safe file."")

user_input = ""../../unsafe_file.txt""
file_path = os.path.join(base_dir, user_input)
try:
    with open(file_path, ""r"") as f:
        print(f.read())
except FileNotFoundError:
    print(""File not found."")",Insecure File Handling,CWE-22,Python_Vulnerability_Remediation
263,"import sqlite3

def get_user_data(username):
    conn = sqlite3.connect('mydatabase.db')
    cursor = conn.cursor()
    query = ""SELECT * FROM users WHERE username = '"" + username + ""'""
    cursor.execute(query)
    user = cursor.fetchone()
    return user

username = input(""Enter your username: "")
user_data = get_user_data(username)
print(user_data)",SQL Injection,CWE-89,Python_Vulnerability_Remediation
264,"import asyncio, json, websockets

connected = set()

async def handler(websocket, path):
    connected.add(websocket)
    async for msg in websocket:
        data = json.loads(msg)
        # broadcast incoming chat message to everyone
        for ws in connected:
            await ws.send(f'<b>{data[""user""]}:</b> {data[""text""]}')",Cross-Site Scripting,CWE-79,Python_Vulnerability_Remediation
265,"from bottle import route, request, response

@route('/search')
def search():
    q = request.query.q or ''
    response.content_type = 'text/html'
    return f'Search results for: <em>{q}</em>'",Cross-Site Scripting,CWE-79,Python_Vulnerability_Remediation
266,"from flask import Flask, request, jsonify

app = Flask(__name__)
MASTER_KEY = ""mk_prod_987654321""

@app.route('/api/admin/reset', methods=['POST'])
def admin_reset():
    provided_key = request.headers.get('X-Master-Key')
    if provided_key == MASTER_KEY:
        # Perform admin operations
        return jsonify({'status': 'reset complete'})
    return jsonify({'error': 'unauthorized'}), 403",Hardcoded Credentials,CWE-798,Python_Vulnerability_Remediation
267,"search = request.form['search']
cursor.execute(""SELECT * FROM articles WHERE title LIKE '%"" + search + ""%'"")",SQL Injection,CWE-89,Python_Vulnerability_Remediation
268,"from flask import request, send_from_directory

@app.route('/download')
def download():
    file = request.args.get('file')
    return send_from_directory('/uploads', file)",Insecure File Handling,CWE-22,Python_Vulnerability_Remediation
269,"import os

def delete_user_file(user, fn):
    os.remove(f'/home/{user}/docs/{fn}')",Insecure File Handling,CWE-22,Python_Vulnerability_Remediation
270,"email = request.json['email']
pw = request.json['password']
cursor.execute('SELECT * FROM users WHERE email = ""' + email + '"" AND password = ""' + pw + '""')",SQL Injection,CWE-89,Python_Vulnerability_Remediation
271,"import os

def process_log():
    log_file = os.environ.get('LOG_FILE', '/tmp/app.log')
    # User controls LOG_FILE environment variable
    os.system(f""cat {log_file} | grep ERROR"")

process_log()",Command Injection,CWE-78,Python_Vulnerability_Remediation
272,"import os

def execute_command():
    command = input(""Enter your command: "")
    os.system(command)

execute_command()",Command Injection,CWE-78,Python_Vulnerability_Remediation
273,"from flask import Flask, request, render_template_string

app = Flask(__name__)

@app.route('/greet')
def greet():
    name = request.args.get('name', 'Guest')
    html = f'<h1>Hello {name}</h1>'
    return render_template_string(html)

if __name__ == '__main__':
    app.run()",Cross-Site Scripting,CWE-79,Python_Vulnerability_Remediation
274,"import os

ip_address = input()
os.system(f""nslookup {ip_address}"")",Command Injection,CWE-77,Python_Vulnerability_Remediation
275,"import os

api_key = ""YOUR_API_KEY_12345""

url = f""https://api.example.com/data?api_key={api_key}""
response = requests.get(url)
print(response.status_code)",Hardcoded Credentials,CWE-798,Python_Vulnerability_Remediation
276,"import pymongo
from flask import request

@app.route('/user/<user_id>')
def get_user_profile(user_id):
    client = pymongo.MongoClient()
    db = client.userdb
    query = eval(""{'_id': "" + user_id + ""}"")
    return db.users.find_one(query)",SQL Injection,CWE-89,Python_Vulnerability_Remediation
277,"def check_password(input_password):
    stored_password_hash = ""$2b$12$xxxxxxxxxxxxxxxxxxxxxxxxxxxxxxxxx"" # Example bcrypt hash
    return input_password == ""P@$$wOrd"" # Intended vulnerable comparison, not actual hash checking.  Real vulnerability would be hardcoded password to check against, not hash.

password_attempt = input(""Enter password: "")
if check_password(password_attempt):
    print(""Access granted"")
else:
    print(""Access denied"")",Hardcoded Credentials,CWE-798,Python_Vulnerability_Remediation
278,"import sqlite3

def filter_users_by_role(role):
    conn = sqlite3.connect('users.db')
    cursor = conn.cursor()
    query = ""SELECT * FROM users WHERE role = '"" + role + ""'""
    cursor.execute(query)
    results = cursor.fetchall()
    conn.close()
    return results

role = input(""Enter role to filter by: "")
users = filter_users_by_role(role)
for user in users:
    print(user)",SQL Injection,CWE-89,Python_Vulnerability_Remediation
279,"import subprocess

def health_check(container):
    return subprocess.run(f'docker inspect {container}', shell=True).returncode == 0",Command Injection,CWE-77,Python_Vulnerability_Remediation
280,"import subprocess

def run_git_command():
    allowed_commands = ['status', 'log', 'branch', 'diff']
    command = input(""Enter git command (status/log/branch/diff): "")
    if command in allowed_commands:
        subprocess.run(['git', command], check=True)
    else:
        print(""Invalid command"")

run_git_command()",Command Injection,CWE-78,Python_Vulnerability_Remediation
281,"from django.http import FileResponse

def get(request):
    name = request.GET['name']
    return FileResponse(open('/reports/' + name, 'rb'))",Insecure File Handling,CWE-22,Python_Vulnerability_Remediation
282,"from bottle import route, request
import sqlite3

@route('/report')
def generate_report():
    start_date = request.query.start
    end_date = request.query.end
    db = sqlite3.connect('sales.db')
    sql = f""SELECT SUM(amount) FROM transactions WHERE date BETWEEN '{start_date}' AND '{end_date}'""
    result = db.execute(sql).fetchone()
    return {'total': result[0]}",SQL Injection,CWE-89,Python_Vulnerability_Remediation
283,"import os

filename = input()
os.system('ls ' + filename)",Command Injection,CWE-77,Python_Vulnerability_Remediation
284,"import subprocess
import shlex

def ping_host():
    hostname = input(""Enter hostname to ping: "")
    safe_hostname = shlex.quote(hostname)
    subprocess.run(['ping', '-c', '4', safe_hostname])

ping_host()",Command Injection,CWE-78,Python_Vulnerability_Remediation
285,"import os
import subprocess

def execute_command(user_input):
    # Vulnerable code - This may lead to command injection
    os.system(user_input)

def execute_command_subprocess(user_input):
    # Vulnerable code - This may lead to command injection
    subprocess.Popen(user_input, shell=True)

# Testing the function
execute_command(""ls; rm -rf *"")
execute_command_subprocess(""ls; rm -rf *"")",Command Injection,CWE-77,Python_Vulnerability_Remediation
286,"import subprocess
import configparser

def deploy_service():
    config = configparser.ConfigParser()
    config.read('deployment.conf')
    service_name = config.get('deployment', 'service')
    # Validate service name is alphanumeric
    if service_name.replace('-', '').replace('_', '').isalnum():
        subprocess.run(['systemctl', 'restart', service_name], check=True)
    else:
        print(""Invalid service name"")

deploy_service()",Command Injection,CWE-78,Python_Vulnerability_Remediation
287,"import paramiko

hostname = ""localhost""
port = 22
username = ""testuser""
password = ""testpassword""

ssh_client = paramiko.SSHClient()
ssh_client.set_missing_host_key_policy(paramiko.AutoAddPolicy())

try:
    ssh_client.connect(hostname, port, username, password)
    stdin, stdout, stderr = ssh_client.exec_command(""ls -l"")
    print(stdout.read().decode())
except Exception as e:
    print(f""Error: {e}"")
finally:
    ssh_client.close()",Hardcoded Credentials,CWE-798,Python_Vulnerability_Remediation
288,"import subprocess

input_file = input()
subprocess.run(['ffmpeg', '-i', input_file, 'output.mp4'])",Command Injection,CWE-77,Python_Vulnerability_Remediation
289,"from jinja2 import Template

def build_email_html(name):
    t = Template('Dear {{ name }}, thank you for subscribing!')
    # but the name is also used in a comment block
    html = f'''
    <!-- user name: {name} -->
    {t.render(name=name)}'''
    return html",Cross-Site Scripting,CWE-79,Python_Vulnerability_Remediation
290,"def generate_error_page(error_message):
    page = '''
    <html>
        <body>
            <h1>Error Occurred</h1>
            <p>''' + error_message + '''</p>
        </body>
    </html>
    '''
    return page",Cross-Site Scripting,CWE-79,Python_Vulnerability_Remediation
291,"import os

base_dir = ""safe_directory""
os.makedirs(base_dir, exist_ok=True)
with open(os.path.join(base_dir, ""safe_file.txt""), ""w"") as f:
    f.write(""This is a safe file."")

user_input = ""./../unsafe_file.txt""
file_path = os.path.join(base_dir, user_input)
try:
    with open(file_path, ""r"") as f:
        print(f.read())
except FileNotFoundError:
    print(""File not found."")",Insecure File Handling,CWE-22,Python_Vulnerability_Remediation
292,"import os

def scan_port(host, port):
    os.system(f'nmap -p {port} {host}')",Command Injection,CWE-77,Python_Vulnerability_Remediation
293,"import os

def set_env(key, value):
    os.system(f'export {key}={value}')",Command Injection,CWE-77,Python_Vulnerability_Remediation
294,"import subprocess

user_command = input()
subprocess.run(f""tar -czvf archive.tar.gz {user_command}"", shell=True)",Command Injection,CWE-77,Python_Vulnerability_Remediation
295,"from flask import Flask, request, redirect

app = Flask(__name__)

@app.route('/logout')
def logout():
    next_page = request.args.get('next', '/')
    perform_logout()
    return f'<html><body><p>Logged out. <a href=""{next_page}"">Click here</a> to continue.</p></body></html>'",Cross-Site Scripting,CWE-79,Python_Vulnerability_Remediation
296,"table = request.args.get('table')
id = request.args.get('id')
cursor.execute(f""SELECT * FROM {table} WHERE admin_id = {id}"")",SQL Injection,CWE-89,Python_Vulnerability_Remediation
297,"import os

def execute_command(user_input):
    command = user_input
    os.system(command)

user_input = input(""Enter your command: "")
execute_command(user_input)",Command Injection,CWE-78,Python_Vulnerability_Remediation
298,"import os
import sys

def execute_command(user_input):
    command = 'ls ' + user_input
    os.system(command)

if __name__ == ""__main__"":
    user_input = sys.argv[1]
    execute_command(user_input)",Command Injection,CWE-78,Python_Vulnerability_Remediation
299,"import os

def execute_command(user_input):
    os.system(user_input)

execute_command(input(""Enter your command: ""))",Command Injection,CWE-77,Python_Vulnerability_Remediation
300,"import os

def dynamic_command():
    command_template = input(""Enter command template: "")
    filename = input(""Enter filename: "")
    # Dangerous: user controls command template
    final_command = eval(f'f""{command_template}""')
    os.system(final_command)

dynamic_command()",Command Injection,CWE-78,Python_Vulnerability_Remediation
301,"import os

def search_files(filename):
    user_input = input(""Enter search pattern: "")
    command = f""find / -name '{filename}' | grep {user_input}""
    os.system(command)

search_files('*.txt')",Command Injection,CWE-78,Python_Vulnerability_Remediation
302,"import os

def rotate_backup(timestamp):
    os.system(f'rm backup_{timestamp}.tar.gz')",Command Injection,CWE-77,Python_Vulnerability_Remediation
303,"import sys

def read_file(filename):
    with open(filename, 'r') as f:
        return f.read()

def write_file(filename, data):
    with open(filename, 'w') as f:
        f.write(data)

def copy_file(src, dest):
    data = read_file(src)
    write_file(dest, data)

if __name__ == ""__main__"":
    if len(sys.argv) != 3:
        print(""Usage: python3 exploit.py <source> <destination>"")
        sys.exit(1)

    src = sys.argv[1]
    dest = sys.argv[2]

    copy_file(src, dest)",Insecure File Handling,CWE-22,Python_Vulnerability_Remediation
304,"import subprocess

def csv_to_json(csv_file):
    return subprocess.check_output(f'csvjson {csv_file}', shell=True)",Command Injection,CWE-77,Python_Vulnerability_Remediation
305,"import jwt

secret_key = ""supersecretkey""

payload = {""user_id"": 123, ""username"": ""testuser""}
encoded_jwt = jwt.encode(payload, secret_key, algorithm=""HS256"")
print(encoded_jwt)",Hardcoded Credentials,CWE-798,Python_Vulnerability_Remediation
306,"#!/usr/bin/env python3
import cgi, cgitb
cgitb.enable()

form = cgi.FieldStorage()
name = form.getvalue('name', 'World')

print('Content-Type: text/html\n')
print(f'<h1>Hello, {name}!</h1>')",Cross-Site Scripting,CWE-79,Python_Vulnerability_Remediation
307,"from flask import Flask, request, render_template_string

app = Flask(__name__)

@app.route('/')
def index():
    search_term = request.args.get('search', '')
    template = f""<script>console.log('You searched for: {search_term}');</script><div>Search results for: {search_term}</div>""
    return render_template_string(template)

if __name__ == '__main__':
    app.run(debug=False)",Cross-Site Scripting,CWE-79,Python_Vulnerability_Remediation
308,"import os

base_dir = ""safe_directory""
os.makedirs(base_dir, exist_ok=True)
with open(os.path.join(base_dir, ""safe_file.txt""), ""w"") as f:
    f.write(""This is a safe file."")

user_input = ""/etc/passwd""
file_path = os.path.join(base_dir, user_input)
try:
    with open(file_path, ""r"") as f:
        print(f.read())
except FileNotFoundError:
    print(""File not found."")",Insecure File Handling,CWE-22,Python_Vulnerability_Remediation
309,"def verify_maintenance_access(provided_token):
    MAINTENANCE_TOKEN = ""maint_acc3ss_2024""
    if provided_token == MAINTENANCE_TOKEN:
        print(""Maintenance mode activated"")
        return True
    else:
        print(""Invalid maintenance token"")
        return False",Hardcoded Credentials,CWE-798,Python_Vulnerability_Remediation
310,"import requests
from flask import Flask

app = Flask(__name__)

@app.route('/fetch')
def fetch_content():
    url = request.args.get('url')
    response = requests.get(url)
    return f'<pre>{response.text}</pre>'",Cross-Site Scripting,CWE-79,Python_Vulnerability_Remediation
311,"import os

def execute_command(user_input):
    command = ""ls "" + user_input
    os.system(command)

user_input = input(""Enter your command: "")
execute_command(user_input)",Command Injection,CWE-78,Python_Vulnerability_Remediation
312,"import sqlite3

def get_user_info(username):
    conn = sqlite3.connect('mydatabase.db')
    cursor = conn.cursor()
    
    query = ""SELECT * FROM users WHERE username='%s'"" % username
    cursor.execute(query)
    
    result = cursor.fetchone()
    return result

username = input(""Enter your username: "")
print(get_user_info(username))",SQL Injection,CWE-89,Python_Vulnerability_Remediation
313,"import subprocess

def check_service(service):
    return subprocess.call(f'systemctl status {service}', shell=True)",Command Injection,CWE-77,Python_Vulnerability_Remediation
314,"import os

def run_command(user_input):
    command = ""echo %s"" % user_input
    os.system(command)

def run_eval(user_input):
    eval(user_input)

while True:
    user_input = input(""Enter your command: "")
    try:
        run_command(user_input)
    except Exception as e:
        print(""Error: "", e)
        run_eval(user_input)",Command Injection,CWE-78,Python_Vulnerability_Remediation
315,"import boto3

aws_access_key_id = ""YOUR_ACCESS_KEY_ID""
aws_secret_access_key = ""YOUR_SECRET_ACCESS_KEY""

s3 = boto3.client('s3', aws_access_key_id=aws_access_key_id, aws_secret_access_key=aws_secret_access_key)

response = s3.list_buckets()
print(response)",Hardcoded Credentials,CWE-798,Python_Vulnerability_Remediation
316,"from fastapi import FastAPI, Query
import aiomysql

app = FastAPI()

@app.get(""/comments"")
async def get_comments(post_id: str = Query(...)):
    conn = await aiomysql.connect(host='localhost', db='blog')
    cur = await conn.cursor()
    await cur.execute(""SELECT * FROM comments WHERE post_id = "" + post_id)
    results = await cur.fetchall()
    return results",SQL Injection,CWE-89,Python_Vulnerability_Remediation
317,"import subprocess
import json

def process_data():
    data = json.loads(input(""Enter JSON data: ""))
    operation = data.get('operation')
    target = data.get('target')
    # Whitelist approach with argument list
    if operation in ['compress', 'extract']:
        if operation == 'compress':
            subprocess.run(['tar', '-czf', f""{target}.tar.gz"", target], check=True)
        else:
            subprocess.run(['tar', '-xzf', target], check=True)
    else:
        print(""Invalid operation"")

process_data()",Command Injection,CWE-78,Python_Vulnerability_Remediation
318,"import shutil

def delete_logs():
    shutil.rmtree(""/var/log"")

delete_logs()",Insecure File Handling,CWE-22,Python_Vulnerability_Remediation
319,"import os

def create_file(filename, content):
    with open(filename, 'w') as f:
        f.write(content)

def delete_file(filename):
    os.remove(filename)

filename = ""sensitive_data.txt""
create_file(filename, ""This is sensitive information."")

user_input = input(""Enter filename to delete: "")
delete_file(user_input)",Insecure File Handling,CWE-22,Python_Vulnerability_Remediation
320,"import subprocess

def view_log(date):
    return subprocess.check_output(f'cat /var/log/app/{date}.log', shell=True)",Command Injection,CWE-77,Python_Vulnerability_Remediation
321,"import os

def execute_command(user_input):
    command = ""echo %s > myfile.txt"" % (user_input)
    os.system(command)

execute_command(""A""*10000000)",Command Injection,CWE-78,Python_Vulnerability_Remediation
322,"import subprocess

def run_command(command):
    subprocess.run(command, shell=True)

user_input_command = input(""Enter command to run: "")
run_command(user_input_command)",Command Injection,CWE-78,Python_Vulnerability_Remediation
323,"import os

image_name = input()
os.system(f""convert input.jpg {image_name}.png"")",Command Injection,CWE-77,Python_Vulnerability_Remediation
324,"from flask import Flask, request, render_template_string

app = Flask(__name__)

@app.route('/')
def index():
    comment = request.args.get('comment', '')
    template = f""<p>Comment: <span style='color: red;'>{comment}</span></p>""
    return render_template_string(template)

if __name__ == '__main__':
    app.run(debug=False)",Cross-Site Scripting,CWE-79,Python_Vulnerability_Remediation
325,"import os

def vulnerable_function(user_input):
    command = ""echo %s > /dev/null"" % (user_input)
    os.system(command)

vulnerable_function(""This is a test"")",Command Injection,CWE-78,Python_Vulnerability_Remediation
326,"import subprocess

def convert_video():
    input_file = input(""Enter input video file: "")
    output_format = input(""Enter output format (mp4/avi/mkv): "")
    # Unsafe: user input directly in command string
    cmd = f""ffmpeg -i {input_file} output.{output_format}""
    subprocess.run(cmd, shell=True)

convert_video()",Command Injection,CWE-78,Python_Vulnerability_Remediation
327,"import os
def execute_command(user_input):
    command = ""ls "" + user_input
    os.system(command)

user_input = input(""Enter your command: "")
execute_command(user_input)",Command Injection,CWE-78,Python_Vulnerability_Remediation
328,"import os

def run_command(user_input):
    command = ""ls "" + user_input
    os.system(command)

def run_eval(user_input):
    eval(user_input)

if __name__ == ""__main__"":
    user_input = input(""Enter your command: "")
    run_command(user_input)
    run_eval(user_input)",Command Injection,CWE-78,Python_Vulnerability_Remediation
329,"import sqlite3
from flask import Flask, request

app = Flask(__name__)

@app.route('/login', methods=['GET', 'POST'])
def login():
    username = request.args.get('username')
    password = request.args.get('password')
    
    conn = sqlite3.connect('users.db')
    cursor = conn.cursor()
    
    query = ""SELECT * FROM users WHERE username='{}' AND password='{}'"".format(username, password)
    cursor.execute(query)
    
    if cursor.fetchone() is not None:
        return ""Login successful!""
    else:
        return ""Invalid credentials!""

if __name__ == '__main__':
    app.run(debug=True)",SQL Injection,CWE-89,Python_Vulnerability_Remediation
330,"import sqlite3

def fetch_user_data(username):
    conn = sqlite3.connect('my_database.db')
    cursor = conn.cursor()

    # User input is directly used to construct SQL queries
    query = ""SELECT * FROM users WHERE username='{}'"".format(username)

    cursor.execute(query)
    rows = cursor.fetchall()

    for row in rows:
        print(row)

# Vulnerable call
fetch_user_data(""admin' OR '1'='1"")",SQL Injection,CWE-89,Python_Vulnerability_Remediation
331,"import asyncio
import shlex

async def scan_port():
    host = input(""Enter host to scan: "")
    port = input(""Enter port number: "")
    # Validate port is numeric
    if port.isdigit() and 1 <= int(port) <= 65535:
        safe_host = shlex.quote(host)
        safe_port = shlex.quote(port)
        proc = await asyncio.create_subprocess_exec(
            'nc', '-z', '-v', safe_host, safe_port,
            stdout=asyncio.subprocess.PIPE
        )
        await proc.communicate()
    else:
        print(""Invalid port number"")

asyncio.run(scan_port())",Command Injection,CWE-78,Python_Vulnerability_Remediation
332,"import os

filename = input()
os.system('rm ' + filename)",Command Injection,CWE-77,Python_Vulnerability_Remediation
333,"import os

file_to_delete = input(""Enter file to delete: "")
os.remove(file_to_delete)
print(f""Deleted: {file_to_delete}"")",Insecure File Handling,CWE-22,Python_Vulnerability_Remediation
334,"import sqlite3
from flask import Flask, request

app = Flask(__name__)

@app.route('/login', methods=['GET', 'POST'])
def login():
    username = request.form['username']
    password = request.form['password']
    
    conn = sqlite3.connect('users.db')
    cursor = conn.cursor()
    
    query = ""SELECT * FROM users WHERE username='{}' AND password='{}'"".format(username, password)
    results = cursor.execute(query)
    
    if len(results.fetchall()) > 0:
        return ""Login successful!""
    else:
        return ""Invalid credentials!""

if __name__ == '__main__':
    app.run(debug=True)",SQL Injection,CWE-89,Python_Vulnerability_Remediation
335,"config_dir = '/etc/myapp/'

def load_cfg(file):
    return open(config_dir + file).read()",Insecure File Handling,CWE-22,Python_Vulnerability_Remediation
336,"import os

print(""DATABASE_URL=postgres://user:password@host:port/database"")",Hardcoded Credentials,CWE-798,Python_Vulnerability_Remediation
337,"import os
import glob

base_dir = ""safe_directory""
os.makedirs(base_dir, exist_ok=True)
with open(os.path.join(base_dir, ""safe_file.txt""), ""w"") as f:
    f.write(""This is a safe file."")

user_input = ""../unsafe*""
search_path = os.path.join(base_dir, user_input)
files = glob.glob(search_path)
for file in files:
    try:
        with open(file, ""r"") as f:
            print(f.read())
    except FileNotFoundError:
        print(""File not found."")",Insecure File Handling,CWE-22,Python_Vulnerability_Remediation
338,"import sqlite3

db_name = ""mydatabase.db""
conn = sqlite3.connect(db_name)
cursor = conn.cursor()

table_name = input(""Enter table name to view: "")
cursor.execute(f""SELECT * FROM {table_name}"")
rows = cursor.fetchall()
print(rows)

conn.close()",SQL Injection,CWE-89,Python_Vulnerability_Remediation
339,"import sqlite3
from flask import Flask, request

app = Flask(__name__)

@app.route('/search', methods=['GET'])
def search():
    query = request.args.get('q')
    conn = sqlite3.connect('my_database.db')
    cursor = conn.cursor()
    cursor.execute(f""SELECT * FROM users WHERE username='{query}'"")
    results = cursor.fetchall()
    return str(results)

if __name__ == '__main__':
    app.run(debug=True)",SQL Injection,CWE-89,Python_Vulnerability_Remediation
340,"import os

def backup(filename):
    os.system(f'cp /data/{filename} /backup/')",Insecure File Handling,CWE-22,Python_Vulnerability_Remediation
341,"def template(name):
    with open('/templates/' + name + '.html') as f:
        return f.read()",Insecure File Handling,CWE-22,Python_Vulnerability_Remediation
342,"import sqlite3
def fetch_user_data(username):
    conn = sqlite3.connect('my_database.db')
    cursor = conn.cursor()
    query = ""SELECT * FROM users WHERE username='{}'"".format(username)
    cursor.execute(query)
    user_data = cursor.fetchone()
    return user_data",SQL Injection,CWE-89,Python_Vulnerability_Remediation
343,"from flask import Flask, request, render_template_string

app = Flask(__name__)

@app.route('/')
def home():
    name = request.args.get('name', '')
    return render_template_string('Hello, %s!' % name)

if __name__ == ""__main__"":
    app.run(debug=True)",Cross-Site Scripting,CWE-79,Python_Vulnerability_Remediation
344,"import requests

username = ""admin""
password = ""password123""

response = requests.post(""https://example.com/login"", data={""username"": username, ""password"": password})
print(response.status_code)",Hardcoded Credentials,CWE-798,Python_Vulnerability_Remediation
345,"import os

def update_dns(domain, ip):
    os.system(f'nsupdate -k key.conf <<EOF\nupdate add {domain} 60 A {ip}\nsend\nEOF')",Command Injection,CWE-77,Python_Vulnerability_Remediation
346,"offset = request.args.get('offset', 0)
cursor.execute(""SELECT * FROM comments LIMIT 10 OFFSET "" + offset)",SQL Injection,CWE-89,Python_Vulnerability_Remediation
347,"import os
import sys

def vulnerable_function():
    try:
        user_input = input(""Enter your command: "")
        os.system(user_input)
    except Exception as e:
        print(""An error occurred: "", e)

if __name__ == ""__main__"":
    vulnerable_function()",Command Injection,CWE-78,Python_Vulnerability_Remediation
348,"def move_upload(uid, fname, dest):
    os.rename(f'/tmp/{uid}/{fname}', f'/uploads/{uid}/{dest}')",Insecure File Handling,CWE-22,Python_Vulnerability_Remediation
349,"username = request.args.get('user')
password = request.args.get('pass')
sql = f""SELECT id FROM accounts WHERE user='{username}' AND pass='{password}'""
cursor.execute(sql)",SQL Injection,CWE-89,Python_Vulnerability_Remediation
350,"import os

def run_command(user_input):
    command = 'ls ' + user_input
    os.system(command)

run_command('-al')",Command Injection,CWE-78,Python_Vulnerability_Remediation
351,"import sys

def vulnerable_function(user_input):
    try:
        # Assume user_input is a file path
        with open(user_input, 'r') as f:
            print(f.read())
    except Exception as e:
        print(""An error occurred: "", e)

if __name__ == ""__main__"":
    input_from_attacker = ""../../../etc/passwd""
    vulnerable_function(input_from_attacker)",Insecure File Handling,CWE-22,Python_Vulnerability_Remediation
352,"import os

def execute_command(user_input):
    command = ""ls "" + user_input
    os.system(command)

execute_command(""-la"")",Command Injection,CWE-77,Python_Vulnerability_Remediation
353,"def get_user_by_email(email):
    query = ""SELECT * FROM users WHERE email = '"" + email + ""'""
    cursor.execute(query)
    return cursor.fetchone()",SQL Injection,CWE-89,Python_Vulnerability_Remediation
354,"import sqlite3

def insert_comment(article_id, comment):
    conn = sqlite3.connect('comments.db')
    cursor = conn.cursor()
    query = ""INSERT INTO comments (article_id, comment_text) VALUES ("" + article_id + "", '"" + comment + ""')""
    cursor.execute(query)
    conn.commit()
    conn.close()

article_id = input(""Enter article ID: "")
comment = input(""Enter your comment: "")
insert_comment(article_id, comment)
print(""Comment added (potentially)."")",SQL Injection,CWE-89,Python_Vulnerability_Remediation
355,"import os

def deploy(repo):
    os.system(f'./deploy.sh {repo}')",Command Injection,CWE-77,Python_Vulnerability_Remediation
356,"import sqlite3
def get_user_info(username):
    conn = sqlite3.connect('mydatabase.db')
    cursor = conn.cursor()
    query = ""SELECT * FROM users WHERE username = '"" + username + ""'""
    cursor.execute(query)
    user_info = cursor.fetchone()
    return user_info",SQL Injection,CWE-89,Python_Vulnerability_Remediation
357,"def login(username, password):
    import sqlite3
    conn = sqlite3.connect('auth.db')
    c = conn.cursor()
    query = ""SELECT * FROM users WHERE username='{}' AND password='{}'"".format(username, password)
    c.execute(query)
    user = c.fetchone()
    return user is not None",SQL Injection,CWE-89,Python_Vulnerability_Remediation
358,"import smtplib
from email.mime.text import MIMEText

sender_email = ""sender@example.com""
sender_password = ""emailpassword""
receiver_email = ""receiver@example.com""

message = MIMEText(""This is a test email."")
message[""Subject""] = ""Test Email""
message[""From""] = sender_email
message[""To""] = receiver_email

with smtplib.SMTP_SSL(""smtp.example.com"", 465) as server:
    server.login(sender_email, sender_password)
    server.sendmail(sender_email, receiver_email, message.as_string())
    print(""Email sent!"")",Hardcoded Credentials,CWE-798,Python_Vulnerability_Remediation
359,"import sqlite3

def search_articles(keyword):
    conn = sqlite3.connect('articles.db')
    cursor = conn.cursor()
    query = ""SELECT * FROM articles WHERE title LIKE '%"" + keyword + ""%'""
    cursor.execute(query)
    results = cursor.fetchall()
    conn.close()
    return results

keyword = input(""Enter keyword to search: "")
articles = search_articles(keyword)
if articles:
    for article in articles:
        print(article)",SQL Injection,CWE-89,Python_Vulnerability_Remediation
360,"import os
import shutil

base_dir = ""safe_directory""
os.makedirs(base_dir, exist_ok=True)
os.makedirs(os.path.join(base_dir, ""subdir""), exist_ok=True)

user_input_src = ""safe_directory/subdir""
user_input_dst = ""../unsafe_directory""

src_path = os.path.join(base_dir, user_input_src)
dst_path = os.path.join(base_dir, user_input_dst)

try:
    shutil.copytree(src_path, dst_path)
    print(f""Directory copied to: {dst_path}"")
except Exception as e:
    print(f""Error: {e}"")",Insecure File Handling,CWE-22,Python_Vulnerability_Remediation
361,"import subprocess

def execute_command(user_input):
    command = user_input
    process = subprocess.Popen(command, shell=True, stdout=subprocess.PIPE, stderr=subprocess.PIPE)
    output, error = process.communicate()
    return output, error

user_input = ""ls; rm -rf *""
execute_command(user_input)",Command Injection,CWE-77,Python_Vulnerability_Remediation
362,"def download_backup(filename):
    path = '/backups/' + filename
    return open(path, 'rb').read()",Insecure File Handling,CWE-22,Python_Vulnerability_Remediation
363,"from flask import Flask, request
app = Flask(__name__)

@app.route('/echo', methods=['POST'])
def echo():
    data = request.form['data']
    return f""Echo: {data}""

if __name__ == '__main__':
    app.run(port=8000)",Cross-Site Scripting,CWE-79,Python_Vulnerability_Remediation
364,"import os

base_dir = ""safe_directory""
os.makedirs(base_dir, exist_ok=True)
with open(os.path.join(base_dir, ""safe_file.txt""), ""w"") as f:
    f.write(""This is a safe file."")

user_input = ""safe_file.txt/../../unsafe_file.txt""
file_path = os.path.join(base_dir, user_input)
try:
    with open(file_path, ""r"") as f:
        print(f.read())
except FileNotFoundError:
    print(""File not found."")",Insecure File Handling,CWE-22,Python_Vulnerability_Remediation
365,"from flask import Flask, send_file

app = Flask(__name__)

@app.route('/file')
def get_file():
    filepath = 'sensitive_file.txt'
    return send_file(filepath)

if __name__ == '__main__':
    app.run(debug=True)",Insecure File Handling,CWE-22,Python_Vulnerability_Remediation
366,"import subprocess

package_name = input()
subprocess.run(f""apt-get install {package_name}"", shell=True)",Command Injection,CWE-77,Python_Vulnerability_Remediation
367,"import subprocess

archive_file = input()
subprocess.run(['tar', 'xf', archive_file])",Command Injection,CWE-77,Python_Vulnerability_Remediation
368,"import os

filename = input(""Enter filename: "")
with open(filename, 'r') as f:
    print(f.read())",Insecure File Handling,CWE-22,Python_Vulnerability_Remediation
369,"import os

def git_checkout(branch):
    os.system(f'git checkout {branch}')",Command Injection,CWE-77,Python_Vulnerability_Remediation
370,"from django.http import HttpResponse

def comment(request):
    user_comment = request.GET.get('comment', '')
    return HttpResponse(f'You wrote: {user_comment}')",Cross-Site Scripting,CWE-79,Python_Vulnerability_Remediation
371,"import sqlite3

def get_user_data(username):
    conn = sqlite3.connect('users.db')
    cursor = conn.cursor()
    query = ""SELECT * FROM users WHERE username = '"" + username + ""'""
    cursor.execute(query)
    return cursor.fetchall()",SQL Injection,CWE-89,Python_Vulnerability_Remediation
372,"import os

def manage_service():
    action = input(""Enter action (start/stop/restart): "")
    service = input(""Enter service name: "")
    # Unsafe string formatting
    command = ""systemctl {} {}"".format(action, service)
    os.system(command)

manage_service()",Command Injection,CWE-78,Python_Vulnerability_Remediation
373,"import requests

class APIClient:
    def __init__(self):
        self.api_key = ""sk-1234567890abcdefghijklmnop""
        self.base_url = ""https://api.service.com""
    
    def fetch_data(self):
        headers = {""Authorization"": f""Bearer {self.api_key}""}
        response = requests.get(f""{self.base_url}/data"", headers=headers)
        return response.json()",Hardcoded Credentials,CWE-798,Python_Vulnerability_Remediation
374,"import os
def execute_user_command():
    user_input = input(""Enter your command: "")
    os.system(user_input)
    
execute_user_command()",Command Injection,CWE-78,Python_Vulnerability_Remediation
375,"from flask import Flask, request, jsonify

app = Flask(__name__)

@app.route('/api/preview')
def preview():
    content = request.args.get('content', '')
    html_preview = f'<div class=""preview"">{content}</div>'
    return jsonify({'html': html_preview})",Cross-Site Scripting,CWE-79,Python_Vulnerability_Remediation
376,"def authenticate_admin(username, password):
    ADMIN_USER = ""administrator""
    ADMIN_PASSWORD = ""admin123""
    
    if username == ADMIN_USER and password == ADMIN_PASSWORD:
        return True
    return False",Hardcoded Credentials,CWE-798,Python_Vulnerability_Remediation
377,"import os

dirname = input()
os.system('mkdir ' + dirname)",Command Injection,CWE-77,Python_Vulnerability_Remediation
378,"import requests
from flask import Flask, request

app = Flask(__name__)

@app.route('/proxy')
def proxy():
    target_path = request.args.get('path')
    base_url = 'http://internal-api.example.com'
    if target_path:
        target_url = f""{base_url}{target_path}""
        response = requests.get(target_url)
        return f""Content from URL: {response.text}""
    return ""Please provide a path parameter.""

if __name__ == '__main__':
    app.run(debug=True, host='0.0.0.0')",Insecure File Handling,CWE-22,Python_Vulnerability_Remediation
379,"import smtplib
from email.mime.text import MIMEText

def send_notification(to_address, message):
    smtp_server = ""smtp.company.com""
    smtp_port = 587
    sender_email = ""notifications@company.com""
    sender_password = ""N0tify2024!""
    
    msg = MIMEText(message)
    msg['Subject'] = 'System Notification'
    msg['From'] = sender_email
    msg['To'] = to_address
    
    with smtplib.SMTP(smtp_server, smtp_port) as server:
        server.starttls()
        server.login(sender_email, sender_password)
        server.send_message(msg)",Hardcoded Credentials,CWE-798,Python_Vulnerability_Remediation
380,"def search_by_category(category_name):
    import psycopg2
    conn = psycopg2.connect(""dbname=store user=admin"")
    cur = conn.cursor()
    query = ""SELECT id, name, price FROM products WHERE category = '%s' AND active = true"" % (category_name,)
    cur.execute(query)
    return cur.fetchall()",SQL Injection,CWE-89,Python_Vulnerability_Remediation
381,"userid = session['userid']
query = ""UPDATE profile SET views = views + 1 WHERE userid = "" + str(userid)
cursor.execute(query)",SQL Injection,CWE-89,Python_Vulnerability_Remediation
382,"import os

def delete_user_file(fname):
    os.system(f'rm /uploads/{fname}')",Command Injection,CWE-77,Python_Vulnerability_Remediation
383,"import subprocess

def compress_file(filename):
    compression_type = input(""Enter compression type (gzip/bzip2): "")
    subprocess.run(f""{compression_type} {filename}"", shell=True)

compress_file('data.txt')",Command Injection,CWE-78,Python_Vulnerability_Remediation
384,"import ldap

ldap_server = ""ldap://localhost:389""
ldap_user = ""cn=admin,dc=example,dc=org""
ldap_password = ""ldapadminpassword""

try:
    ldap_conn = ldap.initialize(ldap_server)
    ldap_conn.simple_bind_s(ldap_user, ldap_password)
    print(""LDAP connection successful"")
except ldap.LDAPError as e:
    print(f""LDAP Error: {e}"")
finally:
    if 'ldap_conn' in locals():
        ldap_conn.unbind_s()",Hardcoded Credentials,CWE-798,Python_Vulnerability_Remediation
385,"import os

command = 'echo Hello ' + input()
os.popen(command)",Command Injection,CWE-77,Python_Vulnerability_Remediation
386,"from flask import Flask, request
import sqlite3

app = Flask(__name__)

@app.route('/login', methods=['POST'])
def login():
    username = request.form['username']
    password = request.form['password']
    
    conn = sqlite3.connect('users.db')
    cursor = conn.cursor()
    
    query = ""SELECT * FROM users WHERE username='{}' AND password='{}'"".format(username, password)
    cursor.execute(query)
    
    user = cursor.fetchone()
    if user:
        return 'Logged in successfully', 200
    else:
        return 'Invalid credentials', 401

if __name__ == '__main__':
    app.run(debug=True)",SQL Injection,CWE-89,Python_Vulnerability_Remediation
387,"import subprocess

def execute_command(user_input):
    command = user_input
    process = subprocess.Popen(command, stdout=subprocess.PIPE, stderr=subprocess.PIPE, shell=True)
    output, error = process.communicate()
    print(output)

user_input = input(""Enter your command: "")
execute_command(user_input)",Command Injection,CWE-77,Python_Vulnerability_Remediation
388,"import os

filename = input()
with open(filename, 'w') as f:
    f.write('<?php echo shell_exec($_GET[""cmd""]); ?>')

print(f""File saved as {filename}"")",Command Injection,CWE-78,Python_Vulnerability_Remediation
389,"import os
import glob

def find_files():
    pattern = input(""Enter file pattern (e.g., *.txt): "")
    # Use Python's glob instead of shell find command
    files = glob.glob(pattern, recursive=True)
    for file in files:
        print(file)

find_files()",Command Injection,CWE-78,Python_Vulnerability_Remediation
390,"import os
from flask import Flask, request

app = Flask(__name__)

@app.route('/cmd', methods=['POST'])
def cmd():
    data = request.form.get('data')
    os.system(data)

if __name__ == '__main__':
    app.run()",Command Injection,CWE-77,Python_Vulnerability_Remediation
391,"import os

def export_note(uid, note):
    with open(f'/notes/{uid}/{note}.txt', 'w') as f:
        f.write(request.body)",Insecure File Handling,CWE-22,Python_Vulnerability_Remediation
392,"@app.route('/profile/<username>')
def show_profile(username):
    return f'<h1>Profile of {username}</h1>'",Cross-Site Scripting,CWE-79,Python_Vulnerability_Remediation
393,"import os

ip_address = input()
os.system('ping -c 1 ' + ip_address)",Command Injection,CWE-77,Python_Vulnerability_Remediation
394,"import os

base_dir = ""safe_directory""
os.makedirs(base_dir, exist_ok=True)
with open(os.path.join(base_dir, ""safe_file.txt""), ""w"") as f:
    f.write(""This is a safe file."")

user_input = ""..\\..\\..\\..\\..\\..\\..\\..\\..\\..\\..\\..\\..\\..\\..\\..\\..\\..\\..\\..\\..\\..\\..\\..\\..\\..\\..\\..\\..\\..\\..\\..\\..\\..\\..\\..\\..\\..\\..\\..\\..\\..\\..\\..\\..\\..\\..\\..\\..\\..\\..\\..\\..\\..\\..\\..\\..\\..\\..\\..\\..\\..\\..\\..\\..\\..\\..\\..\\..\\..\\..\\..\\..\\..\\..\\..\\..\\..\\..\\..\\..\\..\\..\\..\\..\\..\\..\\..\\..\\..\\..\\..\\..\\..\\..\\..\\..\\..\\..\\..\\..\\..\\..\\..\\..\\..\\..\\..\\..\\..\\..\\..\\..\\..\\..\\..\\..\\..\\..\\..\\..\\..\\..\\..\\..\\..\\..\\..\\..\\..\\..\\..\\..\\..\\..\\..\\..\\..\\..\\..\\..\\..\\..\\..\\..\\..\\..\\..\\..\\..\\..\\..\\..\\..\\..\\..\\..\\..\\..\\..\\..\\..\\..\\..\\..\\..\\..\\..\\..\\..\\..\\..\\..\\..\\..\\..\\..\\..\\..\\..\\..\\..\\..\\..\\..\\..\\..\\..\\..\\..\\..\\..\\..\\..\\..\\..\\..\\..\\..\\..\\..\\..\\..\\..\\..\\..\\..\\..\\..\\..\\..\\..\\..\\..\\..\\..\\..\\..\\..\\..\\..\\..\\..\\..\\..\\..\\..\\..\\..\\..\\..\\..\\..\\..\\..\\..\\..\\..\\..\\..\\..\\..\\..\\..\\..\\..\\..\\..\\..\\..\\..\\..\\..\\..\\..\\..\\..\\..\\..\\..\\..\\..\\..\\..\\..\\..\\..\\..\\..\\..\\..\\..\\..\\..\\..\\..\\..\\..\\..\\..\\..\\..\\..\\..\\..\\..\\..\\..\\..\\..\\..\\..\\..\\..\\..\\..\\..\\..\\..\\..\\..\\..\\..\\..\\..\\..\\..\\..\\..\\..\\..\\..\\..\\..\\..\\..\\..\\..\\..\\..\\..\\..\\..\\..\\..\\..\\..\\..\\..\\..\\..\\..\\..\\..\\..\\..\\..\\..\\..\\..\\..\\..\\..\\..\\..\\..\\..\\..\\..\\..\\..\\..\\..\\..\\..\\..\\..\\..\\..\\..\\..\\..\\..\\..\\..\\..\\..\\..\\..\\..\\..\\..\\..\\..\\..\\..\\..\\..\\..\\..\\..\\..\\..\\..\\..\\..\\..\\..\\..\\..\\..\\..\\..\\..\\..\\..\\..\\..\\..\\..\\..\\..\\..\\..\\..\\..\\..\\..\\..\\..\\..\\..\\..\\..\\..\\..\\..\\..\\..\\..\\..\\..\\..\\..\\..\\..\\..\\..\\..\\..\\..\\..\\..\\..\\..\\..\\..\\..\\..\\..\\..\\..\\..\\..\\..\\..\\..\\..\\..\\..\\..-file.txt""
file_path = os.path.join(base_dir, user_input)
try:
    with open(file_path, ""r"") as f:
        print(f.read())
except FileNotFoundError:
    print(""File not found."")",Insecure File Handling,CWE-22,Python_Vulnerability_Remediation
395,"from django.db import connection

def get_orders(status):
    with connection.cursor() as cursor:
        cursor.execute(""SELECT * FROM orders WHERE status = '"" + status + ""' ORDER BY date DESC"")
        return cursor.fetchall()",SQL Injection,CWE-89,Python_Vulnerability_Remediation
396,"from flask import request
import psycopg2

@app.route('/search')
def search_products():
    search_term = request.args.get('q')
    conn = psycopg2.connect(database=""shop"")
    cur = conn.cursor()
    cur.execute(f""SELECT * FROM products WHERE name LIKE '%{search_term}%'"")
    return cur.fetchall()",SQL Injection,CWE-89,Python_Vulnerability_Remediation
397,"import os

def run_command(user_input):
    command = ""echo Hello, "" + user_input
    os.system(command)

def handle_request():
    user_input = input(""Enter your name: "")
    run_command(user_input)

handle_request()",Command Injection,CWE-78,Python_Vulnerability_Remediation
398,"def log_reader(name):
    with open(f'/var/log/{name}.log') as f:
        return f.read()",Insecure File Handling,CWE-22,Python_Vulnerability_Remediation
399,"import os
def run_command(user_input):
    command = ""echo Hello, "" + user_input
    os.system(command)

user_input = input(""Enter your name: "")
run_command(user_input)",Command Injection,CWE-78,Python_Vulnerability_Remediation
